SeniorCitizen,Partner,Dependents,tenure,MultipleLines,InternetService,OnlineSecurity,OnlineBackup,DeviceProtection,TechSupport,StreamingTV,StreamingMovies,Contract,PaperlessBilling,PaymentMethod,MonthlyCharges,TotalCharges
No,Yes,No,1,No phone service,DSL,No,Yes,No,No,No,No,Month-to-month,Yes,Electronic check,29.85,3.4291367503513968
No,No,No,34,No,DSL,Yes,No,Yes,No,No,No,One year,No,Mailed check,56.95,7.544596623330987
No,No,No,2,No,DSL,Yes,Yes,No,No,No,No,Month-to-month,Yes,Mailed check,53.85,4.692723082995953
No,No,No,45,No phone service,DSL,Yes,No,Yes,Yes,No,No,One year,No,Bank transfer (automatic),42.3,7.518471485562923
No,No,No,2,No,Fiber optic,No,No,No,No,No,No,Month-to-month,Yes,Electronic check,70.7,5.028147719180887
No,No,No,8,Yes,Fiber optic,No,No,Yes,No,Yes,Yes,Month-to-month,Yes,Electronic check,99.65,6.711131937477322
No,No,Yes,22,Yes,Fiber optic,No,Yes,No,No,Yes,No,Month-to-month,Yes,Credit card (automatic),89.1,7.575789758727007
No,No,No,10,No phone service,DSL,Yes,No,No,No,No,No,Month-to-month,No,Mailed check,29.75,5.713402718033191
No,Yes,No,28,Yes,Fiber optic,No,No,Yes,Yes,Yes,Yes,Month-to-month,Yes,Electronic check,104.8,8.02192918843427
No,No,Yes,62,No,DSL,Yes,Yes,No,No,No,No,One year,No,Bank transfer (automatic),56.15,8.15735611033029
No,Yes,Yes,13,No,DSL,Yes,No,No,No,No,No,Month-to-month,Yes,Mailed check,49.95,6.377491961323671
No,No,No,16,No,No,No internet service,No internet service,No internet service,No internet service,No internet service,No internet service,Two year,No,Credit card (automatic),18.95,5.792403666309729
No,Yes,No,58,Yes,Fiber optic,No,No,Yes,No,Yes,Yes,One year,No,Credit card (automatic),100.35,8.645076161696084
No,No,No,49,Yes,Fiber optic,No,Yes,Yes,No,Yes,Yes,Month-to-month,Yes,Bank transfer (automatic),103.7,8.524625503233533
No,No,No,25,No,Fiber optic,Yes,No,Yes,Yes,Yes,Yes,Month-to-month,Yes,Electronic check,105.5,7.8961992165555
No,Yes,Yes,69,Yes,Fiber optic,Yes,Yes,Yes,Yes,Yes,Yes,Two year,No,Credit card (automatic),113.25,8.974130577893364
No,No,No,52,No,No,No internet service,No internet service,No internet service,No internet service,No internet service,No internet service,One year,No,Mailed check,20.65,6.931422976282321
No,No,Yes,71,Yes,Fiber optic,Yes,No,Yes,No,Yes,Yes,Two year,No,Bank transfer (automatic),106.7,8.906969200059761
No,Yes,Yes,10,No,DSL,No,No,Yes,Yes,No,No,Month-to-month,No,Credit card (automatic),55.2,6.271649838789389
No,No,No,21,No,Fiber optic,No,Yes,Yes,No,No,Yes,Month-to-month,Yes,Electronic check,90.05,7.530426345737758
Yes,No,No,1,No phone service,DSL,No,No,Yes,No,No,Yes,Month-to-month,Yes,Electronic check,39.65,3.7049988359938197
No,Yes,No,12,No,No,No internet service,No internet service,No internet service,No internet service,No internet service,No internet service,One year,No,Bank transfer (automatic),19.8,5.31443674842792
No,No,No,1,No,No,No internet service,No internet service,No internet service,No internet service,No internet service,No internet service,Month-to-month,No,Mailed check,20.15,3.0516399054922867
No,Yes,No,58,Yes,DSL,No,Yes,No,Yes,No,No,Two year,Yes,Credit card (automatic),59.9,8.16225958760722
No,Yes,Yes,49,No,DSL,Yes,Yes,No,Yes,No,No,Month-to-month,No,Credit card (automatic),59.6,7.996754846467186
No,No,No,30,No,DSL,Yes,Yes,No,No,No,No,Month-to-month,Yes,Bank transfer (automatic),55.3,7.3340682196031395
No,Yes,Yes,47,Yes,Fiber optic,No,Yes,No,No,Yes,Yes,Month-to-month,Yes,Electronic check,99.35,8.46593147547745
No,Yes,Yes,1,No phone service,DSL,No,Yes,No,No,No,No,Month-to-month,No,Electronic check,30.2,3.4404180948154366
No,Yes,No,72,Yes,DSL,Yes,Yes,Yes,Yes,Yes,Yes,Two year,Yes,Credit card (automatic),90.25,8.759425389713137
No,No,Yes,17,No,DSL,No,No,No,No,Yes,Yes,Month-to-month,Yes,Mailed check,64.7,6.9976873864827445
Yes,Yes,No,71,Yes,Fiber optic,Yes,Yes,Yes,Yes,No,No,Two year,Yes,Credit card (automatic),96.35,8.819953513551914
Yes,Yes,No,2,No,Fiber optic,No,No,Yes,No,Yes,Yes,Month-to-month,Yes,Credit card (automatic),95.5,5.207571753241291
No,Yes,Yes,27,No,DSL,Yes,Yes,Yes,Yes,No,No,One year,No,Mailed check,66.15,7.536603909609118
No,No,No,1,No,No,No internet service,No internet service,No internet service,No internet service,No internet service,No internet service,Month-to-month,No,Bank transfer (automatic),20.2,3.054001181677967
Yes,No,No,1,No,DSL,No,No,No,No,No,No,Month-to-month,No,Bank transfer (automatic),45.25,3.834061463958434
No,Yes,Yes,72,Yes,Fiber optic,Yes,Yes,No,Yes,Yes,No,Two year,No,Bank transfer (automatic),99.9,8.88912909231302
No,No,No,5,No,Fiber optic,No,No,No,No,No,No,Month-to-month,Yes,Electronic check,69.7,5.761736867916757
No,No,No,46,No,Fiber optic,No,No,Yes,No,No,No,Month-to-month,Yes,Credit card (automatic),74.8,8.174505679927726
No,No,No,34,Yes,Fiber optic,No,Yes,Yes,No,Yes,Yes,Month-to-month,Yes,Electronic check,106.35,8.174773302525123
No,No,No,11,Yes,Fiber optic,No,No,Yes,No,Yes,Yes,Month-to-month,Yes,Bank transfer (automatic),97.85,7.008866780350549
No,Yes,Yes,10,No,DSL,No,Yes,No,No,No,No,One year,No,Mailed check,49.55,6.16688736221078
No,Yes,Yes,70,Yes,DSL,Yes,Yes,No,No,Yes,No,Two year,Yes,Credit card (automatic),69.2,8.491536864602452
No,Yes,Yes,17,No,No,No internet service,No internet service,No internet service,No internet service,No internet service,No internet service,One year,No,Mailed check,20.75,6.038467400703318
No,No,No,63,Yes,DSL,Yes,Yes,Yes,Yes,Yes,No,Two year,Yes,Credit card (automatic),79.85,8.489297705097483
No,Yes,No,13,Yes,DSL,Yes,Yes,No,Yes,Yes,No,Month-to-month,Yes,Electronic check,76.2,6.890049451863205
No,No,No,49,Yes,Fiber optic,No,No,No,No,No,Yes,Month-to-month,Yes,Electronic check,84.5,8.270704244607035
No,No,No,2,No,DSL,No,Yes,No,No,No,No,Month-to-month,No,Mailed check,49.25,4.584967478670572
No,No,No,2,No,Fiber optic,No,No,No,No,Yes,No,Month-to-month,Yes,Electronic check,80.65,4.977767690470639
No,No,No,52,Yes,DSL,Yes,No,No,Yes,Yes,Yes,Two year,Yes,Credit card (automatic),79.75,8.347306006402459
No,Yes,Yes,69,Yes,DSL,Yes,No,Yes,Yes,No,No,Two year,Yes,Credit card (automatic),64.15,8.355873542493944
Yes,No,No,43,Yes,Fiber optic,No,Yes,No,No,Yes,No,Month-to-month,Yes,Electronic check,90.25,8.253162539295738
No,No,No,15,No,Fiber optic,Yes,Yes,No,No,Yes,Yes,Month-to-month,Yes,Credit card (automatic),99.1,7.263609886536967
Yes,Yes,No,25,Yes,DSL,Yes,No,No,Yes,Yes,No,Month-to-month,Yes,Credit card (automatic),69.5,7.4694546091209375
Yes,Yes,No,8,Yes,Fiber optic,No,Yes,No,No,No,No,Month-to-month,Yes,Credit card (automatic),80.65,6.4525220286398515
Yes,Yes,Yes,60,No,DSL,Yes,Yes,Yes,Yes,No,Yes,One year,Yes,Credit card (automatic),74.85,8.402309698021336
Yes,No,No,18,Yes,Fiber optic,No,No,No,No,Yes,Yes,Month-to-month,Yes,Electronic check,95.45,7.4693975835734765
No,Yes,Yes,63,Yes,Fiber optic,Yes,No,No,No,Yes,Yes,One year,Yes,Credit card (automatic),99.65,8.750239547701803
Yes,Yes,Yes,66,Yes,Fiber optic,No,Yes,Yes,Yes,Yes,Yes,One year,Yes,Electronic check,108.45,8.864654822837052
No,Yes,Yes,34,Yes,No,No internet service,No internet service,No internet service,No internet service,No internet service,No internet service,Two year,No,Credit card (automatic),24.95,6.7971588576401105
No,No,No,72,Yes,Fiber optic,No,No,Yes,Yes,Yes,Yes,Two year,Yes,Credit card (automatic),107.5,8.968867357726134
No,Yes,No,47,Yes,Fiber optic,No,No,Yes,No,Yes,Yes,Month-to-month,Yes,Electronic check,100.5,8.457039708596394
No,No,No,60,Yes,Fiber optic,No,Yes,No,No,Yes,No,Month-to-month,Yes,Bank transfer (automatic),89.9,8.603682765623805
No,Yes,No,72,No phone service,DSL,Yes,Yes,Yes,No,No,No,Two year,No,Bank transfer (automatic),42.1,7.993957547573565
No,Yes,Yes,18,No,DSL,No,No,Yes,Yes,No,No,One year,Yes,Credit card (automatic),54.4,6.864952156656828
No,No,No,9,Yes,Fiber optic,No,No,No,No,Yes,Yes,Month-to-month,No,Electronic check,94.4,6.754895432337801
No,No,No,3,No,DSL,No,Yes,No,Yes,Yes,Yes,Month-to-month,Yes,Electronic check,75.3,5.501666290534067
No,Yes,No,47,Yes,Fiber optic,No,Yes,No,No,No,No,One year,Yes,Electronic check,78.9,8.202852241207772
No,No,No,31,No,DSL,No,Yes,Yes,Yes,Yes,Yes,Two year,No,Mailed check,79.2,7.823325751531809
No,Yes,Yes,50,No,No,No internet service,No internet service,No internet service,No internet service,No internet service,No internet service,Two year,No,Bank transfer (automatic),20.15,6.83722551279161
No,No,No,10,No,Fiber optic,Yes,No,Yes,No,No,No,Month-to-month,Yes,Mailed check,79.85,6.789365809481915
No,No,No,1,No,DSL,No,No,No,Yes,No,No,Month-to-month,No,Mailed check,49.05,3.9130225057612296
No,Yes,Yes,52,No,No,No internet service,No internet service,No internet service,No internet service,No internet service,No internet service,One year,Yes,Electronic check,20.4,6.995445592109125
Yes,Yes,Yes,64,Yes,Fiber optic,Yes,No,Yes,Yes,Yes,Yes,Two year,Yes,Bank transfer (automatic),111.6,8.867850063029406
No,Yes,Yes,62,Yes,No,No internet service,No internet service,No internet service,No internet service,No internet service,No internet service,Two year,Yes,Bank transfer (automatic),24.25,7.262348056716545
No,No,Yes,3,No,DSL,Yes,No,No,Yes,No,Yes,Month-to-month,Yes,Bank transfer (automatic),64.5,5.184028220145909
Yes,No,No,56,Yes,Fiber optic,Yes,Yes,Yes,No,Yes,Yes,One year,No,Electronic check,110.5,8.722661451050438
No,No,No,46,No,DSL,No,No,No,No,No,Yes,One year,No,Credit card (automatic),55.65,7.8972407089593375
No,Yes,Yes,8,No,DSL,Yes,Yes,No,No,No,No,Month-to-month,No,Mailed check,54.65,6.18053411808844
Yes,No,No,30,No,DSL,Yes,Yes,No,No,Yes,Yes,Month-to-month,Yes,Electronic check,74.75,7.655532680193197
No,Yes,Yes,45,Yes,No,No internet service,No internet service,No internet service,No internet service,No internet service,No internet service,One year,Yes,Credit card (automatic),25.9,7.104636987107422
No,No,Yes,1,No,Fiber optic,No,No,No,No,Yes,No,Month-to-month,Yes,Electronic check,79.35,4.386392092183521
No,Yes,Yes,11,No phone service,DSL,Yes,No,No,No,Yes,Yes,Month-to-month,No,Electronic check,50.55,6.339212261646723
No,Yes,No,7,No,Fiber optic,No,No,Yes,No,No,No,Month-to-month,Yes,Bank transfer (automatic),75.15,6.210399253648137
No,No,No,42,No,Fiber optic,No,Yes,Yes,Yes,Yes,Yes,Month-to-month,Yes,Bank transfer (automatic),103.8,8.372976340655828
No,Yes,No,49,No,No,No internet service,No internet service,No internet service,No internet service,No internet service,No internet service,Two year,Yes,Bank transfer (automatic),20.15,6.881770582010144
No,No,No,9,Yes,Fiber optic,No,Yes,No,No,Yes,Yes,Month-to-month,Yes,Credit card (automatic),99.3,6.824101893984884
No,Yes,No,35,No,DSL,Yes,No,No,No,Yes,No,One year,Yes,Bank transfer (automatic),62.15,7.703662095843597
No,Yes,Yes,48,No,No,No internet service,No internet service,No internet service,No internet service,No internet service,No internet service,Two year,No,Bank transfer (automatic),20.65,6.964135612418245
No,Yes,Yes,46,No,No,No internet service,No internet service,No internet service,No internet service,No internet service,No internet service,Two year,Yes,Mailed check,19.95,6.833139485601347
No,Yes,No,29,No phone service,DSL,No,No,No,No,Yes,No,Month-to-month,No,Mailed check,33.75,6.917953103958583
No,Yes,Yes,30,No,Fiber optic,No,Yes,Yes,No,No,No,Month-to-month,No,Bank transfer (automatic),82.05,7.852127994983248
Yes,No,No,1,No,Fiber optic,No,No,No,Yes,No,No,Month-to-month,No,Electronic check,74.7,4.3267781604434035
No,Yes,Yes,66,Yes,DSL,Yes,No,Yes,Yes,Yes,Yes,Two year,Yes,Mailed check,84.0,8.65089331980408
No,No,No,65,Yes,Fiber optic,Yes,Yes,Yes,No,Yes,Yes,Month-to-month,Yes,Credit card (automatic),111.05,8.868976189274543
No,No,No,72,Yes,Fiber optic,No,Yes,Yes,No,Yes,Yes,Two year,Yes,Bank transfer (automatic),100.9,8.917317395588213
No,No,No,12,Yes,Fiber optic,Yes,No,No,No,No,No,Month-to-month,Yes,Electronic check,78.95,6.83340881685348
No,Yes,Yes,71,Yes,DSL,Yes,Yes,No,Yes,No,No,One year,Yes,Credit card (automatic),66.85,8.465836737139407
No,No,No,5,No,No,No internet service,No internet service,No internet service,No internet service,No internet service,No internet service,Month-to-month,No,Mailed check,21.05,4.743626929135107
No,No,No,52,No,No,No internet service,No internet service,No internet service,No internet service,No internet service,No internet service,Two year,No,Bank transfer (automatic),21.0,7.010492356433249
Yes,Yes,No,25,No,Fiber optic,No,Yes,Yes,No,Yes,Yes,Month-to-month,Yes,Electronic check,98.5,7.830226869931373
No,No,No,1,No,No,No internet service,No internet service,No internet service,No internet service,No internet service,No internet service,Month-to-month,No,Mailed check,20.2,3.054001181677967
No,Yes,Yes,1,No,No,No internet service,No internet service,No internet service,No internet service,No internet service,No internet service,Month-to-month,No,Electronic check,19.45,3.017982882488811
No,No,No,38,Yes,Fiber optic,No,No,Yes,Yes,Yes,No,One year,No,Bank transfer (automatic),95.0,8.190520779273172
Yes,Yes,No,66,No phone service,DSL,No,Yes,Yes,No,Yes,No,One year,No,Bank transfer (automatic),45.55,8.015740173896912
No,Yes,No,68,Yes,Fiber optic,No,Yes,Yes,Yes,Yes,Yes,Two year,Yes,Bank transfer (automatic),110.0,8.937592887972736
No,No,No,5,No phone service,DSL,No,No,No,No,No,No,Month-to-month,No,Mailed check,24.3,4.617098756853365
No,Yes,Yes,72,Yes,Fiber optic,Yes,Yes,No,No,Yes,Yes,One year,Yes,Electronic check,104.15,8.896184267815448
No,No,No,32,No phone service,DSL,Yes,No,No,No,No,No,One year,No,Mailed check,30.15,6.833731918633351
No,No,No,43,Yes,Fiber optic,No,No,No,No,Yes,Yes,One year,No,Mailed check,94.35,8.274433495416885
No,Yes,Yes,72,No,No,No internet service,No internet service,No internet service,No internet service,No internet service,No internet service,Two year,No,Credit card (automatic),19.4,7.218360106066341
No,Yes,No,55,Yes,Fiber optic,Yes,Yes,No,No,Yes,No,Month-to-month,Yes,Electronic check,96.75,8.564057693163521
No,No,No,52,No,DSL,Yes,No,Yes,Yes,No,No,One year,No,Credit card (automatic),57.95,8.020681302289706
No,No,No,43,No,Fiber optic,No,Yes,Yes,No,Yes,No,Month-to-month,Yes,Electronic check,91.65,8.282761164332172
Yes,Yes,No,37,Yes,Fiber optic,No,No,No,No,No,No,Month-to-month,Yes,Electronic check,76.5,7.961771097640099
No,Yes,Yes,64,No phone service,DSL,No,Yes,No,Yes,Yes,Yes,Two year,Yes,Electronic check,54.6,8.13871075463796
No,Yes,Yes,3,No,Fiber optic,Yes,Yes,No,No,Yes,No,Month-to-month,No,Electronic check,89.85,5.519058033245936
No,No,No,36,No phone service,DSL,Yes,No,No,No,No,No,Two year,No,Bank transfer (automatic),31.05,7.027625024832521
No,Yes,Yes,10,Yes,Fiber optic,Yes,No,No,No,Yes,Yes,Month-to-month,Yes,Electronic check,100.25,6.971340220607248
No,No,No,41,No,No,No internet service,No internet service,No internet service,No internet service,No internet service,No internet service,Two year,No,Mailed check,20.65,6.728808022827132
No,Yes,Yes,27,Yes,Fiber optic,No,Yes,No,Yes,No,No,Month-to-month,Yes,Credit card (automatic),85.2,7.674431692830198
No,Yes,Yes,56,Yes,Fiber optic,No,No,Yes,No,Yes,Yes,One year,Yes,Credit card (automatic),99.8,8.615489816441348
No,No,No,6,No,No,No internet service,No internet service,No internet service,No internet service,No internet service,No internet service,Month-to-month,No,Mailed check,20.7,4.7340030578310595
No,No,No,3,Yes,Fiber optic,No,No,No,No,No,No,Month-to-month,Yes,Electronic check,74.4,5.440467758652715
No,Yes,Yes,7,No,DSL,Yes,No,No,No,No,No,Month-to-month,No,Mailed check,50.7,5.861782877638206
No,Yes,Yes,4,No,No,No internet service,No internet service,No internet service,No internet service,No internet service,No internet service,Month-to-month,No,Mailed check,20.85,4.157319361383489
No,No,No,33,No,Fiber optic,Yes,No,No,Yes,Yes,No,Two year,Yes,Electronic check,88.95,8.015872254664492
Yes,No,No,27,Yes,Fiber optic,No,No,Yes,No,No,No,Month-to-month,Yes,Electronic check,78.05,7.66692425508408
No,Yes,No,72,Yes,No,No internet service,No internet service,No internet service,No internet service,No internet service,No internet service,Two year,Yes,Bank transfer (automatic),23.55,7.452953343538126
No,No,No,1,No,No,No internet service,No internet service,No internet service,No internet service,No internet service,No internet service,Month-to-month,No,Mailed check,19.75,3.0325462466767075
Yes,No,No,71,No phone service,DSL,Yes,Yes,No,No,Yes,Yes,One year,Yes,Electronic check,56.45,8.290631304243542
No,No,No,13,Yes,Fiber optic,No,No,No,No,No,Yes,Month-to-month,Yes,Electronic check,85.95,7.103856459184463
No,Yes,Yes,25,No phone service,DSL,Yes,Yes,Yes,No,Yes,Yes,Month-to-month,Yes,Credit card (automatic),58.6,7.315650764662011
No,No,No,67,No,DSL,No,No,No,Yes,No,No,Two year,No,Bank transfer (automatic),50.55,8.089819840759192
No,No,No,1,No phone service,DSL,No,No,No,No,No,Yes,Month-to-month,Yes,Electronic check,35.45,3.5959414584546674
No,No,No,2,No,DSL,No,No,No,No,No,No,Month-to-month,No,Electronic check,44.35,4.409763389645481
No,No,No,43,Yes,No,No internet service,No internet service,No internet service,No internet service,No internet service,No internet service,Two year,Yes,Credit card (automatic),25.7,7.081036091123942
No,No,No,23,No,Fiber optic,Yes,No,No,No,No,No,Month-to-month,Yes,Bank transfer (automatic),75.0,7.484087704950247
No,Yes,Yes,64,No,No,No internet service,No internet service,No internet service,No internet service,No internet service,No internet service,Two year,No,Mailed check,20.2,7.153638317265837
No,No,Yes,57,No,No,No internet service,No internet service,No internet service,No internet service,No internet service,No internet service,Two year,Yes,Mailed check,19.6,7.0660829373614416
Yes,Yes,No,1,No,Fiber optic,No,No,No,No,No,No,Month-to-month,Yes,Mailed check,70.45,4.268997904375876
Yes,Yes,Yes,72,Yes,DSL,Yes,Yes,Yes,Yes,Yes,Yes,Two year,Yes,Credit card (automatic),88.05,8.768208686132068
No,No,No,8,Yes,DSL,Yes,No,No,Yes,No,Yes,Month-to-month,No,Electronic check,71.15,6.33620607016968
No,Yes,No,61,Yes,Fiber optic,No,Yes,No,No,Yes,Yes,Two year,Yes,Bank transfer (automatic),101.05,8.694879019805663
No,No,No,64,Yes,Fiber optic,Yes,Yes,No,No,No,No,One year,Yes,Credit card (automatic),84.3,8.573582976603518
Yes,Yes,No,71,Yes,No,No internet service,No internet service,No internet service,No internet service,No internet service,No internet service,Two year,No,Bank transfer (automatic),23.95,7.4714769121016245
No,Yes,Yes,65,Yes,Fiber optic,Yes,Yes,No,Yes,Yes,No,Two year,Yes,Credit card (automatic),99.05,8.766815077043479
No,No,No,3,No,No,No internet service,No internet service,No internet service,No internet service,No internet service,No internet service,One year,No,Mailed check,19.6,4.132763672126045
No,No,No,1,No,DSL,No,No,No,No,No,No,Month-to-month,Yes,Electronic check,45.65,3.8426729272933526
No,No,Yes,30,No,DSL,No,Yes,Yes,No,Yes,No,One year,No,Credit card (automatic),64.5,7.565767388773753
No,Yes,Yes,15,No,DSL,No,Yes,Yes,Yes,No,Yes,Month-to-month,Yes,Mailed check,69.5,6.977654406361804
No,Yes,Yes,8,No,DSL,No,No,No,Yes,Yes,Yes,Month-to-month,Yes,Electronic check,68.55,6.337445008381255
No,No,No,7,Yes,Fiber optic,No,No,No,No,Yes,Yes,Month-to-month,No,Mailed check,95.0,6.486922693742851
No,Yes,Yes,70,Yes,Fiber optic,Yes,Yes,Yes,No,Yes,Yes,One year,Yes,Credit card (automatic),108.15,8.97860375580645
No,Yes,Yes,62,No,DSL,Yes,Yes,Yes,Yes,Yes,Yes,Two year,No,Electronic check,86.1,8.559534031905763
No,Yes,Yes,6,No,No,No internet service,No internet service,No internet service,No internet service,No internet service,No internet service,Month-to-month,No,Mailed check,19.7,4.740574822994295
No,Yes,Yes,14,No,Fiber optic,No,No,No,No,No,Yes,Month-to-month,Yes,Bank transfer (automatic),80.9,7.050816121822789
No,No,No,22,Yes,Fiber optic,No,No,No,No,Yes,No,Month-to-month,Yes,Bank transfer (automatic),84.15,7.508211346984919
No,Yes,Yes,22,No,No,No internet service,No internet service,No internet service,No internet service,No internet service,No internet service,One year,No,Mailed check,20.15,6.042395275776525
No,Yes,Yes,16,No,DSL,Yes,No,Yes,No,Yes,No,Two year,No,Mailed check,64.25,6.932447891572509
No,No,No,10,Yes,No,No internet service,No internet service,No internet service,No internet service,No internet service,No internet service,Two year,No,Bank transfer (automatic),25.7,5.531807209916391
No,No,Yes,13,No,DSL,Yes,Yes,No,No,No,No,Month-to-month,Yes,Electronic check,56.0,6.640594529751104
No,Yes,No,20,Yes,Fiber optic,Yes,No,No,No,No,No,Month-to-month,No,Electronic check,82.4,7.37359399701373
No,No,No,2,No,Fiber optic,No,No,No,No,No,No,Month-to-month,Yes,Electronic check,69.7,4.9141243937154115
No,No,No,53,Yes,DSL,No,Yes,Yes,Yes,No,Yes,Two year,Yes,Bank transfer (automatic),73.9,8.283809892371835
No,Yes,Yes,11,No,No,No internet service,No internet service,No internet service,No internet service,No internet service,No internet service,One year,No,Mailed check,20.6,5.459159891664867
No,Yes,No,69,No,No,No internet service,No internet service,No internet service,No internet service,No internet service,No internet service,Two year,No,Mailed check,19.9,7.2185066960178625
No,No,No,4,No,Fiber optic,No,No,No,No,No,No,Month-to-month,Yes,Bank transfer (automatic),70.9,5.6131281063880705
No,Yes,No,72,Yes,DSL,Yes,Yes,Yes,Yes,Yes,Yes,Two year,Yes,Bank transfer (automatic),89.05,8.741208362759322
Yes,Yes,No,58,No phone service,DSL,No,Yes,Yes,No,No,Yes,Month-to-month,Yes,Electronic check,45.3,7.883144763243498
No,Yes,Yes,16,No,No,No internet service,No internet service,No internet service,No internet service,No internet service,No internet service,Month-to-month,No,Electronic check,20.4,5.775793010632473
No,Yes,No,43,No,Fiber optic,Yes,No,Yes,Yes,No,No,One year,Yes,Bank transfer (automatic),84.25,8.171952625103168
No,Yes,No,2,Yes,Fiber optic,No,No,Yes,Yes,Yes,Yes,Month-to-month,Yes,Electronic check,104.4,5.496348217047172
No,Yes,No,14,No,DSL,No,Yes,Yes,Yes,Yes,Yes,Two year,No,Mailed check,81.95,7.075597514511258
No,Yes,No,53,No,Fiber optic,No,No,Yes,No,Yes,Yes,One year,Yes,Bank transfer (automatic),94.85,8.517433162620845
No,No,No,32,No,No,No internet service,No internet service,No internet service,No internet service,No internet service,No internet service,One year,No,Bank transfer (automatic),20.55,6.485474577945411
No,Yes,No,34,Yes,No,No internet service,No internet service,No internet service,No internet service,No internet service,No internet service,Month-to-month,No,Electronic check,24.7,6.660831199002524
Yes,No,No,15,Yes,Fiber optic,No,No,No,No,No,No,Month-to-month,Yes,Mailed check,74.45,7.044643531044259
Yes,No,No,7,No,Fiber optic,Yes,No,No,No,No,No,Month-to-month,No,Bank transfer (automatic),76.45,6.223766036206958
No,Yes,Yes,15,Yes,Fiber optic,No,Yes,Yes,No,Yes,Yes,Month-to-month,Yes,Bank transfer (automatic),105.35,7.352601343814152
No,Yes,No,61,No,No,No internet service,No internet service,No internet service,No internet service,No internet service,No internet service,One year,Yes,Credit card (automatic),20.55,7.133295954896068
No,No,No,1,No phone service,DSL,No,Yes,No,No,No,No,Month-to-month,No,Bank transfer (automatic),29.95,3.432372999130605
No,No,No,1,No,DSL,No,No,No,No,No,No,Month-to-month,No,Mailed check,45.3,3.835141961092188
No,No,No,8,Yes,Fiber optic,No,No,No,No,No,Yes,Month-to-month,No,Bank transfer (automatic),84.5,6.497754902072211
No,Yes,Yes,33,No,DSL,Yes,No,Yes,No,Yes,Yes,One year,No,Credit card (automatic),74.75,7.805596867187762
No,No,No,13,No,Fiber optic,No,Yes,Yes,No,No,No,Month-to-month,Yes,Electronic check,79.25,7.014499836412125
No,Yes,No,1,No phone service,DSL,No,No,No,No,No,No,Month-to-month,Yes,Electronic check,24.8,3.250374491927572
No,No,No,20,No,DSL,No,Yes,No,No,No,No,Month-to-month,Yes,Mailed check,51.8,6.932301539400137
No,No,No,3,No phone service,DSL,No,No,No,Yes,No,No,Month-to-month,No,Electronic check,30.4,4.420646205638937
No,No,No,13,No,No,No internet service,No internet service,No internet service,No internet service,No internet service,No internet service,One year,No,Electronic check,19.65,5.504518197131935
No,Yes,No,40,Yes,DSL,No,Yes,No,No,No,No,Month-to-month,No,Credit card (automatic),56.6,7.774897782589561
No,Yes,Yes,43,Yes,DSL,Yes,No,No,Yes,No,Yes,One year,Yes,Credit card (automatic),71.9,8.06285816595844
No,Yes,No,6,No,Fiber optic,No,Yes,Yes,No,No,Yes,Month-to-month,Yes,Electronic check,91.0,6.2766434893416445
No,Yes,Yes,69,No,No,No internet service,No internet service,No internet service,No internet service,No internet service,No internet service,Two year,No,Bank transfer (automatic),19.75,7.227226673923325
No,Yes,Yes,72,Yes,Fiber optic,Yes,Yes,Yes,No,Yes,Yes,Two year,No,Credit card (automatic),109.7,9.003353102230058
No,Yes,Yes,59,No,No,No internet service,No internet service,No internet service,No internet service,No internet service,No internet service,Two year,No,Credit card (automatic),19.3,7.084813006100993
No,Yes,No,20,No,Fiber optic,Yes,Yes,No,Yes,Yes,No,Month-to-month,Yes,Electronic check,96.55,7.551002930254652
No,Yes,Yes,24,Yes,No,No internet service,No internet service,No internet service,No internet service,No internet service,No internet service,Two year,Yes,Bank transfer (automatic),24.1,6.377406988727283
No,No,No,59,Yes,Fiber optic,No,Yes,Yes,Yes,Yes,Yes,Month-to-month,Yes,Electronic check,111.35,8.782744678980025
No,Yes,Yes,72,Yes,Fiber optic,No,Yes,Yes,Yes,Yes,Yes,Two year,Yes,Bank transfer (automatic),112.25,8.992513909856259
No,No,Yes,1,No,No,No internet service,No internet service,No internet service,No internet service,No internet service,No internet service,Month-to-month,No,Mailed check,20.75,3.079613757534693
No,Yes,No,27,No,Fiber optic,Yes,No,No,Yes,Yes,Yes,One year,Yes,Credit card (automatic),101.9,7.8943739906893216
No,No,No,14,No,Fiber optic,No,Yes,No,Yes,No,No,Month-to-month,Yes,Credit card (automatic),80.05,7.015083856734662
No,Yes,Yes,71,Yes,Fiber optic,Yes,No,Yes,No,Yes,Yes,Two year,No,Electronic check,105.55,8.910113272022107
No,No,Yes,13,No,Fiber optic,No,No,No,No,Yes,No,Month-to-month,Yes,Credit card (automatic),78.3,6.9421083953538
No,No,No,44,No,Fiber optic,No,No,No,No,No,No,Month-to-month,No,Credit card (automatic),68.85,7.992927655283545
No,No,No,33,No,Fiber optic,No,Yes,No,Yes,No,No,One year,Yes,Bank transfer (automatic),79.95,7.895752530400927
No,Yes,Yes,72,No phone service,DSL,Yes,Yes,Yes,Yes,No,Yes,Two year,Yes,Credit card (automatic),55.45,8.338114371264128
No,No,No,1,No,Fiber optic,No,No,No,No,No,Yes,Month-to-month,No,Electronic check,79.9,4.393213824064446
No,No,No,19,No,Fiber optic,Yes,No,Yes,Yes,Yes,Yes,Month-to-month,Yes,Electronic check,106.6,7.568095136565964
No,Yes,No,64,No,Fiber optic,No,Yes,Yes,Yes,Yes,Yes,One year,Yes,Credit card (automatic),102.45,8.803138757012336
No,No,No,2,No,DSL,No,No,No,No,No,No,Month-to-month,Yes,Credit card (automatic),46.0,4.448516375942715
No,No,No,1,No phone service,DSL,No,No,No,No,No,No,Month-to-month,No,Electronic check,25.25,3.2676659890376327
No,No,Yes,61,No,No,No internet service,No internet service,No internet service,No internet service,No internet service,No internet service,Two year,No,Mailed check,19.75,7.025716076615701
No,Yes,Yes,29,No,No,No internet service,No internet service,No internet service,No internet service,No internet service,No internet service,One year,No,Electronic check,20.0,6.293511696017657
Yes,Yes,No,23,Yes,Fiber optic,No,No,No,No,No,Yes,Month-to-month,No,Electronic check,86.8,7.589259947758008
No,Yes,No,57,No phone service,DSL,Yes,Yes,Yes,No,Yes,Yes,Month-to-month,Yes,Bank transfer (automatic),58.75,8.142776067429795
No,Yes,Yes,72,No phone service,DSL,Yes,Yes,Yes,Yes,No,No,Two year,No,Credit card (automatic),45.25,8.052232823522196
No,Yes,No,66,No phone service,DSL,Yes,Yes,Yes,Yes,Yes,No,Two year,Yes,Bank transfer (automatic),56.6,8.24017406713271
No,Yes,Yes,65,Yes,DSL,No,Yes,Yes,Yes,Yes,Yes,Two year,Yes,Bank transfer (automatic),84.2,8.580261882883221
No,No,No,8,No,Fiber optic,No,No,No,No,Yes,No,Month-to-month,Yes,Bank transfer (automatic),80.0,6.4387111892311015
No,No,No,4,No,Fiber optic,No,No,No,No,No,No,Month-to-month,Yes,Electronic check,70.15,5.596011649126543
No,Yes,No,71,Yes,No,No internet service,No internet service,No internet service,No internet service,No internet service,No internet service,Two year,No,Bank transfer (automatic),24.75,7.516378894471428
No,Yes,Yes,1,No,No,No internet service,No internet service,No internet service,No internet service,No internet service,No internet service,One year,Yes,Electronic check,20.2,3.054001181677967
No,Yes,No,4,No,DSL,No,No,No,Yes,No,No,Month-to-month,No,Mailed check,50.05,5.194899407349548
No,No,No,12,No,No,No internet service,No internet service,No internet service,No internet service,No internet service,No internet service,One year,Yes,Bank transfer (automatic),19.35,5.395217191287996
No,No,No,24,No phone service,DSL,Yes,No,No,No,Yes,Yes,One year,Yes,Mailed check,50.6,7.162203680124759
No,Yes,Yes,31,No,DSL,Yes,No,Yes,Yes,Yes,Yes,One year,Yes,Mailed check,81.15,7.842573315470176
No,Yes,No,1,No,DSL,No,No,No,No,Yes,No,Month-to-month,No,Mailed check,55.2,4.028916756899646
No,No,No,30,Yes,Fiber optic,No,No,No,Yes,No,Yes,Month-to-month,Yes,Credit card (automatic),89.9,7.909911731832617
No,Yes,Yes,47,Yes,DSL,Yes,Yes,No,Yes,Yes,Yes,Two year,Yes,Credit card (automatic),85.3,8.3207524260614
No,No,No,54,Yes,Fiber optic,Yes,Yes,No,Yes,Yes,Yes,Two year,Yes,Credit card (automatic),108.0,8.658979171001915
No,No,No,50,No,Fiber optic,Yes,Yes,No,Yes,No,Yes,Month-to-month,Yes,Credit card (automatic),93.5,8.465584057683007
No,No,No,1,No,Fiber optic,Yes,No,No,No,No,Yes,Month-to-month,Yes,Mailed check,84.6,4.449685283147696
No,No,No,72,No,No,No internet service,No internet service,No internet service,No internet service,No internet service,No internet service,Two year,No,Credit card (automatic),20.25,7.357492423366405
No,No,No,29,Yes,No,No internet service,No internet service,No internet service,No internet service,No internet service,No internet service,Month-to-month,No,Electronic check,25.15,6.555356891810665
No,No,No,2,Yes,DSL,No,Yes,No,No,No,No,Month-to-month,Yes,Mailed check,54.4,4.745801315727837
No,No,No,10,No phone service,DSL,No,No,No,Yes,No,No,Two year,Yes,Mailed check,29.6,5.703949127435522
No,Yes,No,18,Yes,Fiber optic,No,No,No,No,No,No,Month-to-month,Yes,Electronic check,73.15,7.175451457345406
Yes,No,No,11,No,Fiber optic,No,Yes,No,No,Yes,Yes,Month-to-month,Yes,Electronic check,95.0,7.022244005466835
No,No,No,16,No,No,No internet service,No internet service,No internet service,No internet service,No internet service,No internet service,Two year,No,Mailed check,19.75,5.653716496982717
No,No,No,72,Yes,DSL,No,Yes,Yes,Yes,Yes,Yes,Two year,No,Bank transfer (automatic),86.6,8.756446284463516
No,No,No,72,Yes,Fiber optic,No,Yes,Yes,Yes,Yes,Yes,Two year,No,Bank transfer (automatic),109.2,8.971994346418777
No,Yes,Yes,41,No,DSL,Yes,No,No,Yes,Yes,Yes,One year,Yes,Credit card (automatic),74.7,8.067352908713396
Yes,Yes,No,65,No,Fiber optic,Yes,Yes,Yes,No,No,Yes,Month-to-month,No,Electronic check,94.4,8.72048499422784
Yes,No,No,13,No,DSL,No,Yes,Yes,No,No,No,Month-to-month,Yes,Electronic check,54.8,6.596190266067024
Yes,No,No,4,No,Fiber optic,Yes,No,No,No,No,No,Month-to-month,No,Electronic check,75.35,5.61458689585173
No,No,No,41,Yes,DSL,No,No,Yes,No,No,Yes,One year,No,Mailed check,65.0,7.837080689126748
Yes,No,No,15,No,Fiber optic,No,Yes,No,No,No,No,Month-to-month,Yes,Electronic check,74.4,6.980354971396481
No,No,No,1,No,DSL,Yes,No,No,No,No,No,Month-to-month,Yes,Mailed check,48.55,3.902982260775997
No,No,No,42,Yes,Fiber optic,Yes,Yes,Yes,No,No,Yes,One year,Yes,Electronic check,99.0,8.366242386524114
No,Yes,No,51,No,Fiber optic,Yes,Yes,Yes,No,Yes,No,One year,Yes,Electronic check,93.5,8.438269024609227
No,Yes,Yes,2,No,Fiber optic,No,No,No,No,No,No,Month-to-month,No,Electronic check,70.4,4.998225274019575
Yes,Yes,No,1,No phone service,DSL,No,Yes,No,No,Yes,No,Month-to-month,No,Electronic check,40.2,3.7184382563554808
No,No,Yes,32,Yes,DSL,No,Yes,Yes,Yes,Yes,Yes,One year,No,Credit card (automatic),83.7,7.87637277103406
No,No,No,10,No,No,No internet service,No internet service,No internet service,No internet service,No internet service,No internet service,Month-to-month,Yes,Mailed check,19.85,5.268115857814915
No,Yes,Yes,67,No phone service,DSL,No,Yes,Yes,Yes,Yes,Yes,Two year,Yes,Electronic check,59.55,8.319936661053873
No,Yes,Yes,61,Yes,Fiber optic,Yes,Yes,Yes,Yes,Yes,Yes,Two year,No,Credit card (automatic),115.1,8.85497171732711
No,No,No,50,Yes,Fiber optic,Yes,Yes,Yes,Yes,Yes,Yes,One year,No,Credit card (automatic),114.35,8.664250199109881
No,Yes,No,2,No,DSL,No,No,No,No,No,No,Month-to-month,Yes,Credit card (automatic),44.6,4.401216329067023
Yes,Yes,No,29,No phone service,DSL,Yes,No,Yes,No,No,Yes,Month-to-month,Yes,Electronic check,45.0,7.114484855028092
Yes,No,No,3,No phone service,DSL,No,No,Yes,No,No,Yes,Month-to-month,Yes,Electronic check,41.15,4.891851758106289
Yes,No,No,13,Yes,Fiber optic,No,Yes,Yes,No,Yes,Yes,Month-to-month,Yes,Electronic check,106.9,7.219129463690706
Yes,Yes,No,57,Yes,Fiber optic,No,Yes,No,No,No,Yes,Month-to-month,Yes,Electronic check,89.85,8.502353627719575
No,No,No,31,No phone service,DSL,Yes,Yes,No,Yes,No,Yes,Two year,Yes,Bank transfer (automatic),49.85,7.327189036317697
No,Yes,No,45,Yes,Fiber optic,Yes,Yes,Yes,Yes,Yes,Yes,One year,No,Mailed check,113.3,8.52382117770646
No,Yes,Yes,61,Yes,DSL,Yes,Yes,Yes,Yes,Yes,Yes,Two year,No,Mailed check,88.1,8.617536140112266
No,No,No,50,Yes,No,No internet service,No internet service,No internet service,No internet service,No internet service,No internet service,Two year,No,Bank transfer (automatic),24.9,7.086946942767164
Yes,No,No,19,No,Fiber optic,Yes,Yes,No,Yes,Yes,Yes,Month-to-month,Yes,Mailed check,105.0,7.605018975053922
No,No,No,59,No,No,No internet service,No internet service,No internet service,No internet service,No internet service,No internet service,Two year,No,Mailed check,19.35,7.003610764625658
No,Yes,No,71,Yes,No,No internet service,No internet service,No internet service,No internet service,No internet service,No internet service,Two year,Yes,Credit card (automatic),24.25,7.458157321861312
Yes,No,No,16,No,Fiber optic,No,No,No,Yes,Yes,Yes,Month-to-month,Yes,Electronic check,94.45,7.32132082312417
No,Yes,No,57,No,DSL,Yes,Yes,No,Yes,No,No,Two year,Yes,Electronic check,59.75,8.146462787815526
No,No,No,1,No phone service,DSL,No,No,No,No,No,No,Month-to-month,No,Bank transfer (automatic),24.8,3.250374491927572
Yes,Yes,No,20,Yes,Fiber optic,No,Yes,No,Yes,Yes,Yes,Month-to-month,No,Electronic check,107.05,7.68388698965577
No,No,No,1,No,Fiber optic,No,No,No,No,No,No,Month-to-month,No,Mailed check,70.6,4.2710950739666
No,Yes,No,5,Yes,Fiber optic,No,Yes,No,Yes,No,No,Month-to-month,Yes,Electronic check,85.4,5.996700813903228
No,Yes,No,52,Yes,Fiber optic,No,Yes,Yes,No,Yes,Yes,Month-to-month,Yes,Electronic check,105.05,8.635127326767599
Yes,Yes,No,21,No,DSL,Yes,Yes,No,No,No,Yes,Month-to-month,Yes,Bank transfer (automatic),64.95,7.2010217297278185
No,No,No,14,No phone service,DSL,No,No,Yes,Yes,Yes,Yes,Month-to-month,Yes,Electronic check,55.0,6.650214363442343
No,No,No,5,No,DSL,No,Yes,No,No,No,No,Month-to-month,No,Bank transfer (automatic),50.55,5.504314759027276
No,No,No,6,No,DSL,Yes,Yes,No,No,No,No,Month-to-month,No,Mailed check,55.15,5.7804348261772835
No,No,No,10,No,DSL,No,Yes,No,No,No,No,Month-to-month,No,Electronic check,51.2,6.2131069722959245
No,No,Yes,1,Yes,No,No internet service,No internet service,No internet service,No internet service,No internet service,No internet service,Month-to-month,No,Mailed check,25.4,3.2733640101522705
No,No,No,68,Yes,DSL,Yes,No,No,No,No,No,Month-to-month,No,Mailed check,54.45,8.213042926257149
No,Yes,Yes,18,No,Fiber optic,No,No,Yes,No,Yes,Yes,Month-to-month,No,Mailed check,95.15,7.484902208779911
No,No,No,22,Yes,Fiber optic,No,No,No,No,No,No,One year,Yes,Credit card (automatic),76.0,7.486949579466051
No,No,No,20,No,DSL,No,No,No,No,No,No,Month-to-month,Yes,Electronic check,44.35,6.833193357655232
No,Yes,No,1,No,Fiber optic,No,No,No,No,No,No,Month-to-month,No,Electronic check,70.0,4.2626798770413155
Yes,No,No,8,No,Fiber optic,No,Yes,No,No,No,No,Month-to-month,Yes,Electronic check,74.5,6.409434476354621
No,No,No,10,No,DSL,No,No,No,No,No,No,Month-to-month,Yes,Credit card (automatic),44.85,6.0785592539589155
Yes,No,No,24,Yes,Fiber optic,No,No,No,No,No,No,Month-to-month,Yes,Electronic check,76.1,7.446410054666804
No,No,No,35,No,DSL,Yes,Yes,Yes,No,No,No,One year,No,Mailed check,61.2,7.6119413066572985
No,Yes,Yes,23,No,Fiber optic,No,Yes,Yes,Yes,No,No,One year,No,Mailed check,86.8,7.571370656936044
Yes,No,No,6,No,Fiber optic,No,No,No,No,Yes,Yes,Month-to-month,Yes,Electronic check,89.35,6.343528878489031
No,No,No,12,No,No,No internet service,No internet service,No internet service,No internet service,No internet service,No internet service,Month-to-month,No,Mailed check,19.7,5.39974515917815
No,No,No,1,No,No,No internet service,No internet service,No internet service,No internet service,No internet service,No internet service,Month-to-month,No,Mailed check,20.25,3.056356895370426
No,Yes,Yes,71,No,Fiber optic,No,No,Yes,No,No,No,Two year,No,Electronic check,76.05,8.601065479952362
Yes,Yes,No,35,Yes,Fiber optic,No,No,Yes,No,Yes,Yes,Month-to-month,Yes,Electronic check,100.8,8.14279060875989
No,Yes,Yes,40,Yes,DSL,No,No,Yes,No,Yes,Yes,Month-to-month,Yes,Electronic check,74.55,8.01193537195371
No,No,Yes,1,No,Fiber optic,Yes,No,No,No,No,No,Month-to-month,Yes,Mailed check,73.6,4.312140507209715
No,No,No,23,No,DSL,No,No,No,No,Yes,Yes,One year,Yes,Bank transfer (automatic),64.9,7.320394590838302
Yes,No,No,4,Yes,Fiber optic,No,No,No,No,Yes,Yes,Month-to-month,Yes,Electronic check,95.45,5.984188138137206
No,No,No,4,No,Fiber optic,No,No,Yes,Yes,No,Yes,Month-to-month,Yes,Electronic check,90.4,5.879554854554393
No,Yes,Yes,68,No phone service,DSL,No,Yes,Yes,Yes,Yes,Yes,Two year,No,Credit card (automatic),60.3,8.32117830749028
No,No,Yes,38,Yes,Fiber optic,No,Yes,No,No,No,No,Month-to-month,Yes,Mailed check,81.85,8.052837582035098
No,Yes,Yes,52,Yes,No,No internet service,No internet service,No internet service,No internet service,No internet service,No internet service,Two year,No,Mailed check,24.8,7.114850745874739
Yes,Yes,No,32,Yes,Fiber optic,No,No,No,No,No,No,Month-to-month,Yes,Electronic check,74.9,7.742553920000891
No,Yes,Yes,29,No,DSL,No,No,Yes,Yes,Yes,Yes,Two year,No,Mailed check,75.55,7.6282257551909725
Yes,Yes,Yes,38,Yes,Fiber optic,No,Yes,No,No,Yes,Yes,Month-to-month,No,Electronic check,101.15,8.227602632295108
No,No,Yes,48,Yes,DSL,Yes,No,Yes,No,Yes,Yes,One year,Yes,Credit card (automatic),78.75,8.211605091984318
No,No,No,1,No,No,No internet service,No internet service,No internet service,No internet service,No internet service,No internet service,Month-to-month,Yes,Bank transfer (automatic),19.25,3.0081547935525483
No,No,No,22,No,Fiber optic,Yes,No,No,Yes,No,Yes,Month-to-month,Yes,Electronic check,89.05,7.542876022019734
No,No,No,43,Yes,Fiber optic,Yes,Yes,Yes,Yes,Yes,Yes,Two year,No,Credit card (automatic),115.05,8.49619424882018
Yes,Yes,No,5,No,Fiber optic,No,No,No,No,No,No,Month-to-month,Yes,Electronic check,69.35,5.83656358589002
No,No,No,5,No,Fiber optic,No,No,No,No,Yes,No,Month-to-month,Yes,Electronic check,80.6,6.032006502420918
No,Yes,Yes,51,Yes,Fiber optic,Yes,Yes,No,Yes,Yes,Yes,One year,No,Credit card (automatic),110.05,8.646008480687051
No,No,No,71,No,No,No internet service,No internet service,No internet service,No internet service,No internet service,No internet service,Two year,Yes,Credit card (automatic),19.9,7.2123682120938994
No,Yes,Yes,38,No,DSL,Yes,Yes,No,Yes,Yes,Yes,One year,No,Credit card (automatic),80.3,8.026055809319672
Yes,Yes,No,24,No,Fiber optic,No,No,Yes,No,Yes,Yes,Month-to-month,Yes,Electronic check,93.15,7.710675724683985
No,Yes,No,35,Yes,Fiber optic,No,No,No,Yes,Yes,No,Month-to-month,Yes,Credit card (automatic),91.5,8.082510372888098
Yes,No,No,54,Yes,DSL,Yes,Yes,No,Yes,Yes,Yes,One year,No,Bank transfer (automatic),82.45,8.378183965678819
No,Yes,Yes,72,No phone service,DSL,No,Yes,Yes,Yes,Yes,Yes,Two year,Yes,Electronic check,60.0,8.35819745992578
No,No,No,1,No,DSL,No,No,No,No,No,No,Month-to-month,Yes,Electronic check,44.8,3.824284091120139
No,Yes,Yes,9,No,DSL,Yes,No,No,No,No,No,One year,No,Mailed check,48.6,6.048081147526878
No,No,No,69,No phone service,DSL,Yes,Yes,No,Yes,Yes,Yes,Two year,Yes,Bank transfer (automatic),60.05,8.33751613484719
No,Yes,No,52,Yes,Fiber optic,No,Yes,No,Yes,Yes,Yes,Month-to-month,Yes,Credit card (automatic),102.7,8.544633245841629
Yes,Yes,No,11,No,Fiber optic,No,No,No,Yes,Yes,No,Month-to-month,Yes,Electronic check,82.9,6.781114378014739
Yes,No,No,2,No,Fiber optic,No,No,No,No,No,No,Month-to-month,Yes,Electronic check,70.35,4.941999501706118
Yes,Yes,Yes,28,No phone service,DSL,No,No,No,No,Yes,No,Month-to-month,Yes,Electronic check,35.9,6.882078432192154
Yes,No,No,17,Yes,Fiber optic,No,No,Yes,No,No,No,Month-to-month,Yes,Credit card (automatic),82.65,7.293731710506439
No,Yes,Yes,35,No,No,No internet service,No internet service,No internet service,No internet service,No internet service,No internet service,Two year,Yes,Mailed check,19.85,6.607123047354728
No,No,No,8,No,No,No internet service,No internet service,No internet service,No internet service,No internet service,No internet service,One year,Yes,Mailed check,19.2,5.093443405283571
No,No,No,46,Yes,Fiber optic,No,Yes,Yes,No,Yes,No,One year,Yes,Credit card (automatic),94.9,8.394788241149152
No,No,No,7,Yes,Fiber optic,No,No,No,No,No,No,Month-to-month,Yes,Electronic check,73.85,6.238812787119009
No,No,No,2,Yes,Fiber optic,No,No,Yes,No,No,No,Month-to-month,No,Mailed check,80.6,5.054971107916307
No,Yes,Yes,68,Yes,DSL,No,Yes,Yes,Yes,No,Yes,One year,Yes,Bank transfer (automatic),75.8,8.57450881512029
No,No,No,43,Yes,Fiber optic,No,Yes,Yes,No,Yes,Yes,Two year,Yes,Electronic check,104.6,8.468181502712058
No,No,No,68,Yes,DSL,Yes,Yes,Yes,Yes,Yes,Yes,Two year,Yes,Electronic check,88.15,8.724117925907073
No,No,No,36,No,Fiber optic,No,Yes,No,No,Yes,Yes,Month-to-month,Yes,Credit card (automatic),94.8,8.179382058873774
No,Yes,No,63,Yes,Fiber optic,No,Yes,Yes,No,Yes,Yes,Month-to-month,Yes,Electronic check,103.4,8.795430805040018
Yes,No,No,32,No,DSL,No,Yes,No,Yes,No,No,Month-to-month,No,Bank transfer (automatic),54.65,7.512672158147668
No,Yes,No,71,Yes,DSL,Yes,Yes,Yes,Yes,Yes,Yes,Two year,No,Credit card (automatic),85.75,8.73629659230272
No,Yes,Yes,66,Yes,DSL,Yes,Yes,Yes,No,No,No,Month-to-month,Yes,Bank transfer (automatic),67.45,8.413974824163768
No,No,No,63,No,No,No internet service,No internet service,No internet service,No internet service,No internet service,No internet service,One year,No,Mailed check,20.5,7.192294919161421
No,No,Yes,41,No,No,No internet service,No internet service,No internet service,No internet service,No internet service,No internet service,One year,Yes,Credit card (automatic),20.25,6.763884908562435
Yes,No,No,1,Yes,Fiber optic,No,No,No,No,No,No,Month-to-month,Yes,Electronic check,72.1,4.291828366755733
No,No,No,2,No,Fiber optic,No,No,No,No,Yes,Yes,Month-to-month,Yes,Electronic check,90.4,5.1310814471721224
No,Yes,No,70,No,No,No internet service,No internet service,No internet service,No internet service,No internet service,No internet service,Two year,No,Bank transfer (automatic),19.45,7.173575104576783
No,No,No,23,No phone service,DSL,No,No,No,No,Yes,Yes,Month-to-month,Yes,Electronic check,44.95,6.905602964413994
Yes,Yes,No,64,No,Fiber optic,Yes,Yes,Yes,No,No,Yes,One year,No,Bank transfer (automatic),97.0,8.76902526347426
No,Yes,Yes,37,Yes,DSL,Yes,No,Yes,Yes,No,No,Two year,Yes,Credit card (automatic),62.8,7.731821066813775
No,No,Yes,17,No,DSL,No,No,No,No,No,No,One year,No,Mailed check,44.6,6.52561599617747
Yes,No,No,7,No,Fiber optic,No,No,No,No,Yes,Yes,Month-to-month,Yes,Electronic check,89.15,6.354978551269467
No,Yes,Yes,4,Yes,Fiber optic,No,Yes,Yes,No,No,No,Month-to-month,Yes,Bank transfer (automatic),84.8,5.921310287184775
Yes,No,No,21,No phone service,DSL,Yes,No,No,No,Yes,No,Month-to-month,Yes,Electronic check,41.9,6.734710558968391
No,No,No,10,No,Fiber optic,No,No,No,No,No,Yes,Month-to-month,Yes,Bank transfer (automatic),80.25,6.741700694652055
Yes,No,No,16,Yes,DSL,Yes,No,No,No,No,No,Month-to-month,Yes,Electronic check,54.1,6.7912214627261855
No,Yes,No,64,Yes,Fiber optic,No,Yes,No,Yes,Yes,Yes,Two year,Yes,Electronic check,105.25,8.828259704100754
Yes,Yes,No,27,No phone service,DSL,Yes,No,No,No,No,No,Month-to-month,No,Credit card (automatic),30.75,6.692207804289556
No,Yes,Yes,42,Yes,Fiber optic,Yes,No,No,No,Yes,Yes,One year,No,Electronic check,97.1,8.298477323429179
No,No,Yes,5,No,No,No internet service,No internet service,No internet service,No internet service,No internet service,No internet service,Month-to-month,No,Mailed check,20.2,4.43970574626056
No,No,No,41,No,Fiber optic,No,Yes,No,Yes,Yes,Yes,Two year,Yes,Bank transfer (automatic),98.8,8.284037182319022
No,Yes,No,58,No,DSL,No,No,Yes,No,No,No,One year,No,Credit card (automatic),50.3,7.9653893109216884
No,No,No,47,No,No,No internet service,No internet service,No internet service,No internet service,No internet service,No internet service,Two year,Yes,Mailed check,20.55,6.852982253134845
No,No,No,18,No,Fiber optic,No,No,No,Yes,No,No,Month-to-month,Yes,Bank transfer (automatic),75.9,7.225517862222083
No,No,No,5,No,Fiber optic,No,No,Yes,No,Yes,Yes,Month-to-month,No,Bank transfer (automatic),96.5,6.201624170863897
No,Yes,No,23,No,DSL,Yes,No,No,No,No,Yes,Month-to-month,Yes,Bank transfer (automatic),59.95,7.249215057114389
No,No,No,1,No,No,No internet service,No internet service,No internet service,No internet service,No internet service,No internet service,Month-to-month,No,Mailed check,19.15,3.0032042883926917
No,Yes,No,71,Yes,Fiber optic,No,No,Yes,No,Yes,Yes,One year,Yes,Credit card (automatic),98.65,8.848487761310901
No,Yes,Yes,72,Yes,Fiber optic,Yes,Yes,Yes,Yes,Yes,Yes,Two year,Yes,Credit card (automatic),112.6,9.003027107867489
No,Yes,Yes,33,No,No,No internet service,No internet service,No internet service,No internet service,No internet service,No internet service,One year,No,Mailed check,20.6,6.538501552836545
No,No,No,2,Yes,Fiber optic,No,No,No,No,Yes,No,Month-to-month,Yes,Electronic check,85.65,5.206750173022546
No,No,Yes,24,No phone service,DSL,Yes,No,No,Yes,No,No,Two year,No,Mailed check,35.75,6.723592027308811
No,Yes,Yes,56,Yes,Fiber optic,No,Yes,Yes,Yes,No,Yes,One year,Yes,Credit card (automatic),99.75,8.632199040925325
No,No,No,37,No,Fiber optic,No,Yes,No,No,Yes,Yes,Month-to-month,Yes,Credit card (automatic),96.1,8.201879525129897
No,No,No,43,Yes,DSL,No,Yes,Yes,Yes,Yes,Yes,One year,No,Credit card (automatic),85.1,8.206106010518134
No,No,No,1,No phone service,DSL,No,No,No,No,No,No,Month-to-month,No,Mailed check,25.35,3.2714682749873716
No,Yes,No,25,Yes,Fiber optic,No,No,Yes,Yes,Yes,Yes,Month-to-month,Yes,Bank transfer (automatic),104.95,7.850687941802713
No,No,No,61,Yes,DSL,Yes,Yes,Yes,Yes,Yes,Yes,Two year,No,Electronic check,89.65,8.577290615464818
No,No,No,17,Yes,Fiber optic,No,No,Yes,Yes,No,No,One year,No,Electronic check,86.75,7.2522311154638714
No,Yes,No,41,No,Fiber optic,No,Yes,Yes,Yes,No,No,One year,Yes,Bank transfer (automatic),86.2,8.113741055918576
No,No,No,1,No,DSL,No,Yes,No,No,No,No,Month-to-month,No,Mailed check,50.65,3.9444901955656477
Yes,Yes,Yes,72,No phone service,DSL,Yes,Yes,Yes,Yes,Yes,Yes,Two year,Yes,Bank transfer (automatic),64.8,8.462388476041804
No,No,No,1,Yes,Fiber optic,No,Yes,No,No,No,Yes,Month-to-month,Yes,Credit card (automatic),90.85,4.520156811661135
No,No,No,48,Yes,Fiber optic,No,Yes,Yes,No,Yes,Yes,Two year,Yes,Bank transfer (automatic),108.1,8.530790329922262
Yes,Yes,No,11,No,No,No internet service,No internet service,No internet service,No internet service,No internet service,No internet service,Month-to-month,No,Mailed check,19.95,5.374120329963537
Yes,Yes,No,55,Yes,Fiber optic,No,Yes,Yes,No,No,No,Month-to-month,Yes,Electronic check,85.45,8.492018962867517
No,No,No,42,No phone service,DSL,Yes,Yes,Yes,Yes,No,Yes,One year,Yes,Electronic check,54.75,7.76193653719278
No,No,No,44,Yes,Fiber optic,No,No,Yes,No,No,Yes,Month-to-month,Yes,Mailed check,90.4,8.309922989258318
No,No,Yes,1,No,DSL,No,No,No,No,No,No,Month-to-month,No,Electronic check,44.0,3.8066624897703196
No,No,No,27,Yes,Fiber optic,No,No,No,No,Yes,Yes,Month-to-month,Yes,Bank transfer (automatic),95.6,7.861823375190322
Yes,Yes,No,27,Yes,DSL,No,Yes,Yes,Yes,Yes,Yes,Month-to-month,Yes,Bank transfer (automatic),84.8,7.745240870413761
Yes,No,No,2,No,DSL,No,No,No,No,No,No,Month-to-month,Yes,Electronic check,44.3,4.5031374604229395
No,No,No,19,No,No,No internet service,No internet service,No internet service,No internet service,No internet service,No internet service,Month-to-month,No,Mailed check,19.9,5.909576387635298
Yes,Yes,No,42,Yes,Fiber optic,No,No,No,No,Yes,Yes,Month-to-month,Yes,Electronic check,95.05,8.28033096796109
No,No,No,66,Yes,DSL,Yes,Yes,Yes,Yes,Yes,Yes,Two year,Yes,Credit card (automatic),90.05,8.69399118806683
Yes,Yes,No,33,Yes,Fiber optic,Yes,No,Yes,Yes,Yes,Yes,Month-to-month,Yes,Bank transfer (automatic),109.9,8.214925260636038
No,No,No,34,No,Fiber optic,No,Yes,No,No,No,No,Month-to-month,Yes,Credit card (automatic),73.95,7.834174543652333
Yes,No,No,33,No phone service,DSL,No,No,Yes,Yes,Yes,Yes,Month-to-month,Yes,Electronic check,54.6,7.498149651967252
No,Yes,Yes,23,No,No,No internet service,No internet service,No internet service,No internet service,No internet service,No internet service,One year,No,Mailed check,20.05,6.030925615988895
No,No,No,32,No,No,No internet service,No internet service,No internet service,No internet service,No internet service,No internet service,One year,No,Bank transfer (automatic),19.75,6.437991620941009
No,No,No,11,No,No,No internet service,No internet service,No internet service,No internet service,No internet service,No internet service,One year,No,Credit card (automatic),20.05,5.4752075333447845
No,Yes,Yes,69,Yes,Fiber optic,No,No,Yes,No,Yes,Yes,Month-to-month,Yes,Credit card (automatic),99.45,8.854893245389706
No,Yes,No,68,No,DSL,Yes,No,No,Yes,No,No,One year,No,Bank transfer (automatic),55.9,8.255776477880534
No,No,No,20,No,No,No internet service,No internet service,No internet service,No internet service,No internet service,No internet service,Two year,Yes,Mailed check,19.7,6.041206639002796
No,No,No,72,No,No,No internet service,No internet service,No internet service,No internet service,No internet service,No internet service,Two year,Yes,Credit card (automatic),19.8,7.292847597282364
No,Yes,Yes,60,Yes,Fiber optic,Yes,No,Yes,No,Yes,No,One year,Yes,Bank transfer (automatic),95.4,8.66785206770135
Yes,Yes,Yes,32,No,Fiber optic,No,Yes,No,No,Yes,Yes,Month-to-month,Yes,Mailed check,93.95,7.9594331804610325
No,No,No,1,No,No,No internet service,No internet service,No internet service,No internet service,No internet service,No internet service,Month-to-month,Yes,Mailed check,19.9,3.039749158970765
No,No,No,1,No,No,No internet service,No internet service,No internet service,No internet service,No internet service,No internet service,Month-to-month,Yes,Mailed check,19.6,3.0252910757955354
Yes,No,No,3,Yes,Fiber optic,No,Yes,No,No,No,No,Month-to-month,Yes,Electronic check,81.35,5.458308102856978
No,Yes,No,46,Yes,No,No internet service,No internet service,No internet service,No internet service,No internet service,No internet service,One year,Yes,Bank transfer (automatic),24.45,6.972746822489577
No,Yes,No,29,Yes,Fiber optic,No,No,No,No,No,No,Month-to-month,Yes,Electronic check,74.95,7.67324637666525
No,No,No,51,Yes,Fiber optic,No,Yes,Yes,Yes,No,No,Month-to-month,Yes,Electronic check,87.35,8.406038142050075
Yes,Yes,No,48,No,Fiber optic,No,No,No,No,No,No,Month-to-month,Yes,Bank transfer (automatic),70.65,8.173589586929555
No,Yes,Yes,16,No,Fiber optic,No,Yes,No,No,No,No,Month-to-month,No,Bank transfer (automatic),73.25,7.0873648282726185
No,Yes,No,70,Yes,Fiber optic,No,Yes,Yes,Yes,No,Yes,Two year,Yes,Bank transfer (automatic),98.7,8.833448143354206
No,Yes,Yes,40,Yes,No,No internet service,No internet service,No internet service,No internet service,No internet service,No internet service,Two year,Yes,Mailed check,24.8,6.933130585313365
No,Yes,Yes,22,No,Fiber optic,No,Yes,No,No,No,Yes,Month-to-month,No,Electronic check,83.3,7.521263836881865
Yes,No,No,1,No,Fiber optic,No,No,Yes,No,No,No,Month-to-month,Yes,Bank transfer (automatic),75.3,4.334672938290411
No,Yes,Yes,5,Yes,No,No internet service,No internet service,No internet service,No internet service,No internet service,No internet service,Month-to-month,Yes,Mailed check,24.3,4.892227063045954
No,No,No,7,No,Fiber optic,No,No,No,No,No,No,Month-to-month,Yes,Bank transfer (automatic),69.85,6.246978478452642
No,No,Yes,29,Yes,Fiber optic,No,Yes,Yes,Yes,No,Yes,One year,No,Credit card (automatic),100.55,7.948544226913045
No,Yes,Yes,44,Yes,No,No internet service,No internet service,No internet service,No internet service,No internet service,No internet service,One year,No,Mailed check,25.7,7.013465733404251
No,No,No,10,No phone service,DSL,Yes,Yes,Yes,No,No,No,Month-to-month,No,Bank transfer (automatic),40.7,6.109914027307526
Yes,Yes,No,55,Yes,DSL,No,No,No,No,No,No,Month-to-month,No,Bank transfer (automatic),51.65,7.951400867896387
Yes,Yes,No,52,Yes,Fiber optic,No,Yes,Yes,No,Yes,Yes,One year,Yes,Bank transfer (automatic),105.1,8.589960264967118
No,Yes,Yes,10,Yes,Fiber optic,No,No,No,No,No,Yes,Month-to-month,No,Electronic check,85.95,6.756467164768355
No,No,No,18,Yes,Fiber optic,No,No,No,No,No,No,Month-to-month,Yes,Bank transfer (automatic),75.6,7.24140209929983
No,Yes,No,68,Yes,DSL,Yes,No,No,Yes,No,No,One year,No,Bank transfer (automatic),58.25,8.288207608618395
No,Yes,Yes,61,No,No,No internet service,No internet service,No internet service,No internet service,No internet service,No internet service,Month-to-month,Yes,Mailed check,19.4,7.076273675632399
No,Yes,Yes,72,No phone service,DSL,Yes,Yes,Yes,Yes,Yes,Yes,Two year,Yes,Credit card (automatic),65.2,8.473335343352353
No,No,No,2,No,DSL,Yes,No,Yes,No,No,No,Month-to-month,No,Electronic check,53.45,4.791649752930709
No,No,No,12,No,DSL,No,No,No,No,No,No,Month-to-month,Yes,Bank transfer (automatic),45.4,6.25363648538967
No,Yes,No,41,No,No,No internet service,No internet service,No internet service,No internet service,No internet service,No internet service,Two year,Yes,Electronic check,19.75,6.802894638365962
No,No,No,26,No phone service,DSL,No,No,Yes,Yes,Yes,No,Month-to-month,Yes,Credit card (automatic),44.45,7.077329262953589
No,Yes,No,36,No,No,No internet service,No internet service,No internet service,No internet service,No internet service,No internet service,One year,No,Bank transfer (automatic),20.85,6.580708483008079
No,Yes,Yes,72,Yes,Fiber optic,Yes,Yes,Yes,Yes,Yes,Yes,Two year,Yes,Credit card (automatic),114.05,9.044191332181782
No,Yes,No,35,Yes,Fiber optic,No,No,No,Yes,No,Yes,Month-to-month,Yes,Bank transfer (automatic),89.85,8.059023266876045
No,No,No,1,No,DSL,No,No,Yes,Yes,No,No,Month-to-month,No,Mailed check,55.05,4.026244149518169
No,Yes,Yes,16,Yes,Fiber optic,Yes,No,Yes,Yes,Yes,Yes,Month-to-month,Yes,Electronic check,112.95,7.540913573103083
Yes,No,No,49,Yes,Fiber optic,Yes,No,No,No,Yes,Yes,Month-to-month,No,Credit card (automatic),101.55,8.531372192589506
No,Yes,No,54,Yes,Fiber optic,Yes,Yes,Yes,Yes,Yes,Yes,One year,Yes,Mailed check,114.65,8.707896192238108
No,No,Yes,18,Yes,DSL,Yes,No,No,No,No,Yes,Month-to-month,No,Electronic check,64.8,7.062791281081669
No,Yes,No,36,No,Fiber optic,No,No,No,No,No,Yes,Month-to-month,No,Electronic check,80.4,7.985705571202151
No,No,No,60,Yes,Fiber optic,No,Yes,Yes,No,Yes,Yes,Month-to-month,Yes,Electronic check,105.9,8.763654752450451
No,No,No,1,No,Fiber optic,No,No,No,No,No,No,Month-to-month,No,Mailed check,69.55,4.256321678298823
No,Yes,Yes,52,Yes,No,No internet service,No internet service,No internet service,No internet service,No internet service,No internet service,Two year,Yes,Bank transfer (automatic),25.05,7.14775594736277
No,Yes,Yes,8,No,Fiber optic,No,No,Yes,No,Yes,Yes,Month-to-month,Yes,Electronic check,94.75,6.634041855757752
No,Yes,Yes,72,No,Fiber optic,Yes,Yes,No,Yes,Yes,Yes,Two year,No,Bank transfer (automatic),105.5,8.937553480141082
No,No,No,64,Yes,No,No internet service,No internet service,No internet service,No internet service,No internet service,No internet service,One year,No,Mailed check,24.7,7.404735495926075
Yes,No,No,22,No,DSL,Yes,No,Yes,Yes,No,Yes,Month-to-month,Yes,Mailed check,69.75,7.343684927894121
No,Yes,No,60,No phone service,DSL,No,Yes,Yes,Yes,Yes,Yes,Month-to-month,Yes,Bank transfer (automatic),60.2,8.184067349365797
No,Yes,Yes,28,No,Fiber optic,No,No,No,No,No,Yes,Month-to-month,Yes,Electronic check,81.05,7.70890448334336
No,Yes,No,61,Yes,No,No internet service,No internet service,No internet service,No internet service,No internet service,No internet service,Two year,No,Mailed check,24.4,7.257637202513267
No,No,No,24,Yes,Fiber optic,No,Yes,Yes,No,Yes,Yes,Month-to-month,Yes,Electronic check,104.15,7.822304495297989
No,Yes,Yes,28,No,Fiber optic,No,Yes,Yes,Yes,Yes,No,One year,No,Bank transfer (automatic),92.9,7.926367914605402
No,Yes,Yes,30,No,DSL,No,Yes,Yes,Yes,Yes,Yes,Two year,No,Bank transfer (automatic),80.8,7.770771808396797
No,Yes,No,2,No,No,No internet service,No internet service,No internet service,No internet service,No internet service,No internet service,Month-to-month,No,Mailed check,20.0,3.6635616461296463
No,No,No,1,Yes,Fiber optic,No,No,No,No,No,No,Month-to-month,Yes,Electronic check,75.1,4.33204826486764
No,No,Yes,6,No,No,No internet service,No internet service,No internet service,No internet service,No internet service,No internet service,Month-to-month,No,Mailed check,19.65,4.623991940228679
No,Yes,No,24,No,DSL,No,Yes,No,No,Yes,Yes,Month-to-month,Yes,Bank transfer (automatic),69.45,7.387121194929835
No,Yes,Yes,4,Yes,Fiber optic,No,No,Yes,No,Yes,Yes,Month-to-month,No,Electronic check,101.15,5.9581662617064675
No,No,No,7,Yes,Fiber optic,No,Yes,No,No,Yes,Yes,Month-to-month,Yes,Electronic check,99.8,6.513600962019839
Yes,Yes,No,72,Yes,Fiber optic,Yes,Yes,Yes,Yes,Yes,Yes,Two year,Yes,Bank transfer (automatic),116.05,9.036689119229727
No,No,No,70,No phone service,DSL,No,No,No,Yes,No,Yes,Two year,Yes,Mailed check,40.05,7.9376425174388325
Yes,Yes,No,64,Yes,Fiber optic,No,No,Yes,Yes,Yes,Yes,Two year,No,Electronic check,102.1,8.785608343055493
No,Yes,Yes,72,Yes,Fiber optic,No,Yes,No,No,Yes,No,One year,Yes,Electronic check,89.7,8.793301040214356
No,No,Yes,44,No,No,No internet service,No internet service,No internet service,No internet service,No internet service,No internet service,Two year,No,Mailed check,19.9,6.767458193443415
No,Yes,Yes,13,No,DSL,No,No,No,No,No,Yes,Month-to-month,No,Electronic check,55.95,6.600346576346323
Yes,No,No,17,No,No,No internet service,No internet service,No internet service,No internet service,No internet service,No internet service,One year,No,Mailed check,20.65,5.80392942326114
No,No,No,1,No,DSL,No,No,No,No,No,Yes,Month-to-month,Yes,Electronic check,55.0,4.02535169073515
No,Yes,No,9,No,DSL,No,No,Yes,No,Yes,Yes,Month-to-month,Yes,Mailed check,70.05,6.33753344525949
No,Yes,No,24,No,DSL,Yes,No,No,Yes,No,No,Month-to-month,No,Mailed check,53.6,7.182618033971659
No,Yes,Yes,1,No,Fiber optic,No,Yes,No,No,No,No,Month-to-month,Yes,Electronic check,74.7,4.3267781604434035
No,No,No,24,Yes,Fiber optic,No,Yes,No,No,No,No,Month-to-month,Yes,Electronic check,80.25,7.529674950253715
Yes,Yes,Yes,35,No,DSL,No,Yes,No,Yes,Yes,Yes,Month-to-month,Yes,Electronic check,76.05,7.9187014308976735
No,Yes,Yes,7,No,DSL,Yes,Yes,Yes,Yes,Yes,No,Month-to-month,Yes,Electronic check,75.7,6.319058199778656
No,No,No,5,No,Fiber optic,No,No,No,Yes,Yes,Yes,Month-to-month,Yes,Electronic check,96.1,6.118977867406942
No,No,Yes,15,No,Fiber optic,No,No,No,No,No,No,Month-to-month,No,Bank transfer (automatic),69.0,6.903546434208082
No,Yes,Yes,11,No,No,No internet service,No internet service,No internet service,No internet service,No internet service,No internet service,Two year,No,Mailed check,19.65,5.423848088995246
No,Yes,No,48,No phone service,DSL,Yes,No,Yes,No,No,Yes,Month-to-month,Yes,Bank transfer (automatic),45.3,7.671360923190644
Yes,No,No,20,No,Fiber optic,No,No,No,No,No,Yes,Month-to-month,Yes,Electronic check,81.45,7.422134580947425
No,Yes,No,72,Yes,Fiber optic,No,Yes,Yes,Yes,Yes,Yes,One year,Yes,Bank transfer (automatic),108.5,8.98779664073394
No,Yes,Yes,8,No,Fiber optic,No,Yes,No,No,Yes,No,Month-to-month,Yes,Electronic check,83.55,6.52363572489335
No,Yes,Yes,72,Yes,Fiber optic,No,No,No,No,No,Yes,Two year,Yes,Credit card (automatic),84.5,8.721251777852979
No,No,No,15,Yes,Fiber optic,No,Yes,No,No,Yes,Yes,Month-to-month,Yes,Electronic check,100.15,7.255591274253665
No,No,No,72,Yes,DSL,No,Yes,Yes,Yes,Yes,Yes,Two year,Yes,Bank transfer (automatic),88.6,8.7327802643248
No,No,Yes,1,Yes,Fiber optic,No,No,No,No,No,No,Month-to-month,Yes,Electronic check,74.35,4.3221439250725044
No,Yes,Yes,63,Yes,Fiber optic,No,Yes,Yes,No,Yes,Yes,Two year,Yes,Bank transfer (automatic),104.8,8.794559741340487
No,No,No,2,No,DSL,No,Yes,No,No,Yes,No,Month-to-month,Yes,Electronic check,59.0,4.746235626266694
No,Yes,No,2,No,Fiber optic,Yes,No,No,No,No,No,Month-to-month,Yes,Electronic check,74.4,4.944495491591711
Yes,Yes,No,61,Yes,DSL,No,Yes,No,No,No,Yes,One year,No,Bank transfer (automatic),64.05,8.269654483267306
No,No,No,1,No,No,No internet service,No internet service,No internet service,No internet service,No internet service,No internet service,Month-to-month,No,Mailed check,20.4,3.0633909220278057
No,No,No,22,No phone service,DSL,No,Yes,Yes,No,No,Yes,One year,Yes,Bank transfer (automatic),43.75,6.8074928570437425
No,Yes,No,28,No,DSL,Yes,Yes,No,Yes,No,No,Month-to-month,No,Mailed check,60.9,7.48809763699502
No,Yes,No,70,No,No,No internet service,No internet service,No internet service,No internet service,No internet service,No internet service,Two year,No,Bank transfer (automatic),19.8,7.2432627646664995
Yes,No,No,5,No phone service,DSL,No,Yes,No,No,No,No,Month-to-month,No,Electronic check,28.45,4.883180638743141
No,No,No,12,Yes,Fiber optic,Yes,Yes,Yes,No,No,Yes,Month-to-month,Yes,Bank transfer (automatic),99.7,7.122423011815303
No,No,No,34,Yes,Fiber optic,Yes,Yes,Yes,Yes,Yes,Yes,One year,No,Credit card (automatic),116.25,8.268744652548376
Yes,Yes,No,71,Yes,Fiber optic,Yes,No,No,No,No,No,Two year,Yes,Credit card (automatic),80.7,8.644178203170727
No,Yes,Yes,70,Yes,DSL,Yes,No,No,No,No,Yes,One year,No,Bank transfer (automatic),65.2,8.421595970419531
No,Yes,Yes,52,No,Fiber optic,Yes,No,Yes,Yes,No,No,Month-to-month,Yes,Bank transfer (automatic),84.05,8.372814608737682
No,No,Yes,69,Yes,DSL,Yes,Yes,Yes,Yes,Yes,No,Two year,Yes,Credit card (automatic),79.45,8.613148617549824
Yes,No,No,20,Yes,Fiber optic,No,Yes,Yes,No,No,Yes,Month-to-month,Yes,Electronic check,94.1,7.486276933700779
No,No,Yes,11,Yes,Fiber optic,No,No,Yes,No,No,No,Month-to-month,Yes,Mailed check,78.0,6.74852505341158
No,Yes,No,2,No,Fiber optic,No,No,No,Yes,Yes,Yes,Month-to-month,Yes,Electronic check,94.2,5.126935749792416
No,Yes,Yes,6,Yes,Fiber optic,No,No,No,Yes,No,No,Month-to-month,Yes,Electronic check,80.5,6.222278604726411
No,No,No,1,No,No,No internet service,No internet service,No internet service,No internet service,No internet service,No internet service,Month-to-month,No,Mailed check,19.85,3.0373539482448106
Yes,Yes,Yes,20,No,Fiber optic,Yes,No,Yes,Yes,No,Yes,One year,No,Credit card (automatic),94.3,7.506207090702758
No,No,No,61,Yes,Fiber optic,Yes,No,Yes,No,Yes,Yes,Month-to-month,Yes,Electronic check,106.45,8.748487435403822
Yes,Yes,No,5,Yes,Fiber optic,No,No,No,No,No,No,Month-to-month,Yes,Electronic check,74.35,5.81651574464344
No,No,No,56,Yes,Fiber optic,No,Yes,No,Yes,Yes,Yes,Month-to-month,Yes,Bank transfer (automatic),105.45,8.685745384124193
No,No,No,30,Yes,Fiber optic,Yes,Yes,Yes,Yes,No,No,Month-to-month,Yes,Credit card (automatic),95.0,7.956266544680714
No,No,No,40,Yes,Fiber optic,No,No,Yes,Yes,Yes,Yes,Month-to-month,No,Bank transfer (automatic),104.8,8.326746716688735
No,No,No,28,No,DSL,Yes,No,No,Yes,No,No,One year,No,Mailed check,54.3,7.344266755495627
Yes,Yes,No,5,No,Fiber optic,No,No,No,No,No,No,Month-to-month,No,Electronic check,70.05,5.715711045521475
Yes,Yes,No,27,No,Fiber optic,Yes,No,No,No,No,No,Month-to-month,Yes,Bank transfer (automatic),75.2,7.565456612607783
No,No,No,12,No,No,No internet service,No internet service,No internet service,No internet service,No internet service,No internet service,Month-to-month,No,Credit card (automatic),20.05,5.5851866087427915
No,Yes,Yes,67,Yes,Fiber optic,No,Yes,Yes,No,Yes,Yes,One year,Yes,Electronic check,105.4,8.852300210838106
Yes,Yes,No,29,Yes,DSL,No,No,No,No,No,No,Month-to-month,Yes,Electronic check,51.6,7.274479558773871
No,Yes,Yes,55,Yes,Fiber optic,No,No,No,No,No,Yes,Month-to-month,No,Bank transfer (automatic),85.5,8.458376933523704
No,No,No,23,Yes,Fiber optic,No,No,No,No,No,No,Month-to-month,No,Bank transfer (automatic),75.6,7.472841789474565
No,Yes,No,34,Yes,Fiber optic,No,No,Yes,No,Yes,Yes,Month-to-month,Yes,Electronic check,100.05,8.15507488781144
No,No,No,52,No,Fiber optic,Yes,No,Yes,No,Yes,No,One year,No,Electronic check,91.25,8.463644724458563
Yes,Yes,Yes,72,Yes,Fiber optic,Yes,Yes,Yes,Yes,Yes,Yes,Two year,Yes,Credit card (automatic),115.75,9.036004841814826
No,Yes,Yes,58,Yes,Fiber optic,No,Yes,No,Yes,Yes,No,One year,Yes,Credit card (automatic),94.7,8.599943000811983
No,Yes,Yes,35,No,No,No internet service,No internet service,No internet service,No internet service,No internet service,No internet service,Two year,No,Mailed check,19.6,6.5337161608738255
Yes,No,No,56,Yes,Fiber optic,No,Yes,Yes,Yes,Yes,No,Two year,Yes,Bank transfer (automatic),99.9,8.649501336178066
No,Yes,Yes,24,No,No,No internet service,No internet service,No internet service,No internet service,No internet service,No internet service,Two year,Yes,Credit card (automatic),21.1,6.197767081226165
No,Yes,Yes,70,No,No,No internet service,No internet service,No internet service,No internet service,No internet service,No internet service,Two year,No,Credit card (automatic),20.05,7.21615867424717
No,No,No,2,No,Fiber optic,No,No,No,No,Yes,No,Month-to-month,Yes,Electronic check,79.95,5.167354102029224
Yes,Yes,Yes,68,Yes,Fiber optic,No,No,Yes,Yes,Yes,Yes,One year,Yes,Credit card (automatic),107.15,8.906637312803555
No,No,No,1,Yes,Fiber optic,No,No,No,No,No,Yes,Month-to-month,Yes,Electronic check,85.0,4.454347296253507
No,No,No,12,Yes,Fiber optic,No,No,Yes,No,Yes,No,Month-to-month,Yes,Electronic check,89.55,6.930250356809508
No,Yes,No,63,Yes,Fiber optic,No,Yes,No,No,No,No,Month-to-month,Yes,Bank transfer (automatic),81.55,8.523185203402234
No,Yes,Yes,33,No,DSL,Yes,Yes,Yes,No,No,No,One year,Yes,Mailed check,58.45,7.5788613286652025
No,Yes,No,69,No,Fiber optic,No,Yes,No,No,Yes,Yes,One year,Yes,Credit card (automatic),95.65,8.81658641979603
No,Yes,Yes,60,No,DSL,No,Yes,Yes,Yes,Yes,Yes,Two year,Yes,Bank transfer (automatic),80.6,8.50667810111647
No,Yes,Yes,72,Yes,Fiber optic,Yes,Yes,Yes,Yes,Yes,Yes,Two year,Yes,Bank transfer (automatic),113.1,9.017907871431499
No,No,No,11,Yes,DSL,No,No,No,No,No,Yes,Month-to-month,Yes,Mailed check,58.95,6.401253626696201
No,No,No,1,No,No,No internet service,No internet service,No internet service,No internet service,No internet service,No internet service,Month-to-month,No,Mailed check,19.55,3.022860940942244
No,No,No,10,Yes,Fiber optic,No,No,No,No,Yes,No,Month-to-month,Yes,Bank transfer (automatic),86.05,6.727551478159183
No,No,No,13,No phone service,DSL,Yes,No,No,Yes,Yes,No,Month-to-month,Yes,Credit card (automatic),45.55,6.393590753950631
No,Yes,Yes,34,No,Fiber optic,No,No,No,No,No,Yes,One year,Yes,Bank transfer (automatic),78.95,7.881635442905656
No,Yes,Yes,39,No,Fiber optic,No,Yes,No,No,Yes,No,Month-to-month,Yes,Mailed check,86.3,8.09162741160107
No,No,No,65,Yes,Fiber optic,No,Yes,No,Yes,Yes,Yes,One year,Yes,Bank transfer (automatic),105.05,8.816593832447202
Yes,Yes,No,50,Yes,Fiber optic,Yes,Yes,Yes,No,Yes,No,One year,Yes,Bank transfer (automatic),101.9,8.569121284276596
No,No,No,15,No,No,No internet service,No internet service,No internet service,No internet service,No internet service,No internet service,Month-to-month,No,Mailed check,19.75,5.744924417987376
No,Yes,Yes,72,Yes,Fiber optic,Yes,Yes,Yes,No,Yes,Yes,Two year,Yes,Bank transfer (automatic),110.3,8.983176248984876
No,Yes,Yes,72,Yes,Fiber optic,Yes,Yes,Yes,Yes,Yes,Yes,Two year,Yes,Bank transfer (automatic),115.6,9.014495789849754
No,Yes,Yes,55,No,No,No internet service,No internet service,No internet service,No internet service,No internet service,No internet service,Two year,No,Bank transfer (automatic),19.35,7.051206061387099
No,Yes,Yes,23,Yes,No,No internet service,No internet service,No internet service,No internet service,No internet service,No internet service,Two year,Yes,Credit card (automatic),25.6,6.245622151951361
No,No,No,32,Yes,Fiber optic,No,Yes,No,No,No,No,Month-to-month,Yes,Bank transfer (automatic),80.35,7.862169968947402
No,Yes,Yes,56,Yes,DSL,Yes,No,Yes,No,No,Yes,One year,Yes,Bank transfer (automatic),68.75,8.245121966478605
No,No,No,1,No,No,No internet service,No internet service,No internet service,No internet service,No internet service,No internet service,Month-to-month,No,Bank transfer (automatic),19.9,3.039749158970765
No,No,No,38,No,DSL,Yes,Yes,No,Yes,Yes,No,One year,No,Mailed check,70.6,7.904408667340748
No,No,No,11,No,Fiber optic,No,No,No,No,No,No,Month-to-month,No,Electronic check,70.2,6.634699058725675
No,No,No,1,No,DSL,No,No,No,Yes,No,No,Month-to-month,Yes,Electronic check,49.3,3.9180050771056933
No,Yes,No,56,Yes,Fiber optic,No,Yes,No,Yes,Yes,Yes,One year,Yes,Electronic check,107.25,8.70521513674627
No,Yes,No,3,Yes,No,No internet service,No internet service,No internet service,No internet service,No internet service,No internet service,Month-to-month,Yes,Mailed check,23.6,4.500365071621965
No,Yes,Yes,7,No,DSL,Yes,No,No,No,Yes,Yes,Month-to-month,No,Credit card (automatic),69.7,6.248332967823813
No,Yes,Yes,59,Yes,Fiber optic,No,No,Yes,No,Yes,Yes,Two year,Yes,Credit card (automatic),99.5,8.67637405576855
No,No,No,7,No,DSL,No,No,Yes,Yes,Yes,No,Month-to-month,No,Bank transfer (automatic),64.3,6.1024467315338615
No,Yes,Yes,71,No,DSL,Yes,No,Yes,Yes,No,Yes,Two year,Yes,Credit card (automatic),70.85,8.512060039304489
No,Yes,Yes,15,No,Fiber optic,Yes,No,No,Yes,Yes,Yes,One year,No,Electronic check,101.9,7.419530451783716
No,Yes,No,71,Yes,DSL,Yes,Yes,No,Yes,Yes,No,Two year,No,Credit card (automatic),73.5,8.586486017912186
No,No,No,35,Yes,Fiber optic,No,No,Yes,No,Yes,Yes,Month-to-month,Yes,Electronic check,100.25,8.168656470693966
No,No,No,11,No phone service,DSL,No,Yes,Yes,Yes,No,No,One year,Yes,Credit card (automatic),40.4,6.048789613727251
No,Yes,Yes,60,No,No,No internet service,No internet service,No internet service,No internet service,No internet service,No internet service,Two year,Yes,Credit card (automatic),19.25,7.006921650476636
Yes,No,No,47,Yes,DSL,No,Yes,No,Yes,No,No,Two year,No,Bank transfer (automatic),59.6,7.9211727215870145
No,No,No,11,No,DSL,No,No,Yes,Yes,No,Yes,One year,No,Credit card (automatic),64.9,6.548577204825286
No,Yes,No,56,Yes,Fiber optic,No,Yes,No,No,Yes,Yes,One year,No,Credit card (automatic),100.3,8.633277006436819
Yes,Yes,No,28,Yes,Fiber optic,No,Yes,Yes,Yes,Yes,Yes,Month-to-month,Yes,Electronic check,110.85,8.072592166559476
No,Yes,No,61,No,DSL,Yes,Yes,No,Yes,Yes,Yes,Two year,Yes,Mailed check,81.05,8.465615646106905
No,Yes,Yes,31,Yes,Fiber optic,Yes,No,Yes,No,Yes,No,One year,No,Bank transfer (automatic),98.05,8.033690863299137
No,No,No,9,No,Fiber optic,No,No,No,No,No,No,Month-to-month,Yes,Electronic check,70.5,6.395094639270416
Yes,Yes,No,35,Yes,Fiber optic,Yes,Yes,No,No,No,Yes,Month-to-month,Yes,Electronic check,94.55,8.121599203103337
No,No,No,2,No,No,No internet service,No internet service,No internet service,No internet service,No internet service,No internet service,Month-to-month,Yes,Mailed check,19.65,3.6838669122903918
No,Yes,Yes,12,No,No,No internet service,No internet service,No internet service,No internet service,No internet service,No internet service,Month-to-month,No,Mailed check,19.0,5.457668784774467
No,No,No,1,No,Fiber optic,Yes,No,No,No,No,No,Month-to-month,No,Mailed check,75.3,4.334672938290411
Yes,No,No,4,Yes,Fiber optic,No,No,Yes,No,Yes,No,Month-to-month,Yes,Electronic check,89.2,5.849900982786195
No,Yes,Yes,1,No,No,No internet service,No internet service,No internet service,No internet service,No internet service,No internet service,Month-to-month,Yes,Mailed check,19.0,2.995732273553991
No,No,No,3,No,No,No internet service,No internet service,No internet service,No internet service,No internet service,No internet service,Month-to-month,Yes,Mailed check,20.0,4.138361447638875
Yes,No,No,1,Yes,Fiber optic,No,No,No,No,Yes,No,Month-to-month,Yes,Electronic check,85.7,4.462453883786496
No,No,No,52,No,DSL,Yes,Yes,No,No,Yes,No,Two year,Yes,Credit card (automatic),63.25,8.114758486993102
No,Yes,Yes,5,No,No,No internet service,No internet service,No internet service,No internet service,No internet service,No internet service,One year,No,Mailed check,20.1,4.455509411433685
No,Yes,No,72,Yes,Fiber optic,Yes,Yes,Yes,No,No,Yes,Two year,Yes,Electronic check,99.15,8.912352038668999
No,Yes,Yes,71,Yes,DSL,Yes,Yes,Yes,Yes,Yes,Yes,Two year,No,Electronic check,90.4,8.80523269998012
No,Yes,No,72,Yes,Fiber optic,Yes,No,Yes,Yes,Yes,Yes,Two year,Yes,Credit card (automatic),111.9,8.996162756265996
No,Yes,Yes,46,Yes,No,No internet service,No internet service,No internet service,No internet service,No internet service,No internet service,One year,No,Electronic check,24.9,7.069704045968154
No,Yes,Yes,63,Yes,DSL,Yes,Yes,Yes,No,Yes,Yes,Two year,No,Credit card (automatic),83.5,8.600798775271034
No,No,No,30,No,Fiber optic,Yes,Yes,Yes,No,No,No,Month-to-month,Yes,Credit card (automatic),84.3,7.799589370422301
No,No,No,1,No,DSL,No,No,No,No,No,No,Month-to-month,No,Mailed check,45.6,3.8416005411316
No,No,No,12,Yes,DSL,Yes,No,Yes,Yes,No,No,Month-to-month,Yes,Mailed check,61.65,6.571932831202421
No,No,No,16,No phone service,DSL,Yes,Yes,Yes,Yes,Yes,No,Two year,No,Mailed check,54.85,6.821271035760359
No,No,No,4,Yes,DSL,No,No,No,Yes,No,Yes,Month-to-month,No,Mailed check,65.55,5.473110656921199
No,Yes,No,51,Yes,Fiber optic,No,Yes,No,No,No,Yes,One year,Yes,Credit card (automatic),90.35,8.437186316434035
No,Yes,No,65,No,No,No internet service,No internet service,No internet service,No internet service,No internet service,No internet service,Two year,Yes,Credit card (automatic),20.4,7.255202780720728
No,No,No,16,No,Fiber optic,No,No,No,Yes,No,No,Month-to-month,Yes,Credit card (automatic),74.55,7.066040257947851
No,No,No,2,No,No,No internet service,No internet service,No internet service,No internet service,No internet service,No internet service,One year,No,Mailed check,19.95,3.885679030088544
No,Yes,Yes,66,Yes,Fiber optic,No,No,No,No,No,No,One year,Yes,Bank transfer (automatic),74.25,8.48884515590075
No,No,No,46,Yes,Fiber optic,No,Yes,Yes,Yes,Yes,Yes,Two year,No,Electronic check,108.65,8.4978472598187
No,No,No,32,Yes,Fiber optic,Yes,No,Yes,Yes,Yes,Yes,One year,Yes,Bank transfer (automatic),109.55,8.19118600464279
No,Yes,No,72,Yes,DSL,Yes,No,Yes,Yes,Yes,Yes,Two year,No,Credit card (automatic),86.65,8.715265058301425
No,Yes,Yes,38,No,DSL,Yes,No,Yes,Yes,Yes,Yes,Two year,No,Credit card (automatic),81.0,8.034598627991073
No,No,Yes,51,No,DSL,No,No,No,Yes,No,No,One year,No,Credit card (automatic),47.85,7.765463053423995
No,Yes,Yes,72,Yes,Fiber optic,Yes,Yes,Yes,Yes,Yes,Yes,Two year,No,Bank transfer (automatic),114.55,9.024859830841061
Yes,Yes,No,65,Yes,Fiber optic,Yes,No,Yes,No,Yes,Yes,Month-to-month,No,Bank transfer (automatic),105.25,8.82282323116865
No,Yes,Yes,9,No phone service,DSL,No,Yes,No,No,No,No,Month-to-month,Yes,Electronic check,29.95,5.521260897859579
No,Yes,Yes,9,No,DSL,Yes,Yes,Yes,Yes,No,No,Month-to-month,No,Mailed check,65.0,6.49835744784626
No,No,Yes,66,No,No,No internet service,No internet service,No internet service,No internet service,No internet service,No internet service,Two year,No,Mailed check,20.55,7.2138419431100225
Yes,No,No,44,Yes,Fiber optic,Yes,Yes,Yes,No,Yes,Yes,One year,Yes,Credit card (automatic),109.8,8.489071456099213
No,No,No,50,Yes,DSL,No,No,Yes,Yes,No,Yes,Two year,No,Bank transfer (automatic),69.5,8.137161884564883
No,No,No,15,Yes,DSL,No,No,No,No,No,No,Month-to-month,No,Mailed check,48.85,6.449522105335317
No,No,No,8,No phone service,DSL,No,No,No,No,No,No,Month-to-month,Yes,Credit card (automatic),25.25,5.2327116094500425
Yes,No,No,66,Yes,Fiber optic,No,No,Yes,Yes,Yes,Yes,One year,Yes,Credit card (automatic),102.85,8.850481794220427
No,No,No,57,Yes,Fiber optic,Yes,Yes,No,Yes,No,No,Month-to-month,Yes,Bank transfer (automatic),87.55,8.494098551387365
No,No,No,7,Yes,Fiber optic,No,Yes,No,No,No,No,Month-to-month,Yes,Bank transfer (automatic),78.55,6.261396259920951
Yes,Yes,Yes,10,No phone service,DSL,No,No,No,No,No,Yes,Month-to-month,Yes,Bank transfer (automatic),34.55,5.896054362303324
No,No,No,62,Yes,Fiber optic,Yes,Yes,Yes,No,No,No,One year,Yes,Electronic check,92.05,8.658137043756215
No,Yes,Yes,40,No,Fiber optic,No,No,Yes,No,Yes,No,One year,Yes,Electronic check,85.05,8.118698731788875
No,No,No,20,No,No,No internet service,No internet service,No internet service,No internet service,No internet service,No internet service,Two year,No,Mailed check,19.7,6.011144617874809
No,No,No,7,No,No,No internet service,No internet service,No internet service,No internet service,No internet service,No internet service,Month-to-month,No,Bank transfer (automatic),20.0,4.931592086755803
No,Yes,No,25,No,Fiber optic,No,No,No,Yes,Yes,Yes,Month-to-month,Yes,Electronic check,95.15,7.781848070156106
No,Yes,No,23,Yes,Fiber optic,No,Yes,Yes,No,No,No,Month-to-month,No,Electronic check,84.25,7.585331864551124
Yes,Yes,No,66,Yes,Fiber optic,No,Yes,Yes,No,Yes,Yes,One year,No,Credit card (automatic),104.6,8.827680731065456
Yes,No,No,72,Yes,Fiber optic,No,Yes,Yes,Yes,Yes,Yes,Two year,No,Electronic check,111.65,8.980228850646334
Yes,Yes,No,49,Yes,Fiber optic,No,Yes,No,No,No,Yes,Month-to-month,No,Credit card (automatic),90.05,8.422497822576913
Yes,Yes,Yes,43,Yes,Fiber optic,No,Yes,Yes,Yes,Yes,Yes,Month-to-month,Yes,Bank transfer (automatic),110.75,8.452953292353323
No,Yes,No,46,Yes,DSL,Yes,No,No,No,No,No,Month-to-month,No,Bank transfer (automatic),55.0,7.813975472778525
No,Yes,Yes,72,Yes,DSL,Yes,Yes,Yes,Yes,Yes,Yes,Two year,No,Credit card (automatic),89.85,8.789340217480893
No,No,No,10,No,No,No internet service,No internet service,No internet service,No internet service,No internet service,No internet service,One year,No,Mailed check,20.35,5.177843213080163
No,No,No,40,No phone service,DSL,Yes,No,No,Yes,Yes,Yes,One year,Yes,Bank transfer (automatic),54.55,7.712980362947433
No,Yes,Yes,65,Yes,Fiber optic,No,Yes,Yes,No,Yes,Yes,Month-to-month,Yes,Electronic check,105.5,8.85175646426784
No,No,No,31,No,Fiber optic,No,No,Yes,Yes,Yes,Yes,Two year,No,Bank transfer (automatic),99.45,8.042667352375865
No,Yes,No,68,Yes,DSL,Yes,Yes,Yes,Yes,No,No,Two year,No,Credit card (automatic),70.9,8.499507721360189
Yes,Yes,Yes,56,Yes,Fiber optic,Yes,No,Yes,No,Yes,Yes,One year,Yes,Bank transfer (automatic),104.55,8.664862915143807
No,Yes,No,10,Yes,Fiber optic,No,No,No,No,No,Yes,Month-to-month,Yes,Electronic check,85.25,6.752620782032146
No,Yes,Yes,68,Yes,No,No internet service,No internet service,No internet service,No internet service,No internet service,No internet service,Two year,No,Bank transfer (automatic),25.4,7.390921894754154
No,Yes,Yes,43,No,DSL,No,No,No,No,Yes,No,Month-to-month,No,Electronic check,56.15,7.8241660036568685
No,No,No,1,No,Fiber optic,No,No,No,No,Yes,Yes,Month-to-month,Yes,Electronic check,89.55,4.505902184329423
Yes,No,No,49,No,Fiber optic,No,Yes,Yes,No,No,Yes,One year,Yes,Bank transfer (automatic),89.85,8.363622343453988
No,Yes,Yes,15,Yes,No,No internet service,No internet service,No internet service,No internet service,No internet service,No internet service,Month-to-month,Yes,Electronic check,25.25,5.981035351617443
Yes,Yes,No,20,Yes,Fiber optic,No,No,No,No,Yes,Yes,Month-to-month,Yes,Electronic check,94.55,7.549951211913027
No,No,No,1,No,DSL,No,No,No,No,No,No,Month-to-month,Yes,Mailed check,45.7,3.8437441646748516
No,Yes,Yes,50,Yes,DSL,No,No,Yes,Yes,Yes,No,One year,Yes,Electronic check,69.65,8.14414202904651
Yes,No,No,2,Yes,Fiber optic,No,Yes,No,No,No,Yes,Month-to-month,No,Electronic check,89.5,5.090678001769792
Yes,No,No,24,No,Fiber optic,No,No,No,No,No,No,Month-to-month,No,Credit card (automatic),70.0,7.4579554502221495
No,No,No,3,No,Fiber optic,No,No,No,No,No,No,Month-to-month,Yes,Bank transfer (automatic),69.55,5.408516158846112
No,No,No,1,No,Fiber optic,No,No,Yes,No,No,No,Month-to-month,Yes,Mailed check,74.6,4.3254562831854875
No,Yes,Yes,35,No,No,No internet service,No internet service,No internet service,No internet service,No internet service,No internet service,Two year,No,Mailed check,20.1,6.486618001479677
No,No,No,17,Yes,No,No internet service,No internet service,No internet service,No internet service,No internet service,No internet service,Month-to-month,No,Mailed check,24.8,6.165942926440911
Yes,No,No,8,No,No,No internet service,No internet service,No internet service,No internet service,No internet service,No internet service,Month-to-month,No,Electronic check,19.65,5.107762004826979
No,No,No,10,No,Fiber optic,No,No,No,Yes,Yes,Yes,Month-to-month,Yes,Credit card (automatic),95.1,6.764000375336999
No,Yes,Yes,68,Yes,DSL,Yes,Yes,Yes,Yes,Yes,Yes,Two year,Yes,Credit card (automatic),88.85,8.721553435750755
No,Yes,No,45,No,DSL,Yes,Yes,Yes,No,Yes,Yes,One year,No,Bank transfer (automatic),78.8,8.188272370947859
No,Yes,Yes,2,No,No,No internet service,No internet service,No internet service,No internet service,No internet service,No internet service,One year,No,Mailed check,19.85,3.6082115510464816
No,Yes,No,37,No,No,No internet service,No internet service,No internet service,No internet service,No internet service,No internet service,Month-to-month,No,Bank transfer (automatic),20.35,6.549149901526457
No,No,No,4,No phone service,DSL,No,No,No,No,No,No,Month-to-month,Yes,Mailed check,24.25,4.57522630961502
No,No,No,10,No,DSL,No,No,No,No,No,No,Month-to-month,No,Mailed check,45.25,6.063087290780949
No,No,No,1,No,No,No internet service,No internet service,No internet service,No internet service,No internet service,No internet service,Month-to-month,No,Mailed check,20.05,3.0469005601283903
No,Yes,Yes,65,Yes,DSL,Yes,Yes,No,No,No,Yes,Two year,Yes,Mailed check,69.55,8.402937676735553
No,Yes,Yes,57,No,No,No internet service,No internet service,No internet service,No internet service,No internet service,No internet service,Two year,No,Bank transfer (automatic),19.5,7.063561730120337
No,No,No,3,No,Fiber optic,No,No,Yes,No,No,No,Month-to-month,Yes,Mailed check,74.75,5.476881874464279
No,No,No,2,No,Fiber optic,No,No,No,No,No,No,Month-to-month,No,Electronic check,69.65,4.984633491557255
No,No,No,49,No phone service,DSL,No,No,Yes,No,No,No,Month-to-month,Yes,Bank transfer (automatic),30.2,7.28214243151944
No,No,No,4,No,DSL,No,No,No,No,No,No,Month-to-month,No,Mailed check,45.65,5.257755754791914
No,Yes,No,70,No phone service,DSL,No,Yes,Yes,Yes,Yes,Yes,Two year,No,Bank transfer (automatic),57.8,8.304074225623992
No,Yes,Yes,53,No,No,No internet service,No internet service,No internet service,No internet service,No internet service,No internet service,One year,Yes,Bank transfer (automatic),19.85,6.947408590858789
No,Yes,Yes,53,Yes,No,No internet service,No internet service,No internet service,No internet service,No internet service,No internet service,Two year,No,Credit card (automatic),25.55,7.198258368620619
No,No,No,1,Yes,Fiber optic,No,No,No,No,No,No,Month-to-month,Yes,Mailed check,75.05,4.331391018705302
No,No,No,22,Yes,No,No internet service,No internet service,No internet service,No internet service,No internet service,No internet service,Month-to-month,Yes,Credit card (automatic),24.85,6.203344906143481
Yes,No,No,52,No phone service,DSL,No,Yes,No,No,Yes,Yes,Month-to-month,Yes,Electronic check,49.15,7.844593458743952
Yes,No,No,65,Yes,Fiber optic,Yes,No,Yes,Yes,Yes,Yes,Two year,Yes,Electronic check,110.35,8.888363567115029
No,No,No,48,Yes,No,No internet service,No internet service,No internet service,No internet service,No internet service,No internet service,One year,No,Bank transfer (automatic),24.55,7.094193351287931
No,No,No,2,No phone service,DSL,No,No,No,No,No,Yes,Month-to-month,Yes,Electronic check,34.7,4.1470951276076295
No,No,No,3,Yes,Fiber optic,No,Yes,Yes,No,Yes,Yes,Month-to-month,No,Mailed check,107.95,5.751301990624177
No,Yes,No,45,Yes,Fiber optic,No,Yes,No,No,No,No,Month-to-month,No,Bank transfer (automatic),81.4,8.236645607865055
No,Yes,Yes,1,No,Fiber optic,No,No,No,No,No,Yes,Month-to-month,No,Electronic check,80.0,4.394449154672439
No,Yes,Yes,61,No,DSL,No,No,Yes,Yes,Yes,Yes,Two year,Yes,Bank transfer (automatic),73.8,8.437511251991344
No,No,No,3,No,DSL,Yes,No,No,Yes,Yes,No,Month-to-month,Yes,Credit card (automatic),64.4,5.281425498877819
Yes,No,No,40,Yes,Fiber optic,No,No,Yes,Yes,Yes,Yes,One year,Yes,Credit card (automatic),103.75,8.340312804571665
No,No,No,1,No,Fiber optic,No,No,No,No,No,No,Month-to-month,No,Mailed check,71.1,4.278054044290903
No,No,No,1,No,DSL,No,No,No,Yes,No,No,Month-to-month,Yes,Electronic check,49.9,3.929862923556477
No,No,No,51,Yes,No,No internet service,No internet service,No internet service,No internet service,No internet service,No internet service,One year,Yes,Bank transfer (automatic),24.6,7.144722836889416
Yes,No,No,2,No,DSL,Yes,No,No,No,No,No,Month-to-month,Yes,Electronic check,49.25,4.522874943261261
No,No,No,52,No phone service,DSL,No,Yes,No,No,No,No,One year,No,Mailed check,30.1,7.392893795812142
No,No,No,51,Yes,Fiber optic,No,No,No,No,No,Yes,Month-to-month,No,Bank transfer (automatic),83.4,8.330972041081171
No,No,No,1,No,No,No internet service,No internet service,No internet service,No internet service,No internet service,No internet service,Month-to-month,Yes,Mailed check,20.45,3.065724645374026
No,Yes,Yes,31,Yes,DSL,Yes,Yes,No,Yes,No,Yes,One year,Yes,Bank transfer (automatic),75.25,7.760253877768513
No,No,Yes,47,No,No,No internet service,No internet service,No internet service,No internet service,No internet service,No internet service,One year,No,Credit card (automatic),20.55,6.921707492600141
No,No,No,3,Yes,Fiber optic,No,No,No,No,No,No,Month-to-month,Yes,Credit card (automatic),75.1,5.604698516432302
Yes,No,No,22,No,No,No internet service,No internet service,No internet service,No internet service,No internet service,No internet service,One year,Yes,Mailed check,20.05,6.035481432524756
No,Yes,No,1,No,No,No internet service,No internet service,No internet service,No internet service,No internet service,No internet service,Month-to-month,Yes,Mailed check,20.65,3.075005454448499
No,Yes,No,72,Yes,DSL,No,Yes,Yes,Yes,Yes,Yes,Two year,Yes,Bank transfer (automatic),85.15,8.7510313509959
No,Yes,Yes,3,No,DSL,No,No,Yes,No,No,No,Month-to-month,Yes,Electronic check,50.15,5.130785895226717
Yes,Yes,Yes,47,No,Fiber optic,No,Yes,No,No,Yes,No,One year,Yes,Bank transfer (automatic),84.95,8.298800835277511
No,Yes,Yes,72,Yes,DSL,Yes,No,Yes,Yes,No,No,Two year,Yes,Credit card (automatic),66.5,8.478992757600935
No,Yes,Yes,66,Yes,DSL,No,No,Yes,No,Yes,No,Two year,Yes,Bank transfer (automatic),63.3,8.340623063401615
No,No,No,35,Yes,Fiber optic,No,No,No,No,Yes,No,Month-to-month,No,Electronic check,83.15,7.954881272183045
No,No,No,29,Yes,Fiber optic,No,No,No,No,No,Yes,Month-to-month,Yes,Electronic check,84.9,7.830902451652778
No,No,No,2,No,No,No internet service,No internet service,No internet service,No internet service,No internet service,No internet service,Month-to-month,Yes,Mailed check,20.55,3.543853682063679
No,No,No,4,No,DSL,No,Yes,No,No,No,No,Month-to-month,No,Mailed check,49.25,5.344485047393044
No,No,No,25,No,Fiber optic,Yes,Yes,No,No,No,No,Month-to-month,Yes,Bank transfer (automatic),79.85,7.609044225233705
No,No,No,65,No,DSL,Yes,Yes,No,Yes,No,No,Two year,Yes,Mailed check,59.6,8.22705477127775
Yes,No,No,27,Yes,Fiber optic,No,Yes,No,Yes,Yes,Yes,One year,Yes,Bank transfer (automatic),104.65,7.994632311431825
No,Yes,No,29,No,Fiber optic,No,No,Yes,No,No,No,Month-to-month,Yes,Credit card (automatic),75.3,7.725065102162505
No,Yes,Yes,29,Yes,DSL,No,Yes,Yes,No,Yes,Yes,Month-to-month,No,Credit card (automatic),80.1,7.702013960910494
No,No,No,1,No,No,No internet service,No internet service,No internet service,No internet service,No internet service,No internet service,Month-to-month,No,Mailed check,19.55,3.022860940942244
No,Yes,No,20,No,Fiber optic,No,No,Yes,Yes,No,No,Month-to-month,Yes,Mailed check,81.0,7.4293427853921585
No,No,No,58,Yes,No,No internet service,No internet service,No internet service,No internet service,No internet service,No internet service,Two year,Yes,Credit card (automatic),24.7,7.326465613840322
No,No,Yes,14,Yes,Fiber optic,Yes,No,No,Yes,No,No,Month-to-month,Yes,Mailed check,86.0,7.060519283533766
No,Yes,No,72,Yes,No,No internet service,No internet service,No internet service,No internet service,No internet service,No internet service,Two year,No,Mailed check,25.4,7.445359143780733
No,No,No,46,Yes,Fiber optic,Yes,No,No,No,Yes,No,Month-to-month,Yes,Credit card (automatic),89.15,8.353862167553196
No,Yes,No,71,No phone service,DSL,No,Yes,Yes,Yes,Yes,Yes,Two year,No,Bank transfer (automatic),58.25,8.330116346138421
No,No,No,32,Yes,Fiber optic,No,No,No,No,No,Yes,Month-to-month,Yes,Bank transfer (automatic),85.65,7.888071900620851
No,No,No,26,No phone service,DSL,No,No,Yes,No,Yes,Yes,Month-to-month,Yes,Credit card (automatic),50.35,7.153442794731241
Yes,Yes,No,68,Yes,Fiber optic,No,No,Yes,No,No,No,Month-to-month,Yes,Credit card (automatic),80.35,8.628788231972079
No,Yes,Yes,2,No,No,No internet service,No internet service,No internet service,No internet service,No internet service,No internet service,One year,No,Mailed check,20.2,3.5765502691400166
No,Yes,Yes,61,No,No,No internet service,No internet service,No internet service,No internet service,No internet service,No internet service,Two year,No,Credit card (automatic),20.55,7.175451457345406
No,Yes,Yes,4,Yes,Fiber optic,No,No,No,No,No,Yes,Month-to-month,Yes,Electronic check,85.95,5.946205640702368
No,No,No,3,No,DSL,No,No,No,No,No,No,Month-to-month,Yes,Electronic check,45.35,4.959341999708705
Yes,Yes,No,33,Yes,Fiber optic,No,No,No,No,Yes,Yes,Month-to-month,Yes,Electronic check,94.5,8.041268064658302
Yes,Yes,No,9,No,No,No internet service,No internet service,No internet service,No internet service,No internet service,No internet service,Month-to-month,Yes,Mailed check,21.25,5.325689313343887
No,No,No,22,Yes,No,No internet service,No internet service,No internet service,No internet service,No internet service,No internet service,Two year,No,Mailed check,26.25,6.408364032841809
No,Yes,Yes,5,No,Fiber optic,No,No,No,No,Yes,No,Month-to-month,Yes,Electronic check,80.85,5.878015854600402
Yes,No,No,30,Yes,Fiber optic,Yes,Yes,Yes,No,No,No,Month-to-month,No,Credit card (automatic),91.7,7.922677940263891
No,No,No,65,Yes,DSL,No,Yes,Yes,Yes,No,Yes,Two year,Yes,Credit card (automatic),74.2,8.47775565475844
No,No,No,45,Yes,Fiber optic,No,No,Yes,Yes,No,No,Month-to-month,Yes,Electronic check,87.25,8.27962104678323
No,No,No,5,No,No,No internet service,No internet service,No internet service,No internet service,No internet service,No internet service,Month-to-month,No,Mailed check,20.35,4.54063166485052
No,Yes,Yes,25,No,Fiber optic,No,Yes,No,No,No,No,Month-to-month,Yes,Electronic check,75.5,7.55068753087758
No,Yes,Yes,72,Yes,Fiber optic,Yes,No,No,No,No,No,Two year,No,Bank transfer (automatic),79.05,8.653767449825429
No,Yes,No,27,Yes,Fiber optic,No,No,Yes,No,No,Yes,Month-to-month,No,Bank transfer (automatic),90.15,7.79333935007713
No,Yes,Yes,32,No phone service,DSL,No,No,Yes,No,Yes,Yes,Month-to-month,No,Credit card (automatic),50.6,7.411223906294559
No,No,No,30,Yes,Fiber optic,No,Yes,Yes,Yes,Yes,Yes,One year,No,Credit card (automatic),110.45,8.110141825866702
No,Yes,No,70,No,Fiber optic,Yes,Yes,Yes,Yes,No,Yes,Two year,No,Credit card (automatic),101.0,8.86594684460696
Yes,No,No,42,Yes,Fiber optic,No,Yes,No,No,No,No,Month-to-month,Yes,Bank transfer (automatic),79.35,8.115251867481689
Yes,Yes,No,72,Yes,DSL,Yes,Yes,Yes,Yes,Yes,Yes,Two year,Yes,Bank transfer (automatic),89.85,8.809616506393237
No,No,No,47,Yes,DSL,Yes,No,Yes,Yes,No,No,Two year,Yes,Mailed check,65.0,7.965858024312037
No,No,No,2,No,Fiber optic,Yes,No,Yes,No,No,No,Month-to-month,Yes,Electronic check,80.45,4.9279780604152466
No,No,No,10,Yes,Fiber optic,Yes,No,No,No,Yes,Yes,Month-to-month,No,Electronic check,98.55,6.917259965996383
No,Yes,Yes,61,Yes,No,No internet service,No internet service,No internet service,No internet service,No internet service,No internet service,Two year,Yes,Mailed check,24.1,7.34768622397158
No,No,No,5,No,DSL,No,No,No,No,No,No,Month-to-month,Yes,Credit card (automatic),44.05,5.313944622433736
Yes,Yes,No,72,Yes,Fiber optic,No,Yes,Yes,Yes,Yes,Yes,Two year,Yes,Credit card (automatic),110.8,8.972495534371573
Yes,Yes,Yes,72,Yes,Fiber optic,Yes,Yes,Yes,Yes,Yes,Yes,Two year,Yes,Bank transfer (automatic),114.95,9.011572309803286
Yes,No,No,3,No,Fiber optic,No,No,Yes,No,No,No,Month-to-month,No,Mailed check,75.05,5.31762967758041
No,Yes,No,48,No,No,No internet service,No internet service,No internet service,No internet service,No internet service,No internet service,Two year,No,Mailed check,19.25,6.75238719174844
No,No,No,63,No,Fiber optic,No,No,Yes,Yes,Yes,No,One year,Yes,Credit card (automatic),90.05,8.668711839055147
No,No,No,27,No,DSL,Yes,Yes,No,No,No,No,Month-to-month,Yes,Mailed check,56.7,7.410921645380639
No,Yes,Yes,70,No,DSL,Yes,Yes,Yes,No,Yes,Yes,Two year,Yes,Credit card (automatic),80.15,8.630727212783206
No,Yes,Yes,7,No,DSL,Yes,No,Yes,Yes,No,Yes,Month-to-month,Yes,Credit card (automatic),71.35,6.247559198561878
No,Yes,No,2,No,Fiber optic,Yes,Yes,No,No,Yes,No,Month-to-month,No,Electronic check,90.35,5.2548878086207
Yes,No,No,20,Yes,Fiber optic,No,No,Yes,No,Yes,Yes,Month-to-month,Yes,Electronic check,98.55,7.519583938364494
No,No,No,66,No,No,No internet service,No internet service,No internet service,No internet service,No internet service,No internet service,Two year,No,Bank transfer (automatic),19.7,7.1347314763165235
No,No,No,3,No,No,No internet service,No internet service,No internet service,No internet service,No internet service,No internet service,Month-to-month,No,Mailed check,19.85,4.063885354737392
No,No,Yes,15,No,Fiber optic,No,Yes,No,No,No,Yes,Month-to-month,Yes,Bank transfer (automatic),85.9,7.1472051565706565
No,Yes,Yes,72,Yes,Fiber optic,Yes,Yes,No,Yes,No,No,Two year,Yes,Bank transfer (automatic),90.35,8.789416388805472
No,No,No,1,No,No,No internet service,No internet service,No internet service,No internet service,No internet service,No internet service,Month-to-month,No,Mailed check,20.8,3.0819099697950434
No,No,No,22,No,Fiber optic,No,No,No,No,Yes,Yes,Month-to-month,No,Electronic check,89.25,7.554256245468311
No,Yes,No,3,No,Fiber optic,No,No,No,No,No,No,Month-to-month,Yes,Electronic check,70.3,5.346392989779599
No,Yes,Yes,72,Yes,DSL,Yes,No,Yes,Yes,No,No,Two year,No,Bank transfer (automatic),66.85,8.467960929536012
No,Yes,Yes,65,No,No,No internet service,No internet service,No internet service,No internet service,No internet service,No internet service,Two year,No,Mailed check,19.9,7.165184308262897
No,No,No,11,No phone service,DSL,No,No,No,No,Yes,No,Month-to-month,Yes,Mailed check,35.8,5.897565870663924
No,No,No,22,Yes,Fiber optic,No,Yes,No,No,No,No,Month-to-month,Yes,Mailed check,78.85,7.378539853210944
No,No,No,14,No,No,No internet service,No internet service,No internet service,No internet service,No internet service,No internet service,One year,No,Bank transfer (automatic),20.4,5.62293388679288
No,No,No,41,No,Fiber optic,No,No,No,Yes,No,No,Month-to-month,Yes,Electronic check,74.25,8.035958731827685
No,Yes,No,17,No,DSL,Yes,Yes,No,No,No,Yes,One year,No,Mailed check,64.8,7.070384202430356
No,No,No,11,No,No,No internet service,No internet service,No internet service,No internet service,No internet service,No internet service,Month-to-month,Yes,Credit card (automatic),20.45,5.473530384104697
No,No,No,15,Yes,Fiber optic,No,No,No,No,Yes,Yes,Month-to-month,Yes,Electronic check,93.35,7.2763143263943215
No,No,No,1,No,No,No internet service,No internet service,No internet service,No internet service,No internet service,No internet service,Month-to-month,No,Mailed check,19.9,3.039749158970765
No,Yes,No,5,No,Fiber optic,Yes,No,Yes,No,No,Yes,Month-to-month,Yes,Mailed check,88.9,6.120627034951298
No,Yes,No,33,No,Fiber optic,No,No,Yes,No,Yes,Yes,One year,Yes,Electronic check,95.8,8.01887238878872
No,Yes,No,72,Yes,Fiber optic,Yes,Yes,Yes,No,Yes,Yes,Two year,Yes,Credit card (automatic),110.65,8.99549355735883
No,Yes,Yes,3,No phone service,DSL,No,Yes,No,No,No,Yes,Month-to-month,No,Mailed check,40.3,4.537961436294641
No,No,No,2,Yes,Fiber optic,No,Yes,No,No,No,No,Month-to-month,Yes,Electronic check,82.0,5.2238631806230895
No,Yes,No,59,Yes,Fiber optic,Yes,Yes,Yes,Yes,No,Yes,One year,Yes,Credit card (automatic),107.0,8.724743802255968
No,No,No,2,No,DSL,No,No,No,No,No,No,Month-to-month,No,Electronic check,45.35,4.505349850705881
No,Yes,Yes,71,No,DSL,No,Yes,No,Yes,Yes,Yes,Two year,Yes,Credit card (automatic),73.35,8.547819384957998
No,Yes,Yes,5,No,DSL,No,No,No,No,No,No,Month-to-month,No,Mailed check,44.8,5.400196830369207
No,Yes,Yes,27,No,DSL,Yes,Yes,No,No,No,No,Month-to-month,Yes,Credit card (automatic),54.75,7.320725486576075
No,No,No,1,No,DSL,No,No,No,Yes,No,No,Month-to-month,Yes,Electronic check,52.2,3.9740583963475986
No,No,Yes,63,No phone service,DSL,Yes,Yes,No,Yes,No,No,One year,Yes,Bank transfer (automatic),40.6,7.859393849487934
Yes,No,No,46,Yes,Fiber optic,Yes,Yes,Yes,No,Yes,Yes,One year,Yes,Electronic check,110.0,8.492039472532698
No,Yes,Yes,72,Yes,DSL,Yes,No,No,No,No,No,Two year,No,Bank transfer (automatic),55.3,8.290192209774723
No,Yes,No,34,Yes,DSL,Yes,No,No,Yes,No,No,Month-to-month,Yes,Bank transfer (automatic),60.85,7.603199818590766
No,Yes,Yes,24,Yes,DSL,Yes,Yes,No,No,Yes,Yes,One year,No,Electronic check,78.4,7.513927445527675
No,No,No,72,Yes,DSL,Yes,Yes,Yes,Yes,No,No,Two year,No,Bank transfer (automatic),69.65,8.49887645963034
No,Yes,Yes,60,No phone service,DSL,Yes,No,Yes,Yes,Yes,Yes,Two year,No,Credit card (automatic),59.85,8.186241687467723
No,No,No,68,Yes,DSL,Yes,Yes,Yes,No,No,Yes,One year,Yes,Credit card (automatic),76.9,8.521981708148035
No,Yes,Yes,8,No,No,No internet service,No internet service,No internet service,No internet service,No internet service,No internet service,Two year,Yes,Mailed check,19.85,4.994505912166372
No,No,Yes,34,No,DSL,Yes,No,Yes,Yes,Yes,No,Two year,No,Credit card (automatic),67.65,7.758034405262377
No,No,No,6,No phone service,DSL,No,No,No,No,Yes,Yes,Month-to-month,No,Credit card (automatic),45.0,5.702781974322617
No,Yes,No,2,No,DSL,No,Yes,No,Yes,No,Yes,Month-to-month,Yes,Mailed check,64.2,4.974317031422144
No,No,No,31,Yes,Fiber optic,No,No,No,Yes,No,No,One year,No,Credit card (automatic),81.7,7.843711373830195
No,Yes,Yes,20,Yes,No,No internet service,No internet service,No internet service,No internet service,No internet service,No internet service,Month-to-month,Yes,Bank transfer (automatic),25.55,6.231268539315299
No,Yes,Yes,1,No,No,No internet service,No internet service,No internet service,No internet service,No internet service,No internet service,Month-to-month,No,Electronic check,20.0,3.044522437723423
No,No,No,62,Yes,Fiber optic,No,No,Yes,No,Yes,Yes,One year,Yes,Electronic check,96.75,8.72036258072303
Yes,Yes,No,70,Yes,Fiber optic,No,No,No,No,No,No,Two year,Yes,Credit card (automatic),75.65,8.596447896389488
No,No,No,10,Yes,Fiber optic,No,No,No,Yes,Yes,Yes,Month-to-month,Yes,Electronic check,98.5,6.965316389506668
No,Yes,Yes,39,Yes,No,No internet service,No internet service,No internet service,No internet service,No internet service,No internet service,Two year,Yes,Mailed check,23.8,6.80771392480191
No,Yes,No,46,No,DSL,No,Yes,No,Yes,Yes,No,Two year,Yes,Credit card (automatic),64.2,8.009861456904503
No,No,No,6,No,Fiber optic,No,Yes,No,No,Yes,No,Month-to-month,Yes,Electronic check,85.35,6.195323337010325
No,Yes,Yes,72,Yes,DSL,No,No,Yes,No,Yes,Yes,Two year,Yes,Bank transfer (automatic),76.8,8.606933341914624
No,No,No,18,No,DSL,No,No,Yes,Yes,No,No,Month-to-month,No,Credit card (automatic),55.2,6.965174769849623
No,Yes,No,71,Yes,Fiber optic,Yes,No,Yes,Yes,Yes,Yes,Two year,Yes,Credit card (automatic),108.55,8.938137870372788
No,Yes,No,40,Yes,Fiber optic,No,Yes,No,No,Yes,Yes,Month-to-month,Yes,Electronic check,101.3,8.322175377161045
No,No,No,1,No,Fiber optic,No,No,No,No,No,No,Month-to-month,Yes,Electronic check,69.55,4.256321678298823
No,No,No,58,Yes,Fiber optic,No,Yes,Yes,No,Yes,Yes,One year,Yes,Bank transfer (automatic),103.25,8.702618260662822
No,No,No,70,Yes,Fiber optic,Yes,No,No,Yes,Yes,Yes,Two year,Yes,Credit card (automatic),104.0,8.888915355959444
No,Yes,No,42,Yes,No,No internet service,No internet service,No internet service,No internet service,No internet service,No internet service,Two year,No,Electronic check,25.25,7.011394313741623
No,Yes,Yes,34,No phone service,DSL,Yes,No,No,No,No,No,One year,No,Bank transfer (automatic),30.4,6.84550746550261
Yes,No,No,5,No,No,No internet service,No internet service,No internet service,No internet service,No internet service,No internet service,Month-to-month,No,Bank transfer (automatic),20.05,4.555454593742159
No,No,No,25,Yes,Fiber optic,No,No,No,No,Yes,No,Month-to-month,Yes,Mailed check,84.6,7.644464696167211
No,No,No,2,No,Fiber optic,No,No,Yes,No,No,Yes,Month-to-month,Yes,Mailed check,86.2,5.191288793789513
No,Yes,Yes,55,No,Fiber optic,No,Yes,Yes,Yes,Yes,Yes,One year,Yes,Bank transfer (automatic),103.7,8.640781565660856
No,Yes,No,21,Yes,Fiber optic,No,Yes,Yes,Yes,Yes,Yes,Month-to-month,Yes,Electronic check,111.2,7.748503163607648
No,Yes,No,70,Yes,Fiber optic,Yes,Yes,No,Yes,No,No,Two year,Yes,Credit card (automatic),88.0,8.697420890953614
No,Yes,No,61,Yes,Fiber optic,No,No,Yes,Yes,Yes,Yes,Month-to-month,Yes,Electronic check,106.35,8.817645871425219
No,Yes,Yes,43,No,DSL,Yes,No,Yes,Yes,Yes,Yes,Two year,Yes,Credit card (automatic),79.15,8.179648379792052
No,No,No,47,Yes,Fiber optic,No,Yes,Yes,No,Yes,Yes,One year,Yes,Electronic check,103.1,8.495008930280354
No,No,No,5,No,DSL,No,No,Yes,Yes,Yes,No,Month-to-month,Yes,Credit card (automatic),63.95,5.765504533284198
No,No,No,62,Yes,No,No internet service,No internet service,No internet service,No internet service,No internet service,No internet service,Two year,Yes,Credit card (automatic),25.8,7.355609153582088
No,Yes,Yes,16,No,Fiber optic,No,Yes,Yes,No,Yes,No,Month-to-month,Yes,Credit card (automatic),89.45,7.26630346730255
Yes,Yes,No,7,Yes,Fiber optic,No,No,No,No,Yes,Yes,Month-to-month,Yes,Bank transfer (automatic),95.6,6.469792805281196
No,Yes,Yes,14,Yes,No,No internet service,No internet service,No internet service,No internet service,No internet service,No internet service,Month-to-month,No,Mailed check,25.55,5.922784126803076
No,Yes,Yes,60,No,Fiber optic,No,Yes,Yes,No,Yes,No,One year,No,Electronic check,90.95,8.604177901383638
No,Yes,Yes,34,No phone service,DSL,No,No,Yes,Yes,Yes,No,Month-to-month,Yes,Electronic check,44.85,7.274895272768633
No,Yes,No,50,Yes,Fiber optic,Yes,Yes,No,Yes,Yes,Yes,One year,No,Electronic check,108.55,8.632608982915363
No,Yes,Yes,38,Yes,No,No internet service,No internet service,No internet service,No internet service,No internet service,No internet service,Two year,No,Credit card (automatic),25.05,6.872076286525119
No,Yes,Yes,70,No,DSL,Yes,Yes,Yes,Yes,No,Yes,One year,No,Credit card (automatic),74.1,8.560884665040662
No,Yes,Yes,37,Yes,Fiber optic,No,Yes,No,No,Yes,No,Month-to-month,Yes,Electronic check,88.8,8.114190050178992
Yes,No,No,4,No,Fiber optic,No,No,No,No,Yes,No,Month-to-month,Yes,Electronic check,78.85,5.682899263739777
Yes,Yes,Yes,60,Yes,Fiber optic,Yes,Yes,No,No,No,Yes,Month-to-month,Yes,Electronic check,93.25,8.661388768950372
No,Yes,Yes,62,No,DSL,Yes,No,Yes,Yes,No,Yes,One year,No,Credit card (automatic),71.4,8.409229289888296
No,No,No,1,No,DSL,No,No,No,No,No,No,Month-to-month,No,Mailed check,44.4,3.8155121050473024
No,No,No,36,No,DSL,Yes,No,Yes,Yes,Yes,Yes,Month-to-month,Yes,Credit card (automatic),79.2,7.957159816303425
No,No,No,44,No,No,No internet service,No internet service,No internet service,No internet service,No internet service,No internet service,Two year,No,Credit card (automatic),20.4,6.809646185871817
Yes,No,No,55,Yes,Fiber optic,No,No,Yes,No,Yes,Yes,One year,Yes,Electronic check,100.0,8.614374347125786
No,Yes,No,72,Yes,Fiber optic,Yes,No,Yes,No,Yes,Yes,Two year,Yes,Credit card (automatic),105.0,8.934692266679823
No,Yes,Yes,12,No,No,No internet service,No internet service,No internet service,No internet service,No internet service,No internet service,One year,No,Bank transfer (automatic),19.8,5.440684607834958
No,No,No,13,No phone service,DSL,Yes,No,No,No,No,No,Month-to-month,Yes,Bank transfer (automatic),30.85,5.979138897417345
No,No,No,1,No,Fiber optic,No,No,No,No,Yes,Yes,Month-to-month,Yes,Electronic check,89.9,4.509760001183433
No,Yes,Yes,15,No,No,No internet service,No internet service,No internet service,No internet service,No internet service,No internet service,One year,No,Mailed check,20.55,5.693563774461869
No,No,No,65,No,DSL,Yes,Yes,Yes,Yes,Yes,Yes,Two year,Yes,Bank transfer (automatic),84.85,8.605240698104717
No,Yes,Yes,12,No phone service,DSL,Yes,No,No,Yes,No,No,One year,No,Credit card (automatic),33.15,6.09975825674325
No,Yes,No,72,Yes,DSL,Yes,Yes,Yes,Yes,Yes,Yes,Two year,Yes,Credit card (automatic),92.0,8.822196874810368
No,Yes,Yes,72,Yes,DSL,Yes,Yes,Yes,Yes,Yes,Yes,Two year,No,Credit card (automatic),89.8,8.781317444656016
No,Yes,Yes,72,Yes,Fiber optic,Yes,Yes,Yes,Yes,Yes,Yes,Two year,Yes,Bank transfer (automatic),115.8,9.045170873999794
No,No,Yes,52,Yes,DSL,Yes,Yes,No,Yes,Yes,Yes,Two year,Yes,Mailed check,85.15,8.403542854384865
No,No,No,2,Yes,No,No internet service,No internet service,No internet service,No internet service,No internet service,No internet service,Month-to-month,No,Mailed check,24.85,4.143134726391533
No,No,No,5,No,DSL,Yes,No,No,Yes,Yes,No,Month-to-month,Yes,Electronic check,64.35,5.8683077234819985
No,No,No,68,No,No,No internet service,No internet service,No internet service,No internet service,No internet service,No internet service,Two year,No,Credit card (automatic),20.5,7.262558472288074
No,No,Yes,62,Yes,Fiber optic,No,No,Yes,No,Yes,Yes,One year,Yes,Electronic check,100.15,8.766339715935429
No,No,No,72,Yes,DSL,Yes,Yes,No,Yes,Yes,Yes,Two year,No,Credit card (automatic),86.05,8.749993961323483
No,No,No,1,No,DSL,No,Yes,No,No,No,No,Month-to-month,No,Electronic check,50.8,3.9473901492654373
No,Yes,No,66,Yes,Fiber optic,Yes,Yes,No,Yes,No,No,One year,No,Electronic check,89.0,8.682639830985348
No,Yes,Yes,72,No phone service,DSL,Yes,Yes,Yes,Yes,Yes,Yes,Two year,Yes,Credit card (automatic),64.8,8.459722964261687
No,No,No,26,No,No,No internet service,No internet service,No internet service,No internet service,No internet service,No internet service,One year,No,Credit card (automatic),19.8,6.127523991515078
No,Yes,Yes,64,Yes,Fiber optic,Yes,No,Yes,No,No,Yes,Two year,No,Bank transfer (automatic),93.4,8.669622390345156
Yes,Yes,No,20,No,Fiber optic,No,Yes,No,No,No,No,Month-to-month,Yes,Electronic check,73.65,7.289269166267788
No,No,No,3,No,Fiber optic,No,Yes,No,No,Yes,Yes,Month-to-month,Yes,Electronic check,95.1,5.731397641689174
No,No,No,22,Yes,Fiber optic,No,No,No,No,Yes,Yes,Month-to-month,Yes,Credit card (automatic),94.65,7.652331994648445
No,Yes,No,4,No,Fiber optic,No,No,Yes,Yes,No,No,Month-to-month,Yes,Mailed check,80.6,5.768789635964811
No,Yes,No,62,No phone service,DSL,No,No,No,Yes,Yes,No,Two year,Yes,Bank transfer (automatic),39.0,7.757243595710077
No,No,No,5,No,No,No internet service,No internet service,No internet service,No internet service,No internet service,No internet service,Month-to-month,Yes,Mailed check,20.5,4.6568134191399295
No,Yes,No,59,Yes,Fiber optic,No,No,No,No,No,Yes,One year,No,Electronic check,85.55,8.53417812725548
No,No,Yes,3,Yes,No,No internet service,No internet service,No internet service,No internet service,No internet service,No internet service,Two year,Yes,Mailed check,26.4,4.8060681283549815
No,Yes,No,72,Yes,Fiber optic,Yes,No,Yes,Yes,Yes,No,Two year,Yes,Bank transfer (automatic),98.2,8.85607680404628
No,Yes,Yes,57,No,Fiber optic,No,Yes,Yes,No,Yes,Yes,One year,Yes,Credit card (automatic),97.55,8.630343289348893
No,No,Yes,66,No,No,No internet service,No internet service,No internet service,No internet service,No internet service,No internet service,Two year,No,Credit card (automatic),19.95,7.146850916510274
No,No,No,60,No phone service,DSL,No,Yes,No,No,Yes,Yes,Month-to-month,Yes,Electronic check,50.8,8.015789706229151
No,No,Yes,45,Yes,Fiber optic,No,No,Yes,No,Yes,Yes,Two year,No,Bank transfer (automatic),99.7,8.441466987554646
No,No,No,3,No phone service,DSL,No,No,No,No,Yes,No,Month-to-month,Yes,Credit card (automatic),34.8,4.74449725120919
No,No,No,15,No,Fiber optic,Yes,No,Yes,Yes,Yes,Yes,Month-to-month,No,Electronic check,105.1,7.367550731635349
No,No,Yes,51,No phone service,DSL,Yes,No,Yes,Yes,Yes,Yes,One year,No,Bank transfer (automatic),60.15,8.032035314398824
No,No,No,60,Yes,DSL,Yes,No,Yes,Yes,No,No,One year,No,Electronic check,64.75,8.304123725673502
No,No,No,33,Yes,DSL,No,Yes,No,No,No,No,Month-to-month,Yes,Bank transfer (automatic),54.65,7.418300863540809
No,No,No,10,No,Fiber optic,Yes,Yes,Yes,Yes,Yes,Yes,Month-to-month,Yes,Electronic check,110.1,6.951102083485503
Yes,No,No,26,No,No,No internet service,No internet service,No internet service,No internet service,No internet service,No internet service,One year,No,Credit card (automatic),19.3,6.224954390476336
No,No,No,6,No,Fiber optic,No,No,Yes,No,No,Yes,Month-to-month,No,Electronic check,83.9,6.211703885274802
No,Yes,No,67,Yes,Fiber optic,Yes,No,Yes,Yes,Yes,Yes,One year,Yes,Electronic check,111.25,8.924343545366261
No,Yes,Yes,49,No phone service,DSL,Yes,No,No,Yes,No,No,One year,Yes,Credit card (automatic),35.8,7.48605261786314
No,No,No,1,No,No,No internet service,No internet service,No internet service,No internet service,No internet service,No internet service,Month-to-month,Yes,Mailed check,20.05,3.0469005601283903
Yes,No,No,7,No,Fiber optic,No,No,Yes,No,Yes,No,Month-to-month,Yes,Electronic check,84.35,6.414523963617097
Yes,No,No,27,Yes,Fiber optic,Yes,Yes,Yes,No,Yes,Yes,One year,Yes,Bank transfer (automatic),110.5,7.958087273475015
No,Yes,Yes,37,No,Fiber optic,No,No,No,No,Yes,Yes,One year,No,Credit card (automatic),91.2,8.08596402192139
No,Yes,Yes,63,Yes,Fiber optic,Yes,Yes,Yes,No,Yes,No,Month-to-month,Yes,Electronic check,100.55,8.734938196768649
No,Yes,Yes,31,Yes,Fiber optic,Yes,No,Yes,Yes,No,No,Month-to-month,No,Electronic check,89.3,7.945909598613133
No,Yes,Yes,50,Yes,Fiber optic,No,Yes,Yes,No,Yes,Yes,Month-to-month,Yes,Bank transfer (automatic),103.85,8.520966065168736
Yes,No,No,32,Yes,Fiber optic,No,No,Yes,No,No,No,Month-to-month,Yes,Credit card (automatic),81.1,7.8710250120502865
No,No,No,1,No phone service,DSL,No,No,No,No,No,No,Month-to-month,No,Electronic check,24.6,3.242592351485517
No,Yes,No,63,Yes,Fiber optic,No,No,No,Yes,No,No,One year,Yes,Credit card (automatic),81.2,8.510390102796498
No,No,No,30,Yes,Fiber optic,Yes,Yes,No,No,No,Yes,Month-to-month,Yes,Credit card (automatic),94.3,7.893833233429531
No,Yes,No,71,Yes,Fiber optic,Yes,Yes,Yes,Yes,Yes,Yes,Two year,Yes,Bank transfer (automatic),116.1,9.025401392718713
No,No,No,53,Yes,Fiber optic,No,Yes,Yes,No,Yes,Yes,Two year,No,Electronic check,105.55,8.645278531179455
No,No,No,12,No,Fiber optic,Yes,No,No,Yes,Yes,Yes,Month-to-month,Yes,Bank transfer (automatic),98.9,7.022823521809812
No,Yes,No,50,Yes,Fiber optic,Yes,Yes,No,No,No,Yes,Month-to-month,Yes,Credit card (automatic),94.4,8.500230128737776
No,No,No,2,No,No,No internet service,No internet service,No internet service,No internet service,No internet service,No internet service,Month-to-month,No,Mailed check,19.5,3.351656936102019
No,No,No,9,Yes,Fiber optic,No,No,Yes,No,Yes,Yes,Month-to-month,No,Credit card (automatic),98.3,6.829253050827179
No,No,No,17,No,Fiber optic,Yes,No,No,No,Yes,Yes,Month-to-month,No,Electronic check,93.85,7.394277964224954
No,Yes,No,56,No,Fiber optic,Yes,Yes,Yes,No,Yes,Yes,One year,Yes,Credit card (automatic),105.6,8.711056221765077
No,Yes,Yes,67,No,DSL,Yes,Yes,Yes,No,Yes,Yes,Two year,No,Credit card (automatic),81.35,8.594080155734671
Yes,No,No,9,Yes,Fiber optic,No,No,Yes,No,Yes,Yes,Month-to-month,Yes,Electronic check,100.5,6.8239387928890265
No,No,No,4,No,DSL,No,No,No,No,Yes,No,Month-to-month,Yes,Electronic check,56.4,5.463196009730271
No,No,No,19,No,DSL,No,Yes,No,Yes,No,Yes,One year,Yes,Bank transfer (automatic),65.35,7.117083841262619
No,No,Yes,8,No,No,No internet service,No internet service,No internet service,No internet service,No internet service,No internet service,Month-to-month,No,Mailed check,19.95,5.146912912388804
No,No,No,71,Yes,Fiber optic,No,Yes,Yes,Yes,Yes,Yes,Two year,Yes,Electronic check,111.25,8.985338845694965
Yes,No,No,10,No,Fiber optic,No,Yes,No,No,No,No,Month-to-month,Yes,Electronic check,72.85,6.536184222521529
Yes,No,No,15,Yes,Fiber optic,No,Yes,No,No,Yes,No,Month-to-month,No,Credit card (automatic),89.0,7.1618547144167914
No,Yes,Yes,72,Yes,Fiber optic,Yes,No,Yes,No,Yes,Yes,One year,Yes,Bank transfer (automatic),106.1,8.968205114480373
No,No,No,12,No,No,No internet service,No internet service,No internet service,No internet service,No internet service,No internet service,One year,No,Credit card (automatic),20.05,5.5909869805108565
No,Yes,Yes,72,Yes,No,No internet service,No internet service,No internet service,No internet service,No internet service,No internet service,Two year,Yes,Bank transfer (automatic),25.2,7.4954863867854336
Yes,Yes,No,1,Yes,Fiber optic,No,No,No,No,No,No,Month-to-month,Yes,Electronic check,73.55,4.311470041210748
Yes,No,No,23,No,Fiber optic,Yes,No,No,No,No,No,Month-to-month,Yes,Bank transfer (automatic),75.4,7.405222069545139
No,No,No,72,No phone service,DSL,Yes,Yes,Yes,Yes,Yes,Yes,Two year,Yes,Bank transfer (automatic),65.55,8.47813006584538
No,No,No,26,Yes,Fiber optic,No,No,Yes,No,No,No,Month-to-month,Yes,Electronic check,80.7,7.693481640835175
No,No,No,21,No,Fiber optic,No,Yes,Yes,Yes,Yes,Yes,One year,Yes,Mailed check,104.55,7.714409700335677
No,Yes,No,60,Yes,No,No internet service,No internet service,No internet service,No internet service,No internet service,No internet service,One year,No,Bank transfer (automatic),24.15,7.3178098394241085
No,No,No,12,No,No,No internet service,No internet service,No internet service,No internet service,No internet service,No internet service,Month-to-month,No,Mailed check,20.45,5.546543698229709
No,Yes,No,16,Yes,Fiber optic,No,No,No,No,No,No,Month-to-month,Yes,Electronic check,75.4,7.082044664078827
No,Yes,No,63,Yes,DSL,Yes,Yes,No,No,Yes,Yes,One year,Yes,Credit card (automatic),79.7,8.473690523766843
Yes,No,No,22,No,Fiber optic,Yes,Yes,No,No,No,No,Month-to-month,No,Electronic check,81.7,7.507635191571639
No,Yes,Yes,32,No,DSL,Yes,Yes,Yes,Yes,No,Yes,Month-to-month,No,Bank transfer (automatic),76.3,7.7853675506573
Yes,No,No,3,Yes,Fiber optic,No,Yes,No,No,No,No,Month-to-month,Yes,Electronic check,79.4,5.328118857784826
No,No,No,13,No,Fiber optic,No,Yes,Yes,No,No,No,Month-to-month,Yes,Electronic check,81.15,6.8599296494995325
No,Yes,Yes,68,Yes,Fiber optic,No,Yes,No,Yes,Yes,Yes,Two year,Yes,Credit card (automatic),103.75,8.859427367563809
No,Yes,Yes,30,No,Fiber optic,No,No,Yes,No,No,Yes,One year,No,Electronic check,86.45,7.839545274303216
No,No,No,16,No,Fiber optic,No,Yes,No,No,No,No,Month-to-month,No,Bank transfer (automatic),75.1,7.101552405501116
No,No,No,33,No,Fiber optic,No,Yes,No,Yes,No,No,Two year,No,Bank transfer (automatic),80.6,7.883107057985496
No,Yes,No,72,No,No,No internet service,No internet service,No internet service,No internet service,No internet service,No internet service,Two year,No,Credit card (automatic),19.3,7.174571158752533
Yes,No,No,4,Yes,Fiber optic,No,No,No,No,No,Yes,Month-to-month,Yes,Electronic check,84.6,5.889154928283412
No,No,No,12,No phone service,DSL,Yes,No,No,Yes,No,No,One year,Yes,Mailed check,33.6,6.078673821181359
Yes,Yes,No,4,Yes,Fiber optic,No,No,No,No,Yes,No,Month-to-month,Yes,Electronic check,83.25,5.733503076105283
No,No,No,6,Yes,Fiber optic,Yes,No,No,No,No,No,Month-to-month,Yes,Electronic check,79.05,6.0764947962925575
No,Yes,No,65,Yes,Fiber optic,No,Yes,Yes,Yes,Yes,Yes,One year,Yes,Credit card (automatic),108.05,8.870648959363571
No,No,No,15,No,No,No internet service,No internet service,No internet service,No internet service,No internet service,No internet service,Month-to-month,No,Mailed check,19.9,5.772842010587696
No,No,Yes,24,No,No,No internet service,No internet service,No internet service,No internet service,No internet service,No internet service,One year,No,Bank transfer (automatic),21.05,6.277676789889175
No,No,Yes,13,No phone service,DSL,No,Yes,No,No,No,No,Month-to-month,No,Electronic check,30.15,5.948557046096705
No,No,No,24,No,Fiber optic,No,No,No,No,No,Yes,Month-to-month,Yes,Credit card (automatic),79.85,7.601901959875166
No,Yes,No,72,No phone service,DSL,Yes,Yes,Yes,Yes,Yes,Yes,Two year,No,Bank transfer (automatic),65.5,8.501206075788788
No,Yes,Yes,54,Yes,Fiber optic,Yes,Yes,No,No,Yes,Yes,Month-to-month,Yes,Bank transfer (automatic),104.1,8.638844292010045
No,No,No,3,Yes,Fiber optic,No,No,No,No,No,No,Month-to-month,No,Bank transfer (automatic),74.4,5.378975269565491
No,Yes,Yes,4,No,No,No internet service,No internet service,No internet service,No internet service,No internet service,No internet service,Month-to-month,Yes,Mailed check,20.5,4.364371699435161
Yes,Yes,Yes,32,Yes,Fiber optic,No,No,Yes,No,Yes,No,Month-to-month,Yes,Mailed check,91.35,7.971620831320412
Yes,No,No,35,Yes,Fiber optic,No,No,Yes,No,Yes,Yes,Month-to-month,Yes,Electronic check,99.05,8.130589090948991
No,Yes,Yes,35,No,No,No internet service,No internet service,No internet service,No internet service,No internet service,No internet service,Two year,No,Bank transfer (automatic),20.5,6.633778853586468
Yes,No,No,2,No,DSL,No,No,No,No,No,No,Month-to-month,No,Mailed check,44.95,4.456089962973938
No,No,No,8,No,Fiber optic,No,Yes,No,No,No,No,Month-to-month,No,Electronic check,75.6,6.285159754373137
No,No,No,22,No,DSL,Yes,No,No,Yes,No,No,Month-to-month,No,Mailed check,55.1,7.134213331264177
No,No,No,15,No,DSL,Yes,No,Yes,Yes,No,No,Month-to-month,No,Electronic check,58.95,6.862914804508983
No,No,No,22,Yes,Fiber optic,No,No,No,No,Yes,Yes,Month-to-month,Yes,Electronic check,95.1,7.679528779997272
No,Yes,No,1,No,DSL,No,No,No,No,No,No,Month-to-month,No,Credit card (automatic),44.7,3.822098297900159
No,Yes,Yes,71,Yes,No,No internet service,No internet service,No internet service,No internet service,No internet service,No internet service,Two year,No,Bank transfer (automatic),25.45,7.503482555834499
No,No,No,4,No,DSL,Yes,No,Yes,No,No,No,Month-to-month,No,Electronic check,56.75,5.50594110620421
No,No,No,25,Yes,DSL,Yes,Yes,Yes,Yes,No,Yes,Month-to-month,No,Bank transfer (automatic),81.75,7.615692545014718
No,Yes,Yes,32,No,Fiber optic,No,Yes,No,No,Yes,No,Month-to-month,Yes,Electronic check,86.1,7.910131959769421
Yes,Yes,No,7,No phone service,DSL,Yes,No,No,No,No,No,Month-to-month,No,Bank transfer (automatic),29.8,5.400196830369207
No,No,No,17,No,No,No internet service,No internet service,No internet service,No internet service,No internet service,No internet service,One year,Yes,Mailed check,20.5,5.9048167403823095
Yes,Yes,No,8,No,DSL,Yes,No,No,No,Yes,No,Month-to-month,No,Bank transfer (automatic),60.9,6.315267581521369
Yes,No,No,56,Yes,DSL,Yes,No,Yes,Yes,No,Yes,Two year,No,Bank transfer (automatic),73.25,8.30775528715814
Yes,No,No,8,No,Fiber optic,Yes,No,No,Yes,Yes,Yes,Month-to-month,No,Credit card (automatic),100.3,6.725453721988185
No,No,No,7,No,No,No internet service,No internet service,No internet service,No internet service,No internet service,No internet service,Month-to-month,No,Electronic check,19.25,4.730039168033961
No,No,Yes,3,No,No,No internet service,No internet service,No internet service,No internet service,No internet service,No internet service,Month-to-month,No,Mailed check,20.85,4.121473229610353
No,No,No,71,No,DSL,Yes,Yes,Yes,Yes,Yes,No,Two year,No,Credit card (automatic),77.35,8.62175138530001
No,No,No,2,Yes,Fiber optic,No,No,No,No,Yes,Yes,Month-to-month,Yes,Electronic check,96.0,5.169346985251076
No,No,No,1,No,Fiber optic,No,No,No,No,Yes,Yes,Month-to-month,No,Electronic check,90.55,4.51688527112052
No,Yes,No,49,Yes,Fiber optic,Yes,Yes,No,No,Yes,No,Month-to-month,Yes,Bank transfer (automatic),93.85,8.462546913636208
No,No,No,58,No,DSL,No,Yes,Yes,Yes,Yes,No,Two year,No,Bank transfer (automatic),70.1,8.306459814345365
Yes,Yes,No,44,No phone service,DSL,No,Yes,No,No,No,No,Month-to-month,Yes,Electronic check,30.35,7.215754552196813
No,Yes,Yes,59,No,DSL,No,Yes,No,Yes,Yes,Yes,Two year,Yes,Credit card (automatic),75.95,8.421419904394316
No,No,No,71,Yes,Fiber optic,Yes,No,Yes,Yes,Yes,Yes,Two year,Yes,Electronic check,108.05,8.92706856001295
No,No,No,1,No,Fiber optic,No,No,No,No,No,No,Month-to-month,Yes,Electronic check,69.9,4.2612704335380815
No,No,No,11,Yes,Fiber optic,No,No,No,No,No,No,Month-to-month,No,Electronic check,75.25,6.790828126952845
Yes,Yes,No,62,Yes,Fiber optic,No,Yes,Yes,No,Yes,Yes,One year,Yes,Electronic check,103.75,8.761604962188237
No,Yes,Yes,35,No,DSL,Yes,No,No,Yes,No,No,One year,Yes,Bank transfer (automatic),54.95,7.558516743045645
No,No,No,20,No,No,No internet service,No internet service,No internet service,No internet service,No internet service,No internet service,Month-to-month,Yes,Bank transfer (automatic),19.5,6.025865973825314
No,Yes,Yes,40,No,No,No internet service,No internet service,No internet service,No internet service,No internet service,No internet service,Two year,No,Mailed check,19.6,6.696972517366147
No,No,No,39,No,DSL,Yes,No,No,No,No,No,One year,Yes,Electronic check,47.85,7.542955499587233
No,No,No,1,Yes,Fiber optic,No,No,No,No,No,Yes,Month-to-month,Yes,Electronic check,86.6,4.472780997942346
No,Yes,Yes,72,Yes,No,No internet service,No internet service,No internet service,No internet service,No internet service,No internet service,Two year,No,Bank transfer (automatic),23.75,7.4266978708500755
Yes,Yes,No,33,Yes,Fiber optic,No,Yes,No,No,No,No,Month-to-month,Yes,Bank transfer (automatic),80.6,7.885141110216103
No,No,No,12,No,DSL,No,No,No,No,No,No,Month-to-month,No,Bank transfer (automatic),43.8,6.295173746261759
No,No,No,1,No,No,No internet service,No internet service,No internet service,No internet service,No internet service,No internet service,Month-to-month,No,Bank transfer (automatic),19.75,3.0325462466767075
No,No,Yes,27,No,No,No internet service,No internet service,No internet service,No internet service,No internet service,No internet service,Month-to-month,No,Mailed check,19.15,6.288508906261726
No,Yes,Yes,34,No,No,No internet service,No internet service,No internet service,No internet service,No internet service,No internet service,One year,No,Credit card (automatic),19.6,6.521798637262015
No,Yes,No,56,No,Fiber optic,Yes,No,Yes,No,No,No,Two year,No,Bank transfer (automatic),80.3,8.415082943466459
No,No,No,58,Yes,No,No internet service,No internet service,No internet service,No internet service,No internet service,No internet service,Two year,No,Credit card (automatic),24.35,7.261821824004301
No,Yes,Yes,22,Yes,No,No internet service,No internet service,No internet service,No internet service,No internet service,No internet service,Two year,No,Credit card (automatic),25.25,6.321487460049288
No,Yes,Yes,10,Yes,No,No internet service,No internet service,No internet service,No internet service,No internet service,No internet service,Two year,No,Credit card (automatic),26.1,5.422965671113147
No,No,No,13,No,No,No internet service,No internet service,No internet service,No internet service,No internet service,No internet service,Two year,No,Credit card (automatic),20.0,5.596382844379506
No,No,No,35,Yes,Fiber optic,No,Yes,No,Yes,No,No,Month-to-month,No,Credit card (automatic),85.3,7.978825064643845
No,No,No,34,No,Fiber optic,No,No,No,No,No,No,Month-to-month,Yes,Credit card (automatic),70.0,7.7903237534512595
Yes,No,No,4,Yes,Fiber optic,No,No,No,No,Yes,Yes,Month-to-month,Yes,Electronic check,94.3,6.0531474322955665
No,Yes,No,72,No,No,No internet service,No internet service,No internet service,No internet service,No internet service,No internet service,Two year,No,Bank transfer (automatic),20.7,7.308609774532618
No,No,No,2,No,DSL,No,No,No,Yes,Yes,Yes,Month-to-month,No,Electronic check,70.3,4.893352133481524
No,No,No,7,No,Fiber optic,No,No,Yes,No,Yes,Yes,Month-to-month,Yes,Electronic check,95.35,6.495114487124877
Yes,Yes,No,27,Yes,Fiber optic,No,No,No,No,No,No,Month-to-month,Yes,Electronic check,75.5,7.546947731944156
No,Yes,Yes,4,No,Fiber optic,No,No,No,No,No,No,Month-to-month,Yes,Mailed check,69.55,5.655642099328266
No,No,No,37,No,No,No internet service,No internet service,No internet service,No internet service,No internet service,No internet service,Two year,No,Mailed check,19.85,6.666002138418756
No,No,No,21,No,No,No internet service,No internet service,No internet service,No internet service,No internet service,No internet service,Month-to-month,No,Mailed check,20.0,6.037154673025098
Yes,Yes,No,53,Yes,Fiber optic,No,No,No,No,Yes,Yes,One year,Yes,Credit card (automatic),95.85,8.520637253818792
No,No,No,18,Yes,Fiber optic,No,No,No,Yes,No,Yes,Month-to-month,Yes,Electronic check,90.1,7.386315942160852
No,No,No,2,No,Fiber optic,No,No,No,No,No,No,Month-to-month,No,Electronic check,68.95,4.793722292532682
No,Yes,Yes,32,Yes,Fiber optic,Yes,No,No,No,Yes,Yes,Month-to-month,Yes,Credit card (automatic),99.55,8.07267015690431
Yes,Yes,No,23,No,No,No internet service,No internet service,No internet service,No internet service,No internet service,No internet service,One year,Yes,Electronic check,20.75,6.186620061882023
No,No,No,3,No,DSL,Yes,No,No,No,No,No,Month-to-month,Yes,Mailed check,50.15,5.086669980372253
No,Yes,Yes,71,No phone service,DSL,Yes,Yes,No,Yes,Yes,Yes,Two year,No,Mailed check,58.65,8.329959590261263
No,No,No,9,No,Fiber optic,No,No,No,Yes,Yes,Yes,Month-to-month,Yes,Bank transfer (automatic),95.9,6.719556485015306
No,No,No,1,No,DSL,No,Yes,No,No,No,No,Month-to-month,No,Electronic check,49.5,3.9219733362813143
No,Yes,Yes,18,No,DSL,No,No,Yes,No,No,Yes,Month-to-month,No,Electronic check,57.45,6.899571886174118
No,Yes,Yes,12,No,DSL,No,No,No,No,No,Yes,One year,No,Credit card (automatic),53.65,6.547287436804703
No,Yes,No,71,Yes,DSL,Yes,Yes,Yes,Yes,No,Yes,Two year,Yes,Mailed check,80.1,8.628090351531826
No,No,No,64,Yes,No,No internet service,No internet service,No internet service,No internet service,No internet service,No internet service,One year,Yes,Bank transfer (automatic),24.4,7.379132963781016
No,No,No,4,No phone service,DSL,No,No,No,Yes,No,Yes,Month-to-month,Yes,Electronic check,40.05,5.09650713317022
No,No,No,23,No,No,No internet service,No internet service,No internet service,No internet service,No internet service,No internet service,Month-to-month,Yes,Mailed check,19.5,6.155282632337377
No,Yes,Yes,39,No,DSL,Yes,No,No,No,No,No,Month-to-month,No,Credit card (automatic),51.05,7.633853559681768
No,Yes,No,28,No,DSL,Yes,No,No,Yes,No,No,One year,No,Mailed check,54.35,7.2636449146470285
Yes,No,No,5,No,Fiber optic,No,Yes,No,No,Yes,No,Month-to-month,Yes,Electronic check,84.7,5.975081067857458
Yes,Yes,No,45,No,Fiber optic,No,No,Yes,No,No,Yes,Month-to-month,Yes,Electronic check,86.1,8.259056976138394
No,No,No,37,No,Fiber optic,No,No,No,No,No,No,Month-to-month,Yes,Mailed check,70.35,7.8453768815581215
Yes,Yes,No,60,No,Fiber optic,Yes,Yes,Yes,Yes,Yes,Yes,Two year,Yes,Bank transfer (automatic),110.0,8.805277682886622
Yes,No,No,8,Yes,Fiber optic,No,No,Yes,No,Yes,Yes,Month-to-month,Yes,Electronic check,100.6,6.709792026198225
No,No,No,47,Yes,Fiber optic,Yes,No,Yes,No,Yes,No,One year,No,Credit card (automatic),94.9,8.437337966166773
No,Yes,Yes,26,Yes,Fiber optic,No,No,No,No,Yes,No,Month-to-month,Yes,Electronic check,83.75,7.636076534549736
Yes,Yes,Yes,3,No,Fiber optic,Yes,No,No,Yes,Yes,No,Month-to-month,Yes,Mailed check,88.3,5.61586159328373
No,Yes,Yes,50,No,Fiber optic,No,No,No,No,No,No,Month-to-month,Yes,Bank transfer (automatic),69.75,8.177150588616483
No,Yes,Yes,27,Yes,DSL,No,No,No,Yes,Yes,Yes,Month-to-month,No,Bank transfer (automatic),71.6,7.579729894309281
Yes,No,No,8,No,Fiber optic,No,No,Yes,No,Yes,Yes,Month-to-month,Yes,Electronic check,92.1,6.594345057957625
No,Yes,No,62,Yes,No,No internet service,No internet service,No internet service,No internet service,No internet service,No internet service,Two year,No,Bank transfer (automatic),23.65,7.256826386894137
No,Yes,No,71,No,DSL,Yes,No,Yes,Yes,Yes,Yes,Two year,No,Bank transfer (automatic),81.85,8.687003474273121
No,No,No,66,Yes,No,No internet service,No internet service,No internet service,No internet service,No internet service,No internet service,Two year,No,Mailed check,25.1,7.437618531625265
No,Yes,Yes,68,Yes,Fiber optic,Yes,Yes,Yes,Yes,Yes,Yes,Two year,Yes,Bank transfer (automatic),114.7,8.968377085169347
No,No,No,13,No phone service,DSL,No,No,Yes,No,Yes,Yes,Month-to-month,No,Electronic check,49.15,6.4775875582336
No,Yes,No,56,No,Fiber optic,No,No,No,No,No,Yes,One year,Yes,Electronic check,80.9,8.424748901024957
No,Yes,No,38,No,Fiber optic,Yes,Yes,No,No,No,No,Month-to-month,Yes,Electronic check,79.45,8.011039968299007
Yes,No,No,14,No,Fiber optic,No,No,No,No,Yes,Yes,Month-to-month,No,Credit card (automatic),90.45,7.144486103804862
No,No,Yes,16,No,No,No internet service,No internet service,No internet service,No internet service,No internet service,No internet service,One year,Yes,Bank transfer (automatic),19.3,5.88984701772899
No,Yes,Yes,14,No,Fiber optic,No,No,No,No,No,No,Month-to-month,No,Electronic check,70.2,6.9541616517962925
No,Yes,Yes,32,No,Fiber optic,No,No,No,No,No,No,Month-to-month,Yes,Bank transfer (automatic),69.75,7.76170241244579
No,No,No,8,No,DSL,Yes,No,No,Yes,No,No,One year,No,Bank transfer (automatic),54.25,6.106465939802488
No,Yes,Yes,43,Yes,Fiber optic,No,No,Yes,No,Yes,Yes,Month-to-month,Yes,Bank transfer (automatic),99.3,8.345443554427222
No,No,No,52,Yes,DSL,Yes,No,Yes,Yes,Yes,No,One year,No,Credit card (automatic),74.0,8.263242433928468
No,No,No,3,No,DSL,No,No,No,Yes,No,No,Month-to-month,Yes,Mailed check,50.25,5.0323967858777685
No,No,No,29,No,No,No internet service,No internet service,No internet service,No internet service,No internet service,No internet service,One year,Yes,Mailed check,19.8,6.351234695954017
No,No,No,1,No,No,No internet service,No internet service,No internet service,No internet service,No internet service,No internet service,Month-to-month,No,Mailed check,19.65,3.027715319407042
Yes,No,No,12,No phone service,DSL,No,No,Yes,Yes,No,Yes,Month-to-month,Yes,Electronic check,43.65,6.269001582252524
No,Yes,Yes,16,No phone service,DSL,No,No,No,No,No,Yes,Month-to-month,Yes,Credit card (automatic),35.5,6.316623023828922
No,No,No,40,Yes,DSL,No,No,Yes,Yes,Yes,Yes,One year,Yes,Mailed check,80.75,8.07391717591148
No,No,No,5,No phone service,DSL,No,No,Yes,No,No,Yes,Month-to-month,No,Electronic check,39.5,5.355406333532164
No,Yes,No,40,Yes,Fiber optic,No,No,No,No,Yes,Yes,Month-to-month,Yes,Bank transfer (automatic),97.1,8.218234442236687
No,No,No,36,No,No,No internet service,No internet service,No internet service,No internet service,No internet service,No internet service,One year,No,Mailed check,19.55,6.432538082683514
No,No,No,5,No,Fiber optic,No,No,No,No,No,Yes,Month-to-month,Yes,Electronic check,80.0,6.024657514463746
No,No,No,10,No,Fiber optic,Yes,No,No,No,Yes,No,Month-to-month,Yes,Mailed check,84.7,6.725093664375078
No,Yes,Yes,2,No,Fiber optic,No,No,No,No,Yes,Yes,Month-to-month,Yes,Bank transfer (automatic),89.55,5.228699299667167
No,No,No,23,Yes,Fiber optic,No,No,No,Yes,Yes,No,Month-to-month,Yes,Electronic check,90.6,7.572605860386969
No,Yes,Yes,26,No,No,No internet service,No internet service,No internet service,No internet service,No internet service,No internet service,One year,Yes,Bank transfer (automatic),20.05,6.228313745478304
Yes,Yes,No,72,Yes,Fiber optic,Yes,Yes,Yes,No,Yes,Yes,Two year,Yes,Electronic check,112.4,8.993160253994853
No,Yes,No,34,No,DSL,No,No,No,Yes,No,No,Month-to-month,No,Bank transfer (automatic),50.2,7.504556743755398
No,No,No,10,No,DSL,Yes,No,No,Yes,Yes,No,Month-to-month,No,Bank transfer (automatic),62.25,6.419913491606522
No,No,No,14,No,DSL,Yes,No,No,Yes,No,No,One year,No,Mailed check,55.7,6.679787610302435
No,No,No,23,Yes,Fiber optic,Yes,No,No,No,Yes,No,Month-to-month,Yes,Bank transfer (automatic),90.05,7.68285104218925
No,Yes,No,47,No,No,No internet service,No internet service,No internet service,No internet service,No internet service,No internet service,Two year,No,Mailed check,19.65,6.88151396777691
No,Yes,No,24,No,Fiber optic,Yes,No,No,Yes,No,Yes,Month-to-month,Yes,Electronic check,89.25,7.70129063357335
No,Yes,No,49,Yes,Fiber optic,No,Yes,No,No,Yes,Yes,Month-to-month,Yes,Bank transfer (automatic),99.05,8.48771288609373
Yes,No,No,20,No,DSL,Yes,No,No,Yes,No,No,One year,No,Mailed check,54.0,6.963095374015301
No,No,No,2,No,Fiber optic,No,No,No,No,No,No,Month-to-month,No,Bank transfer (automatic),69.75,4.980519670191632
No,No,No,2,No,DSL,No,Yes,No,No,No,No,Month-to-month,Yes,Credit card (automatic),49.05,4.522874943261261
No,No,No,22,No phone service,DSL,No,No,Yes,Yes,Yes,Yes,Two year,No,Bank transfer (automatic),56.75,7.17460944872248
No,No,No,7,Yes,Fiber optic,No,No,Yes,No,Yes,Yes,Month-to-month,Yes,Bank transfer (automatic),98.05,6.570882962339584
No,No,No,1,No,No,No internet service,No internet service,No internet service,No internet service,No internet service,No internet service,Month-to-month,No,Mailed check,21.1,3.095577608523707
No,Yes,Yes,59,Yes,Fiber optic,No,Yes,No,Yes,No,Yes,Month-to-month,Yes,Bank transfer (automatic),96.65,8.627266584002568
No,Yes,Yes,58,Yes,No,No internet service,No internet service,No internet service,No internet service,No internet service,No internet service,One year,Yes,Credit card (automatic),24.5,7.31248678473655
No,No,No,41,Yes,Fiber optic,Yes,Yes,Yes,Yes,Yes,Yes,Month-to-month,Yes,Bank transfer (automatic),114.5,8.418134996570434
Yes,No,No,59,Yes,Fiber optic,No,Yes,No,No,No,No,Two year,Yes,Credit card (automatic),79.2,8.431929377457534
No,Yes,Yes,3,No,Fiber optic,No,No,No,No,No,No,Month-to-month,Yes,Electronic check,69.55,5.304299438225584
No,No,No,32,No,No,No internet service,No internet service,No internet service,No internet service,No internet service,No internet service,Two year,Yes,Bank transfer (automatic),20.05,6.422353707556304
Yes,Yes,No,46,Yes,Fiber optic,No,No,Yes,No,Yes,Yes,Month-to-month,Yes,Electronic check,98.85,8.426370925842464
No,No,No,2,No,Fiber optic,No,No,No,No,No,Yes,Month-to-month,Yes,Electronic check,80.95,5.148366189784533
No,Yes,Yes,52,No,No,No internet service,No internet service,No internet service,No internet service,No internet service,No internet service,One year,No,Credit card (automatic),19.6,6.921066293041809
Yes,No,No,13,No,Fiber optic,No,No,Yes,No,No,No,Month-to-month,Yes,Electronic check,74.3,6.847315015170721
Yes,No,No,11,No,Fiber optic,No,No,No,No,Yes,Yes,Month-to-month,No,Bank transfer (automatic),89.7,6.955306580840359
No,No,No,32,Yes,Fiber optic,Yes,No,No,Yes,No,No,Month-to-month,No,Bank transfer (automatic),87.65,7.925663530235284
Yes,Yes,No,17,Yes,Fiber optic,No,No,Yes,No,Yes,Yes,Month-to-month,Yes,Credit card (automatic),100.45,7.392308793409265
No,No,No,16,Yes,Fiber optic,No,No,No,No,No,No,Month-to-month,Yes,Credit card (automatic),74.75,7.030282598261829
No,No,No,51,Yes,Fiber optic,Yes,Yes,Yes,No,Yes,Yes,One year,No,Bank transfer (automatic),107.45,8.645040962822444
No,No,No,29,No,DSL,No,No,Yes,Yes,Yes,Yes,One year,Yes,Bank transfer (automatic),75.35,7.716416255754423
No,Yes,No,70,No,DSL,Yes,Yes,Yes,Yes,No,No,Two year,No,Credit card (automatic),64.95,8.417207096540311
No,Yes,Yes,71,Yes,Fiber optic,Yes,No,Yes,Yes,No,Yes,Two year,No,Electronic check,100.45,8.876363020539099
No,Yes,Yes,41,Yes,DSL,No,Yes,Yes,No,Yes,No,One year,No,Bank transfer (automatic),68.5,7.9518937822624975
No,No,No,1,No,Fiber optic,No,No,No,No,Yes,No,Month-to-month,Yes,Electronic check,80.55,4.401216329067023
No,Yes,No,7,No,DSL,Yes,No,Yes,Yes,Yes,Yes,Month-to-month,No,Bank transfer (automatic),81.25,6.36492285908106
No,Yes,Yes,25,No,Fiber optic,No,No,No,No,Yes,Yes,One year,Yes,Electronic check,90.4,7.686896652708943
No,Yes,Yes,67,Yes,Fiber optic,Yes,Yes,No,Yes,No,No,One year,No,Electronic check,89.55,8.706084784842092
No,Yes,Yes,5,Yes,DSL,No,No,No,Yes,No,No,Month-to-month,Yes,Mailed check,55.7,5.562218910334414
No,No,Yes,15,Yes,No,No internet service,No internet service,No internet service,No internet service,No internet service,No internet service,Month-to-month,Yes,Electronic check,24.8,5.78428661431516
No,Yes,Yes,20,No,No,No internet service,No internet service,No internet service,No internet service,No internet service,No internet service,Month-to-month,No,Electronic check,20.0,6.037035248650441
No,Yes,Yes,3,No,DSL,No,Yes,Yes,No,No,No,Month-to-month,Yes,Mailed check,56.15,5.130785895226717
No,Yes,Yes,54,Yes,Fiber optic,No,Yes,No,Yes,Yes,Yes,One year,Yes,Electronic check,105.2,8.63743542299231
No,No,No,42,No,No,No internet service,No internet service,No internet service,No internet service,No internet service,No internet service,One year,Yes,Mailed check,19.55,6.7338779689708455
No,Yes,No,9,No,Fiber optic,No,No,No,No,No,Yes,Month-to-month,Yes,Electronic check,79.75,6.6465203765452046
No,No,No,63,Yes,Fiber optic,No,Yes,No,No,Yes,Yes,Two year,No,Bank transfer (automatic),97.45,8.740976538017787
No,Yes,No,69,Yes,No,No internet service,No internet service,No internet service,No internet service,No internet service,No internet service,Two year,No,Bank transfer (automatic),24.25,7.404157382082404
No,No,No,69,Yes,No,No internet service,No internet service,No internet service,No internet service,No internet service,No internet service,Two year,No,Credit card (automatic),24.6,7.425983436264869
No,Yes,No,40,No,DSL,No,Yes,No,No,No,No,Month-to-month,Yes,Mailed check,50.15,7.630218513876136
No,No,No,60,No phone service,DSL,Yes,Yes,Yes,No,No,No,Two year,No,Bank transfer (automatic),39.6,7.793792967685271
No,No,No,4,No,Fiber optic,Yes,No,Yes,Yes,No,Yes,Month-to-month,Yes,Bank transfer (automatic),94.4,5.9615206707349095
Yes,No,No,71,Yes,DSL,Yes,Yes,Yes,Yes,Yes,Yes,Two year,No,Mailed check,89.85,8.747423571732076
No,Yes,No,37,Yes,Fiber optic,No,No,Yes,No,No,No,Month-to-month,Yes,Credit card (automatic),78.95,7.951788178207204
No,Yes,No,32,Yes,Fiber optic,No,Yes,No,No,Yes,Yes,Month-to-month,Yes,Credit card (automatic),98.85,8.054173120264645
No,No,No,39,Yes,DSL,No,No,No,Yes,No,No,Two year,Yes,Credit card (automatic),53.85,7.696985068219127
No,No,No,38,Yes,No,No internet service,No internet service,No internet service,No internet service,No internet service,No internet service,One year,Yes,Electronic check,24.25,6.819361128219541
No,No,No,52,Yes,Fiber optic,No,No,Yes,No,No,Yes,Two year,Yes,Credit card (automatic),89.45,8.429181314093023
No,Yes,Yes,48,Yes,Fiber optic,Yes,Yes,No,No,Yes,Yes,Month-to-month,Yes,Credit card (automatic),105.25,8.516893146407236
No,Yes,Yes,70,No phone service,DSL,Yes,No,Yes,Yes,Yes,Yes,Two year,No,Bank transfer (automatic),59.5,8.329851052565411
No,No,No,20,No,Fiber optic,No,No,No,No,No,No,Month-to-month,No,Credit card (automatic),70.55,7.309580437169706
No,No,No,50,Yes,DSL,Yes,No,Yes,Yes,Yes,Yes,One year,Yes,Credit card (automatic),82.5,8.338090448677617
No,No,No,19,No phone service,DSL,No,No,No,No,Yes,Yes,One year,Yes,Credit card (automatic),44.85,6.796320798535832
No,Yes,Yes,25,No,DSL,Yes,Yes,Yes,No,No,No,One year,Yes,Bank transfer (automatic),61.6,7.385230923066573
No,No,No,12,No,DSL,No,Yes,No,No,No,No,Month-to-month,Yes,Bank transfer (automatic),49.05,6.3869634909042965
Yes,Yes,No,39,Yes,Fiber optic,No,Yes,Yes,No,Yes,Yes,Month-to-month,Yes,Electronic check,105.65,8.363062511388982
No,No,No,7,No,Fiber optic,No,No,Yes,No,No,No,Month-to-month,No,Mailed check,74.65,6.3017944601011076
No,Yes,Yes,23,No,DSL,Yes,Yes,Yes,Yes,No,No,One year,Yes,Mailed check,66.25,7.336155358372797
No,No,No,27,No,No,No internet service,No internet service,No internet service,No internet service,No internet service,No internet service,Month-to-month,Yes,Electronic check,19.4,6.274385302458052
Yes,No,No,47,Yes,Fiber optic,No,No,No,No,Yes,No,Month-to-month,Yes,Credit card (automatic),86.05,8.260130846898402
No,Yes,Yes,26,No,No,No internet service,No internet service,No internet service,No internet service,No internet service,No internet service,Two year,Yes,Credit card (automatic),19.15,6.247559198561878
No,Yes,No,14,Yes,DSL,Yes,No,No,No,Yes,No,Month-to-month,Yes,Bank transfer (automatic),64.7,6.848005274576363
Yes,Yes,No,11,Yes,Fiber optic,No,No,Yes,Yes,Yes,Yes,Month-to-month,Yes,Bank transfer (automatic),104.05,7.034079512315632
No,No,Yes,2,No,No,No internet service,No internet service,No internet service,No internet service,No internet service,No internet service,Month-to-month,No,Mailed check,19.25,3.8989377658794906
No,Yes,Yes,26,No,Fiber optic,Yes,Yes,No,No,No,No,Month-to-month,No,Electronic check,81.95,7.635811004030272
Yes,Yes,No,72,Yes,Fiber optic,Yes,Yes,Yes,Yes,Yes,Yes,Two year,Yes,Bank transfer (automatic),114.65,9.028212796366661
No,Yes,Yes,63,No,No,No internet service,No internet service,No internet service,No internet service,No internet service,No internet service,Two year,No,Credit card (automatic),20.0,7.0985822288198035
No,Yes,Yes,71,No,No,No internet service,No internet service,No internet service,No internet service,No internet service,No internet service,Two year,No,Mailed check,19.8,7.242261298149807
No,Yes,Yes,11,Yes,DSL,Yes,No,No,No,Yes,No,Month-to-month,Yes,Bank transfer (automatic),65.15,6.585274700987661
Yes,Yes,No,14,No,No,No internet service,No internet service,No internet service,No internet service,No internet service,No internet service,One year,No,Mailed check,19.65,5.436556410771803
No,No,Yes,13,Yes,DSL,Yes,Yes,Yes,Yes,Yes,Yes,Two year,No,Credit card (automatic),88.95,7.058543168104206
No,No,Yes,6,No,No,No internet service,No internet service,No internet service,No internet service,No internet service,No internet service,Month-to-month,Yes,Mailed check,20.2,4.598648968997826
Yes,Yes,Yes,11,Yes,Fiber optic,No,No,No,No,No,No,Month-to-month,Yes,Credit card (automatic),75.2,6.654539043411635
No,Yes,No,18,Yes,DSL,No,Yes,No,No,No,No,Month-to-month,No,Credit card (automatic),56.8,6.980680408996694
No,No,No,1,No phone service,DSL,No,No,No,No,No,Yes,Month-to-month,Yes,Electronic check,35.55,3.5986811861957873
No,Yes,No,32,No,Fiber optic,Yes,No,No,No,No,No,Month-to-month,Yes,Bank transfer (automatic),75.5,7.75177634797621
No,No,No,29,No phone service,DSL,Yes,No,No,Yes,No,No,One year,No,Mailed check,35.6,6.978772766217417
No,No,No,3,Yes,DSL,No,No,No,No,Yes,No,Month-to-month,Yes,Electronic check,60.25,5.144583266605995
No,No,No,2,Yes,Fiber optic,No,No,No,No,Yes,Yes,Month-to-month,Yes,Electronic check,95.15,5.28776185260852
No,Yes,Yes,13,No,Fiber optic,No,No,Yes,No,Yes,Yes,Month-to-month,Yes,Mailed check,96.65,7.0594887540080675
No,No,No,41,No phone service,DSL,No,Yes,No,No,No,Yes,Month-to-month,Yes,Electronic check,40.35,7.425864314194387
No,No,No,1,No,No,No internet service,No internet service,No internet service,No internet service,No internet service,No internet service,Month-to-month,No,Electronic check,18.85,2.9882040071331994
No,No,No,7,No,DSL,No,No,No,No,Yes,No,Month-to-month,No,Mailed check,54.85,5.917279648918606
No,Yes,No,52,No,DSL,Yes,No,Yes,No,Yes,No,One year,Yes,Mailed check,64.3,8.134936668444954
No,Yes,Yes,45,Yes,No,No internet service,No internet service,No internet service,No internet service,No internet service,No internet service,Two year,Yes,Bank transfer (automatic),24.65,7.038608087400899
No,Yes,No,70,Yes,DSL,No,Yes,Yes,Yes,Yes,No,Two year,No,Credit card (automatic),76.1,8.568883906821593
No,No,No,53,No,No,No internet service,No internet service,No internet service,No internet service,No internet service,No internet service,Two year,No,Mailed check,18.7,6.914432933735378
Yes,Yes,No,62,Yes,Fiber optic,No,Yes,Yes,No,Yes,No,One year,Yes,Credit card (automatic),97.95,8.689051869360071
No,Yes,No,60,Yes,Fiber optic,Yes,Yes,No,No,No,Yes,Month-to-month,Yes,Credit card (automatic),94.1,8.608294526446507
Yes,Yes,No,3,No,Fiber optic,No,No,No,No,Yes,No,Month-to-month,Yes,Electronic check,80.4,5.416322599738942
Yes,Yes,No,23,No,Fiber optic,Yes,No,No,No,Yes,Yes,Month-to-month,Yes,Electronic check,95.1,7.752356649964447
No,No,Yes,1,No phone service,DSL,No,Yes,No,No,No,No,Month-to-month,Yes,Mailed check,31.35,3.4766140209469096
No,No,No,67,No,DSL,Yes,No,Yes,Yes,No,Yes,One year,Yes,Bank transfer (automatic),72.35,8.51569206528997
No,No,No,12,Yes,Fiber optic,No,Yes,No,No,Yes,No,Month-to-month,Yes,Bank transfer (automatic),89.75,6.959778307049289
Yes,Yes,No,71,Yes,DSL,Yes,Yes,Yes,Yes,No,Yes,Two year,Yes,Bank transfer (automatic),82.7,8.671149566653297
No,No,No,25,No,No,No internet service,No internet service,No internet service,No internet service,No internet service,No internet service,One year,No,Credit card (automatic),19.9,6.237933923725689
No,No,No,5,Yes,DSL,Yes,No,No,No,No,No,Month-to-month,Yes,Electronic check,53.8,5.652313726281008
No,No,No,26,Yes,DSL,No,No,No,No,No,No,One year,Yes,Credit card (automatic),51.55,7.167346471267392
No,Yes,Yes,1,No,No,No internet service,No internet service,No internet service,No internet service,No internet service,No internet service,One year,No,Mailed check,19.65,3.027715319407042
Yes,No,No,70,No phone service,DSL,No,Yes,Yes,No,Yes,No,One year,Yes,Credit card (automatic),44.05,8.010575369090423
No,Yes,Yes,72,Yes,Fiber optic,Yes,Yes,Yes,Yes,Yes,Yes,Two year,Yes,Electronic check,114.0,8.9988968575102
No,Yes,No,60,No,Fiber optic,No,Yes,No,No,Yes,Yes,One year,Yes,Electronic check,94.4,8.632528790096142
Yes,Yes,Yes,32,Yes,Fiber optic,No,Yes,No,No,Yes,Yes,Month-to-month,Yes,Electronic check,100.4,8.076717295968262
No,No,No,1,No,No,No internet service,No internet service,No internet service,No internet service,No internet service,No internet service,Month-to-month,Yes,Electronic check,19.85,3.0373539482448106
No,No,No,14,Yes,DSL,No,Yes,No,No,No,No,One year,Yes,Mailed check,54.25,6.651830238143548
No,No,No,13,Yes,Fiber optic,Yes,No,No,No,No,No,Month-to-month,Yes,Credit card (automatic),80.0,6.937653829328
No,No,No,6,Yes,Fiber optic,No,Yes,Yes,Yes,Yes,Yes,Month-to-month,Yes,Credit card (automatic),109.9,6.5079491287256515
No,No,No,46,Yes,DSL,Yes,No,Yes,No,Yes,Yes,Two year,No,Mailed check,79.2,8.187243635784219
No,No,No,15,No,Fiber optic,No,No,Yes,Yes,Yes,Yes,Month-to-month,Yes,Electronic check,101.35,7.349198669755537
Yes,Yes,No,43,Yes,Fiber optic,No,Yes,No,Yes,Yes,No,Month-to-month,Yes,Electronic check,94.3,8.282520939278072
No,No,No,39,No,DSL,No,No,No,Yes,No,No,Two year,Yes,Bank transfer (automatic),49.8,7.586879597178514
Yes,No,No,21,No,DSL,No,No,Yes,No,Yes,No,Month-to-month,Yes,Bank transfer (automatic),60.05,7.120565626156555
No,No,No,57,No phone service,DSL,Yes,No,Yes,No,Yes,Yes,Month-to-month,Yes,Electronic check,53.75,8.069968149059841
No,Yes,No,53,No,Fiber optic,No,No,No,Yes,Yes,Yes,One year,Yes,Electronic check,93.45,8.491506084480253
No,Yes,Yes,18,No,Fiber optic,Yes,No,Yes,No,Yes,No,Month-to-month,Yes,Mailed check,87.9,7.314219887423385
No,No,No,1,Yes,DSL,No,No,No,No,No,Yes,Month-to-month,Yes,Electronic check,60.15,4.113329862133181
No,Yes,No,58,Yes,DSL,Yes,No,No,Yes,No,No,One year,Yes,Bank transfer (automatic),61.05,8.15471573110751
Yes,No,No,71,Yes,Fiber optic,No,No,Yes,No,Yes,Yes,Two year,No,Bank transfer (automatic),104.05,8.911199564935444
No,No,No,35,No,Fiber optic,No,No,Yes,Yes,Yes,Yes,One year,Yes,Electronic check,99.25,8.169902647359145
No,No,No,3,No,Fiber optic,No,No,Yes,No,No,Yes,Month-to-month,No,Credit card (automatic),85.7,5.551990122897069
No,No,No,38,Yes,Fiber optic,Yes,Yes,No,No,Yes,Yes,One year,Yes,Electronic check,104.85,8.26571446392467
No,Yes,Yes,35,Yes,DSL,Yes,Yes,Yes,Yes,No,No,Two year,Yes,Credit card (automatic),69.15,7.820499730229632
No,No,No,7,Yes,Fiber optic,No,No,Yes,No,Yes,No,Month-to-month,Yes,Electronic check,90.45,6.387636608304554
No,No,No,47,No,DSL,No,No,Yes,Yes,Yes,Yes,Two year,No,Mailed check,74.45,8.163741618260106
No,No,No,14,No,DSL,No,Yes,No,No,No,No,Month-to-month,No,Electronic check,50.45,6.641769464612117
Yes,Yes,No,20,No,DSL,No,Yes,No,No,No,Yes,Month-to-month,Yes,Electronic check,60.0,7.139144739150198
No,Yes,No,66,Yes,DSL,Yes,Yes,No,Yes,Yes,Yes,Two year,No,Electronic check,85.25,8.619632444337945
No,Yes,No,15,No,No,No internet service,No internet service,No internet service,No internet service,No internet service,No internet service,Month-to-month,Yes,Credit card (automatic),19.45,5.834372044359803
No,No,No,42,No,No,No internet service,No internet service,No internet service,No internet service,No internet service,No internet service,Two year,Yes,Bank transfer (automatic),20.75,6.739869029984439
No,Yes,No,17,Yes,Fiber optic,Yes,No,No,No,No,No,Month-to-month,No,Electronic check,78.9,7.2078228337095505
No,No,No,37,Yes,Fiber optic,No,Yes,No,Yes,Yes,Yes,One year,Yes,Credit card (automatic),104.5,8.237214703349489
No,No,No,12,No,DSL,No,Yes,No,No,No,No,Month-to-month,Yes,Electronic check,49.4,6.417793810395455
No,Yes,No,53,No,Fiber optic,No,Yes,No,No,Yes,Yes,One year,Yes,Bank transfer (automatic),94.25,8.490633587080888
No,No,No,60,Yes,No,No internet service,No internet service,No internet service,No internet service,No internet service,No internet service,Two year,No,Mailed check,25.0,7.317245608339922
No,Yes,Yes,18,No phone service,DSL,No,No,No,No,No,No,Month-to-month,No,Credit card (automatic),25.55,6.150282887865634
No,No,No,1,Yes,Fiber optic,No,No,No,No,No,No,Month-to-month,Yes,Electronic check,74.9,4.3294166844015844
No,No,No,3,No,Fiber optic,No,No,No,No,No,No,Month-to-month,Yes,Electronic check,70.15,5.274024673978992
No,No,Yes,9,No,DSL,No,No,No,Yes,Yes,Yes,Month-to-month,Yes,Credit card (automatic),69.4,6.349925395369821
No,No,No,1,No,Fiber optic,No,No,No,No,Yes,No,Month-to-month,Yes,Electronic check,80.25,4.3975308212098465
No,Yes,No,56,Yes,Fiber optic,Yes,Yes,Yes,No,No,No,One year,Yes,Electronic check,93.15,8.566925768517926
No,Yes,Yes,17,No,Fiber optic,No,No,No,No,No,No,Month-to-month,Yes,Electronic check,69.0,7.048082279073415
No,Yes,Yes,11,Yes,DSL,No,No,No,Yes,No,Yes,Month-to-month,Yes,Electronic check,66.35,6.60907966505549
No,No,No,7,No,Fiber optic,No,No,No,No,No,No,Month-to-month,Yes,Electronic check,69.55,6.258337861283517
No,Yes,Yes,69,No,No,No internet service,No internet service,No internet service,No internet service,No internet service,No internet service,Two year,No,Bank transfer (automatic),20.2,7.253930291064735
No,No,No,19,Yes,Fiber optic,No,No,No,No,No,Yes,Month-to-month,Yes,Bank transfer (automatic),86.0,7.335275377871133
No,Yes,Yes,3,No,Fiber optic,No,No,No,No,No,Yes,Month-to-month,Yes,Electronic check,80.3,5.5256521224807145
No,Yes,Yes,54,No,No,No internet service,No internet service,No internet service,No internet service,No internet service,No internet service,Two year,No,Credit card (automatic),20.4,6.995399788834184
No,Yes,No,62,Yes,No,No internet service,No internet service,No internet service,No internet service,No internet service,No internet service,One year,Yes,Credit card (automatic),23.75,7.277800441859041
No,No,No,24,Yes,Fiber optic,No,Yes,No,No,Yes,No,Month-to-month,Yes,Credit card (automatic),90.55,7.7334865285972905
No,Yes,Yes,62,Yes,DSL,No,No,No,No,Yes,Yes,Month-to-month,Yes,Credit card (automatic),70.45,8.3667074541417
No,No,No,17,Yes,DSL,Yes,No,No,No,No,Yes,Month-to-month,No,Bank transfer (automatic),65.75,7.0140953147534635
No,No,No,9,No phone service,DSL,No,No,No,No,No,No,Month-to-month,Yes,Mailed check,24.6,5.252796851246227
No,Yes,Yes,64,No,DSL,Yes,No,Yes,Yes,Yes,No,Two year,No,Mailed check,69.25,8.400378436824402
No,No,No,2,Yes,Fiber optic,No,No,No,No,No,No,Month-to-month,Yes,Electronic check,75.9,4.972240906108944
No,Yes,Yes,1,No,DSL,No,No,No,No,No,No,Month-to-month,Yes,Mailed check,45.85,3.846951008684431
No,Yes,No,16,No phone service,DSL,No,No,No,Yes,Yes,Yes,Month-to-month,Yes,Electronic check,49.95,6.698514632836919
No,Yes,No,72,Yes,No,No internet service,No internet service,No internet service,No internet service,No internet service,No internet service,Two year,No,Bank transfer (automatic),24.65,7.512644851783918
No,No,No,30,Yes,Fiber optic,Yes,Yes,Yes,No,No,No,One year,No,Bank transfer (automatic),90.4,7.945077099207139
No,Yes,No,49,Yes,Fiber optic,Yes,No,No,No,Yes,Yes,Month-to-month,Yes,Mailed check,100.85,8.48639371986271
No,Yes,No,61,Yes,DSL,Yes,No,Yes,Yes,No,Yes,Two year,No,Credit card (automatic),75.35,8.461743904421848
No,Yes,Yes,47,Yes,Fiber optic,No,Yes,No,No,Yes,No,Month-to-month,No,Electronic check,87.2,8.298651535121714
No,No,No,20,No,DSL,Yes,No,Yes,No,No,Yes,Month-to-month,No,Credit card (automatic),64.4,7.2439417604935326
No,Yes,Yes,34,No,Fiber optic,No,No,No,No,Yes,No,Month-to-month,No,Electronic check,78.3,7.8498307098300195
No,Yes,Yes,70,Yes,No,No internet service,No internet service,No internet service,No internet service,No internet service,No internet service,Two year,No,Bank transfer (automatic),24.7,7.430647803966266
No,No,Yes,54,No,Fiber optic,Yes,Yes,No,Yes,Yes,Yes,One year,Yes,Electronic check,105.85,8.670369110604383
Yes,Yes,No,61,Yes,Fiber optic,No,Yes,Yes,Yes,Yes,No,One year,Yes,Mailed check,98.3,8.710710178193091
No,No,No,3,Yes,Fiber optic,No,No,No,No,No,No,Month-to-month,Yes,Electronic check,76.95,5.435467204695271
No,No,No,13,No,No,No internet service,No internet service,No internet service,No internet service,No internet service,No internet service,One year,No,Mailed check,19.45,5.60285655606624
Yes,No,No,16,Yes,Fiber optic,No,No,No,No,Yes,Yes,Month-to-month,Yes,Electronic check,96.15,7.333153724797752
No,Yes,Yes,3,No,DSL,No,Yes,No,No,Yes,No,Month-to-month,Yes,Credit card (automatic),58.7,5.133442723357803
No,No,No,25,No,No,No internet service,No internet service,No internet service,No internet service,No internet service,No internet service,Month-to-month,Yes,Mailed check,20.15,6.286649651287163
No,No,No,30,Yes,DSL,Yes,No,No,No,No,Yes,Month-to-month,Yes,Mailed check,64.5,7.544041060412427
No,Yes,No,21,No phone service,DSL,Yes,No,No,No,No,No,Month-to-month,No,Electronic check,28.5,6.446275220677278
No,No,No,1,No,DSL,No,No,No,No,No,No,Month-to-month,No,Electronic check,45.3,3.835141961092188
No,No,No,15,No,No,No internet service,No internet service,No internet service,No internet service,No internet service,No internet service,Month-to-month,No,Bank transfer (automatic),19.4,5.670914871030584
Yes,Yes,No,23,No,Fiber optic,No,No,No,No,Yes,Yes,Month-to-month,Yes,Electronic check,90.45,7.658345555078573
No,Yes,Yes,45,Yes,Fiber optic,Yes,Yes,No,No,Yes,Yes,Month-to-month,Yes,Electronic check,105.15,8.462082092161538
No,Yes,Yes,24,Yes,Fiber optic,No,Yes,Yes,No,No,No,One year,No,Bank transfer (automatic),83.15,7.617784158410599
No,No,No,11,Yes,Fiber optic,No,No,No,Yes,Yes,No,Month-to-month,No,Electronic check,90.15,6.896643774227418
No,No,No,1,No,DSL,No,No,No,No,No,No,Month-to-month,No,Mailed check,45.05,3.829727762701316
No,Yes,No,56,Yes,Fiber optic,No,No,Yes,Yes,Yes,Yes,Two year,No,Bank transfer (automatic),103.2,8.656146110968495
No,No,No,1,No,Fiber optic,No,Yes,No,No,No,No,Month-to-month,No,Electronic check,75.8,4.341204640153626
No,No,No,1,No,No,No internet service,No internet service,No internet service,No internet service,No internet service,No internet service,Month-to-month,No,Electronic check,19.45,3.017982882488811
No,No,No,7,No,Fiber optic,No,No,No,No,No,Yes,Month-to-month,Yes,Electronic check,79.3,6.261777902898582
Yes,Yes,No,55,No,Fiber optic,No,No,Yes,Yes,Yes,No,Two year,No,Credit card (automatic),88.8,8.477682836320778
No,No,No,2,No phone service,DSL,No,No,No,Yes,No,No,Month-to-month,Yes,Electronic check,30.9,4.095177548525992
No,Yes,Yes,72,Yes,DSL,Yes,No,Yes,Yes,Yes,Yes,Two year,Yes,Credit card (automatic),85.9,8.717968426868438
Yes,No,No,45,No phone service,DSL,No,No,No,No,No,Yes,One year,No,Electronic check,34.2,7.3762577821016055
No,No,No,47,No,No,No internet service,No internet service,No internet service,No internet service,No internet service,No internet service,Two year,No,Mailed check,20.15,6.953875214595691
Yes,No,No,46,No,Fiber optic,No,Yes,No,No,Yes,Yes,One year,No,Credit card (automatic),95.25,8.395070754160756
No,No,No,2,No,DSL,No,Yes,No,No,No,No,Month-to-month,Yes,Mailed check,50.3,4.54063166485052
No,Yes,No,2,No,Fiber optic,Yes,No,No,Yes,No,No,Month-to-month,Yes,Electronic check,80.15,5.2758161012015234
No,Yes,No,12,No,DSL,No,Yes,No,No,No,No,Month-to-month,Yes,Electronic check,51.25,6.418528054768642
Yes,Yes,No,68,Yes,Fiber optic,No,Yes,No,No,No,Yes,Month-to-month,Yes,Bank transfer (automatic),89.6,8.72072161785459
No,Yes,Yes,69,No,Fiber optic,No,No,No,Yes,Yes,Yes,Two year,Yes,Credit card (automatic),95.2,8.805779854602424
Yes,No,Yes,56,No,Fiber optic,Yes,No,No,No,Yes,Yes,One year,No,Credit card (automatic),94.8,8.568893403001754
Yes,No,No,4,Yes,Fiber optic,Yes,No,No,No,No,No,Month-to-month,Yes,Electronic check,80.25,5.719327685991663
No,Yes,No,64,Yes,DSL,No,Yes,Yes,Yes,Yes,No,Two year,Yes,Bank transfer (automatic),76.1,8.480487712407822
No,Yes,No,59,Yes,Fiber optic,Yes,Yes,Yes,No,Yes,Yes,One year,Yes,Electronic check,110.15,8.771688112120344
No,Yes,Yes,62,Yes,Fiber optic,Yes,Yes,Yes,Yes,Yes,Yes,Two year,No,Bank transfer (automatic),115.55,8.876272243170533
No,Yes,Yes,63,Yes,No,No internet service,No internet service,No internet service,No internet service,No internet service,No internet service,Two year,No,Credit card (automatic),24.65,7.362327961197329
No,No,No,53,No phone service,DSL,Yes,Yes,Yes,Yes,Yes,No,One year,Yes,Electronic check,53.6,7.965615015163282
No,Yes,Yes,5,No,No,No internet service,No internet service,No internet service,No internet service,No internet service,No internet service,Month-to-month,No,Mailed check,19.45,4.466482666214198
Yes,Yes,No,49,Yes,Fiber optic,Yes,Yes,Yes,No,No,No,Month-to-month,Yes,Electronic check,88.2,8.333378520481947
No,Yes,Yes,62,Yes,Fiber optic,Yes,No,No,No,Yes,Yes,Two year,Yes,Bank transfer (automatic),101.15,8.800769346112522
No,Yes,No,55,No,DSL,Yes,Yes,No,Yes,No,No,Two year,No,Mailed check,56.8,8.04335823198946
Yes,Yes,No,71,No,Fiber optic,Yes,Yes,Yes,Yes,Yes,No,Two year,Yes,Electronic check,99.4,8.877556325611982
No,Yes,Yes,72,No,No,No internet service,No internet service,No internet service,No internet service,No internet service,No internet service,Two year,Yes,Credit card (automatic),20.1,7.190864411463781
No,Yes,Yes,36,No phone service,DSL,Yes,No,Yes,Yes,Yes,Yes,One year,No,Credit card (automatic),60.7,7.7122425617849055
No,Yes,No,25,No,No,No internet service,No internet service,No internet service,No internet service,No internet service,No internet service,One year,Yes,Bank transfer (automatic),20.95,6.20687830036025
Yes,Yes,No,72,Yes,Fiber optic,Yes,Yes,Yes,Yes,Yes,Yes,Two year,Yes,Bank transfer (automatic),114.85,9.026291323928044
No,No,No,36,No,No,No internet service,No internet service,No internet service,No internet service,No internet service,No internet service,One year,Yes,Bank transfer (automatic),19.25,6.523268577259164
No,No,No,1,No,DSL,No,No,No,No,Yes,Yes,Month-to-month,Yes,Mailed check,62.8,4.155753190350744
No,Yes,No,72,Yes,Fiber optic,Yes,No,Yes,No,Yes,Yes,Two year,Yes,Electronic check,105.5,8.928640371201949
No,Yes,Yes,59,No,No,No internet service,No internet service,No internet service,No internet service,No internet service,No internet service,Two year,No,Mailed check,19.85,7.081078135312391
Yes,Yes,No,7,No,Fiber optic,No,No,No,No,Yes,Yes,Month-to-month,Yes,Electronic check,89.5,6.518704712142068
No,No,No,1,No,DSL,No,No,Yes,Yes,Yes,Yes,One year,No,Credit card (automatic),74.1,4.318820558770089
No,Yes,Yes,30,Yes,Fiber optic,No,Yes,Yes,Yes,Yes,Yes,Month-to-month,Yes,Electronic check,107.5,8.08440827265311
No,No,No,64,No,No,No internet service,No internet service,No internet service,No internet service,No internet service,No internet service,Two year,No,Mailed check,19.55,7.1237936481663
No,No,No,63,Yes,DSL,Yes,Yes,Yes,Yes,No,No,One year,No,Bank transfer (automatic),68.8,8.321749920244295
Yes,Yes,No,72,Yes,DSL,Yes,Yes,Yes,No,Yes,Yes,Two year,No,Credit card (automatic),84.45,8.682851687313653
No,Yes,No,8,No,Fiber optic,Yes,No,No,No,No,No,Month-to-month,No,Electronic check,75.0,6.451970086973957
No,No,No,62,Yes,DSL,No,Yes,Yes,Yes,Yes,Yes,Two year,No,Bank transfer (automatic),84.5,8.555297897449783
No,Yes,Yes,67,Yes,Fiber optic,No,Yes,Yes,Yes,Yes,Yes,Two year,Yes,Bank transfer (automatic),111.2,8.926889336052218
No,No,No,6,No,DSL,No,No,No,No,No,No,Month-to-month,No,Electronic check,44.75,5.6056182258689695
No,Yes,Yes,70,Yes,DSL,Yes,No,No,Yes,Yes,Yes,Two year,Yes,Bank transfer (automatic),80.6,8.605423824810597
Yes,No,No,20,No,Fiber optic,No,No,No,No,Yes,No,Month-to-month,No,Bank transfer (automatic),80.7,7.387214066998628
No,No,No,5,Yes,Fiber optic,No,No,No,No,No,No,Month-to-month,No,Electronic check,75.6,6.000176487710004
No,Yes,Yes,24,No phone service,DSL,Yes,Yes,Yes,No,Yes,Yes,One year,No,Electronic check,57.6,7.221653193564811
No,Yes,No,11,No,DSL,No,No,No,No,No,No,Month-to-month,Yes,Electronic check,44.05,6.18353014285133
No,Yes,No,72,Yes,Fiber optic,No,Yes,Yes,Yes,Yes,Yes,Two year,Yes,Credit card (automatic),110.6,8.982586208104289
No,Yes,Yes,66,No,DSL,Yes,Yes,No,Yes,No,No,Two year,Yes,Credit card (automatic),58.2,8.245856797500542
No,Yes,Yes,45,No,DSL,Yes,No,Yes,Yes,Yes,Yes,Two year,Yes,Mailed check,81.0,8.170355417755697
No,Yes,Yes,69,No,No,No internet service,No internet service,No internet service,No internet service,No internet service,No internet service,Two year,No,Bank transfer (automatic),19.7,7.242726389477083
Yes,Yes,No,15,Yes,Fiber optic,No,No,No,No,No,Yes,Month-to-month,Yes,Bank transfer (automatic),85.6,7.205301044870807
No,No,No,28,No,DSL,No,No,Yes,No,Yes,No,Month-to-month,Yes,Bank transfer (automatic),59.55,7.4069839169024645
No,No,No,70,Yes,Fiber optic,Yes,Yes,Yes,Yes,Yes,Yes,One year,No,Credit card (automatic),115.55,9.00314398599142
No,No,No,36,No,DSL,Yes,Yes,Yes,Yes,No,Yes,One year,Yes,Mailed check,75.55,7.894001085943517
Yes,No,No,16,Yes,Fiber optic,No,No,No,No,Yes,No,Month-to-month,Yes,Electronic check,86.6,7.156176637480615
No,No,No,18,Yes,Fiber optic,No,No,No,No,Yes,No,Month-to-month,Yes,Electronic check,85.2,7.3491665138637705
No,Yes,No,34,Yes,Fiber optic,No,No,No,No,Yes,Yes,Month-to-month,Yes,Electronic check,97.65,8.073574400675193
No,Yes,Yes,42,No phone service,DSL,No,Yes,Yes,No,No,Yes,One year,Yes,Credit card (automatic),45.1,7.6256194620789195
No,No,No,48,Yes,DSL,Yes,No,No,Yes,No,Yes,One year,Yes,Bank transfer (automatic),70.95,8.197043022159876
No,Yes,No,47,Yes,Fiber optic,No,Yes,Yes,Yes,Yes,Yes,Month-to-month,Yes,Electronic check,109.55,8.541993115321715
No,Yes,Yes,39,Yes,Fiber optic,No,Yes,Yes,Yes,No,No,One year,Yes,Electronic check,89.55,8.153479246017834
No,Yes,Yes,11,No,No,No internet service,No internet service,No internet service,No internet service,No internet service,No internet service,Two year,No,Credit card (automatic),20.9,5.314682720634301
No,No,No,7,No,No,No internet service,No internet service,No internet service,No internet service,No internet service,No internet service,Month-to-month,Yes,Mailed check,19.95,5.000584958242754
No,No,No,3,Yes,No,No internet service,No internet service,No internet service,No internet service,No internet service,No internet service,Month-to-month,No,Mailed check,24.6,4.469923036580066
No,No,No,8,No,DSL,Yes,No,Yes,No,No,Yes,Month-to-month,Yes,Electronic check,66.7,6.363028103540465
No,No,Yes,1,No,No,No internet service,No internet service,No internet service,No internet service,No internet service,No internet service,Month-to-month,Yes,Mailed check,19.45,3.017982882488811
No,Yes,Yes,32,No,Fiber optic,Yes,Yes,Yes,No,No,Yes,One year,No,Mailed check,94.8,8.049602648334776
No,Yes,Yes,60,No,DSL,Yes,Yes,Yes,Yes,No,No,One year,Yes,Bank transfer (automatic),65.85,8.276216571950236
No,Yes,No,10,No,No,No internet service,No internet service,No internet service,No internet service,No internet service,No internet service,Month-to-month,Yes,Bank transfer (automatic),19.95,5.240423388129134
No,Yes,No,71,Yes,No,No internet service,No internet service,No internet service,No internet service,No internet service,No internet service,Two year,Yes,Bank transfer (automatic),24.65,7.444920938079968
No,Yes,Yes,4,No,No,No internet service,No internet service,No internet service,No internet service,No internet service,No internet service,Month-to-month,No,Mailed check,20.35,4.348340577019075
Yes,No,No,1,No,Fiber optic,No,No,No,No,No,No,Month-to-month,Yes,Electronic check,69.25,4.2520603082138555
No,Yes,Yes,43,No phone service,DSL,Yes,Yes,No,Yes,Yes,No,One year,Yes,Bank transfer (automatic),51.25,7.674431692830198
No,Yes,No,59,Yes,Fiber optic,No,No,Yes,No,Yes,Yes,One year,Yes,Bank transfer (automatic),99.5,8.693178046992355
No,Yes,No,23,No,DSL,No,No,Yes,Yes,No,No,Month-to-month,No,Electronic check,54.25,7.108694120308154
No,Yes,No,72,No,No,No internet service,No internet service,No internet service,No internet service,No internet service,No internet service,Two year,No,Bank transfer (automatic),19.4,7.311518940450544
No,Yes,No,22,No,DSL,Yes,No,No,Yes,No,No,One year,Yes,Credit card (automatic),56.25,7.164875045851278
No,No,No,1,No phone service,DSL,No,No,No,No,No,No,Month-to-month,Yes,Mailed check,25.15,3.263849190510932
No,No,No,69,Yes,No,No internet service,No internet service,No internet service,No internet service,No internet service,No internet service,Two year,No,Bank transfer (automatic),23.95,7.446643440513011
No,No,No,50,No phone service,DSL,Yes,No,No,Yes,No,No,One year,Yes,Mailed check,35.4,7.467313922427702
Yes,No,No,1,No phone service,DSL,No,No,No,No,No,No,Month-to-month,Yes,Electronic check,25.2,3.265759410767051
No,No,No,2,No,DSL,No,No,No,No,No,No,Month-to-month,Yes,Mailed check,45.0,4.57933942595357
No,Yes,No,15,No,Fiber optic,No,Yes,No,No,No,No,Month-to-month,No,Bank transfer (automatic),75.35,7.017102835817419
No,No,No,31,No,No,No internet service,No internet service,No internet service,No internet service,No internet service,No internet service,Two year,No,Bank transfer (automatic),20.4,6.413622878157807
No,Yes,No,66,Yes,Fiber optic,No,Yes,Yes,No,Yes,Yes,Month-to-month,Yes,Credit card (automatic),105.0,8.872662408758712
No,No,Yes,3,No,DSL,No,No,No,No,Yes,No,Month-to-month,Yes,Credit card (automatic),54.7,5.138441998583912
No,No,No,8,No,No,No internet service,No internet service,No internet service,No internet service,No internet service,No internet service,Two year,No,Mailed check,20.0,4.960043507980195
No,Yes,Yes,64,No,DSL,Yes,No,Yes,No,Yes,Yes,One year,Yes,Credit card (automatic),73.05,8.45311323178993
No,Yes,No,28,No,No,No internet service,No internet service,No internet service,No internet service,No internet service,No internet service,Month-to-month,No,Mailed check,20.5,6.335142900050929
No,Yes,No,57,Yes,Fiber optic,No,No,Yes,No,Yes,Yes,One year,Yes,Credit card (automatic),100.75,8.697178688412643
No,Yes,Yes,14,Yes,Fiber optic,No,No,Yes,No,No,Yes,Month-to-month,Yes,Electronic check,87.25,7.13854948922687
No,No,No,19,No,No,No internet service,No internet service,No internet service,No internet service,No internet service,No internet service,Two year,Yes,Mailed check,19.95,5.925591802957274
No,Yes,No,10,No,Fiber optic,No,No,No,No,Yes,No,Month-to-month,Yes,Electronic check,79.95,6.7548371725574246
No,Yes,No,51,No phone service,DSL,No,Yes,No,No,Yes,Yes,Month-to-month,Yes,Electronic check,49.65,7.845553067140723
No,Yes,No,67,Yes,DSL,Yes,Yes,Yes,No,No,No,Two year,No,Mailed check,65.65,8.371901488055626
No,Yes,Yes,11,No,No,No internet service,No internet service,No internet service,No internet service,No internet service,No internet service,Month-to-month,Yes,Electronic check,20.45,5.528635121610247
No,Yes,Yes,72,No phone service,DSL,Yes,No,Yes,Yes,Yes,Yes,Two year,No,Bank transfer (automatic),60.95,8.422893500895606
No,Yes,Yes,66,No,No,No internet service,No internet service,No internet service,No internet service,No internet service,No internet service,One year,Yes,Electronic check,20.35,7.215607558223301
No,No,No,18,Yes,Fiber optic,No,No,No,Yes,Yes,No,Month-to-month,Yes,Electronic check,88.35,7.40263443091844
No,No,No,9,No,No,No internet service,No internet service,No internet service,No internet service,No internet service,No internet service,Month-to-month,Yes,Electronic check,19.5,5.192123170141633
No,No,No,9,Yes,Fiber optic,No,No,No,No,No,No,Month-to-month,Yes,Credit card (automatic),75.2,6.4533887505158
No,Yes,No,48,Yes,Fiber optic,Yes,Yes,Yes,No,Yes,Yes,Month-to-month,Yes,Bank transfer (automatic),111.45,8.578495230792402
No,No,No,10,No,Fiber optic,No,No,No,No,No,No,Month-to-month,No,Mailed check,70.15,6.601909235902685
No,No,No,9,Yes,Fiber optic,No,No,No,No,Yes,Yes,Month-to-month,Yes,Electronic check,94.75,6.792232187726598
Yes,No,No,13,Yes,Fiber optic,No,No,No,No,Yes,Yes,Month-to-month,Yes,Electronic check,95.05,7.1631723908466425
No,No,No,4,Yes,Fiber optic,No,Yes,No,No,No,No,Month-to-month,No,Electronic check,78.45,5.802269421370855
No,No,No,4,No,Fiber optic,No,No,No,No,No,No,Month-to-month,Yes,Electronic check,70.2,5.4762543250241675
No,Yes,No,72,Yes,DSL,Yes,Yes,Yes,Yes,Yes,Yes,Two year,No,Bank transfer (automatic),92.0,8.775765660721452
No,Yes,Yes,51,No,DSL,Yes,Yes,Yes,Yes,Yes,Yes,Two year,No,Credit card (automatic),85.5,8.394562173260002
No,Yes,No,59,No phone service,DSL,No,Yes,No,No,No,Yes,Month-to-month,Yes,Bank transfer (automatic),41.05,7.8053523684090385
No,Yes,No,10,Yes,Fiber optic,No,No,No,No,Yes,No,Month-to-month,Yes,Electronic check,85.6,6.703004047221998
Yes,Yes,No,61,Yes,Fiber optic,No,Yes,No,No,No,No,Month-to-month,Yes,Electronic check,82.15,8.498183649544655
No,No,No,54,No,Fiber optic,Yes,No,Yes,Yes,No,No,One year,No,Electronic check,84.4,8.408504922702773
No,No,No,33,Yes,DSL,Yes,Yes,No,No,No,No,Month-to-month,Yes,Mailed check,60.9,7.618177385086264
No,No,No,27,No,No,No internet service,No internet service,No internet service,No internet service,No internet service,No internet service,Two year,Yes,Bank transfer (automatic),20.25,6.290086559598097
Yes,No,No,1,No,Fiber optic,No,No,No,No,Yes,No,Month-to-month,Yes,Electronic check,79.2,4.384523514872469
No,No,No,23,No,Fiber optic,No,Yes,No,No,Yes,Yes,Month-to-month,No,Mailed check,95.3,7.693436060945015
No,No,Yes,1,No,No,No internet service,No internet service,No internet service,No internet service,No internet service,No internet service,Month-to-month,No,Mailed check,19.85,3.0373539482448106
No,Yes,Yes,45,No,DSL,Yes,Yes,Yes,Yes,Yes,Yes,Two year,Yes,Mailed check,84.35,8.25817631817822
No,Yes,Yes,39,No,No,No internet service,No internet service,No internet service,No internet service,No internet service,No internet service,Two year,Yes,Bank transfer (automatic),19.85,6.752036703982716
No,No,No,5,No,DSL,No,No,Yes,No,Yes,Yes,One year,Yes,Mailed check,70.0,5.853351244978348
No,Yes,Yes,72,Yes,DSL,Yes,Yes,Yes,Yes,Yes,No,Two year,No,Bank transfer (automatic),82.3,8.668393809802371
No,Yes,Yes,58,Yes,DSL,No,Yes,No,No,Yes,No,Month-to-month,Yes,Bank transfer (automatic),66.8,8.286873956352933
No,No,No,70,No phone service,DSL,Yes,Yes,Yes,Yes,No,No,Two year,Yes,Bank transfer (automatic),44.6,8.025892378581256
No,Yes,Yes,61,No,Fiber optic,No,Yes,No,Yes,Yes,Yes,One year,Yes,Bank transfer (automatic),98.45,8.723589283651368
No,No,No,2,No,Fiber optic,No,No,No,No,No,No,Month-to-month,No,Mailed check,70.7,4.869071729774468
No,Yes,Yes,46,Yes,No,No internet service,No internet service,No internet service,No internet service,No internet service,No internet service,One year,No,Mailed check,24.95,7.062105938812062
No,No,No,1,Yes,DSL,No,No,No,No,No,No,Month-to-month,Yes,Bank transfer (automatic),49.95,3.9308447596687337
No,Yes,No,22,No,Fiber optic,No,No,No,No,No,No,Month-to-month,Yes,Electronic check,69.25,7.349230824613334
No,No,No,48,No,Fiber optic,Yes,No,Yes,Yes,Yes,Yes,Two year,Yes,Credit card (automatic),102.5,8.49806133910021
No,No,No,64,Yes,DSL,No,Yes,Yes,Yes,Yes,Yes,Two year,No,Credit card (automatic),86.55,8.63649507304189
No,Yes,Yes,72,Yes,No,No internet service,No internet service,No internet service,No internet service,No internet service,No internet service,Two year,No,Bank transfer (automatic),24.3,7.40503963218146
No,Yes,Yes,12,No,DSL,No,No,Yes,No,Yes,No,Month-to-month,Yes,Credit card (automatic),58.35,6.608742590187972
Yes,Yes,No,34,Yes,Fiber optic,No,Yes,Yes,No,No,Yes,Month-to-month,Yes,Electronic check,94.25,8.0766862265592
No,Yes,Yes,72,No,DSL,Yes,Yes,Yes,No,No,Yes,Two year,No,Credit card (automatic),68.75,8.494783969903107
No,Yes,No,29,Yes,Fiber optic,No,Yes,Yes,No,No,No,Month-to-month,Yes,Electronic check,85.8,7.8002654821908886
No,Yes,Yes,33,No,No,No internet service,No internet service,No internet service,No internet service,No internet service,No internet service,One year,No,Credit card (automatic),20.1,6.432216358237724
No,No,No,1,No,No,No internet service,No internet service,No internet service,No internet service,No internet service,No internet service,Month-to-month,No,Mailed check,20.35,3.0610517396746335
No,Yes,Yes,62,Yes,Fiber optic,No,Yes,Yes,Yes,Yes,Yes,One year,Yes,Electronic check,110.8,8.830828057706112
No,Yes,No,41,Yes,DSL,No,No,Yes,No,Yes,Yes,One year,Yes,Electronic check,73.0,8.007100632226075
No,No,No,64,Yes,Fiber optic,No,No,Yes,No,Yes,Yes,One year,Yes,Credit card (automatic),100.05,8.741168396810304
No,No,No,4,No,Fiber optic,No,No,Yes,No,No,Yes,Month-to-month,Yes,Credit card (automatic),82.85,5.770194240175453
No,No,No,24,Yes,Fiber optic,Yes,No,No,Yes,No,No,Month-to-month,Yes,Electronic check,84.35,7.5699534413980665
No,Yes,Yes,14,No,No,No internet service,No internet service,No internet service,No internet service,No internet service,No internet service,One year,No,Mailed check,19.55,5.688668836846153
No,No,Yes,3,No,No,No internet service,No internet service,No internet service,No internet service,No internet service,No internet service,Month-to-month,No,Mailed check,19.95,4.08260930600368
Yes,No,No,4,No,Fiber optic,No,Yes,Yes,No,Yes,Yes,Month-to-month,Yes,Credit card (automatic),99.8,6.095486667514328
No,No,Yes,18,No phone service,DSL,No,No,No,No,No,Yes,Month-to-month,Yes,Electronic check,35.0,6.317164686747284
No,No,No,8,No,DSL,No,No,No,No,Yes,Yes,Month-to-month,Yes,Electronic check,66.25,6.305271133319434
No,No,No,35,Yes,No,No internet service,No internet service,No internet service,No internet service,No internet service,No internet service,Two year,No,Bank transfer (automatic),23.3,6.682233902881963
No,No,No,1,Yes,Fiber optic,No,No,No,No,No,No,Month-to-month,No,Electronic check,76.0,4.343805421853684
No,No,Yes,66,Yes,No,No internet service,No internet service,No internet service,No internet service,No internet service,No internet service,Two year,Yes,Credit card (automatic),25.3,7.423449034144988
No,No,Yes,8,No phone service,DSL,Yes,No,No,Yes,No,Yes,Two year,Yes,Mailed check,44.55,5.841948942039205
No,Yes,No,71,Yes,Fiber optic,Yes,No,Yes,No,Yes,Yes,One year,Yes,Credit card (automatic),104.1,8.911024218626034
No,Yes,Yes,43,Yes,Fiber optic,No,No,Yes,No,No,Yes,Month-to-month,Yes,Bank transfer (automatic),92.55,8.303999970955196
Yes,No,No,2,Yes,Fiber optic,No,No,No,No,Yes,Yes,Month-to-month,Yes,Electronic check,93.85,5.1466220032958425
Yes,No,No,29,No,Fiber optic,No,Yes,Yes,No,Yes,Yes,Month-to-month,Yes,Bank transfer (automatic),101.45,7.989424846919935
No,Yes,No,15,No,Fiber optic,No,No,Yes,No,Yes,No,Month-to-month,Yes,Electronic check,84.3,7.177324296006991
No,Yes,Yes,65,Yes,Fiber optic,Yes,Yes,Yes,Yes,No,No,Two year,No,Credit card (automatic),94.55,8.712718855693774
No,No,No,35,Yes,Fiber optic,No,No,Yes,Yes,Yes,No,Month-to-month,No,Electronic check,95.5,8.137161884564883
No,No,No,64,No,Fiber optic,Yes,Yes,No,No,Yes,Yes,One year,Yes,Credit card (automatic),100.3,8.795551936407135
No,Yes,Yes,58,No phone service,DSL,No,No,Yes,Yes,Yes,Yes,Two year,Yes,Credit card (automatic),55.5,8.060824186779545
Yes,No,No,18,No,DSL,No,Yes,No,No,No,No,Month-to-month,Yes,Credit card (automatic),49.85,6.764750584565133
No,Yes,Yes,67,Yes,Fiber optic,No,Yes,No,No,No,Yes,Month-to-month,Yes,Bank transfer (automatic),89.55,8.759998183589703
No,Yes,Yes,63,No,No,No internet service,No internet service,No internet service,No internet service,No internet service,No internet service,Two year,Yes,Mailed check,19.15,7.071615808132508
No,Yes,No,60,Yes,Fiber optic,No,Yes,No,No,Yes,Yes,Month-to-month,Yes,Electronic check,99.8,8.697303972913028
Yes,No,No,9,Yes,Fiber optic,No,No,No,No,No,Yes,Month-to-month,Yes,Credit card (automatic),84.4,6.597827597583036
No,Yes,Yes,70,Yes,Fiber optic,Yes,Yes,Yes,Yes,Yes,Yes,Two year,Yes,Credit card (automatic),113.05,8.97081969463142
No,Yes,No,15,Yes,Fiber optic,No,No,Yes,No,Yes,Yes,Month-to-month,Yes,Electronic check,101.1,7.31658139922248
No,No,Yes,48,No,No,No internet service,No internet service,No internet service,No internet service,No internet service,No internet service,One year,No,Mailed check,19.95,6.8434300684255795
No,Yes,No,12,No,DSL,No,No,Yes,Yes,Yes,Yes,Month-to-month,Yes,Electronic check,74.15,6.609888181471991
Yes,Yes,No,71,Yes,Fiber optic,Yes,Yes,Yes,Yes,No,No,One year,Yes,Electronic check,92.0,8.792731829921326
Yes,No,No,44,No,Fiber optic,No,No,Yes,No,No,No,Month-to-month,No,Electronic check,73.85,8.046677431053746
No,No,No,1,Yes,DSL,No,No,No,No,No,No,Month-to-month,Yes,Electronic check,50.45,3.9406104622800586
No,Yes,Yes,45,Yes,No,No internet service,No internet service,No internet service,No internet service,No internet service,No internet service,Two year,No,Mailed check,24.45,6.993244664997552
No,No,No,23,Yes,No,No internet service,No internet service,No internet service,No internet service,No internet service,No internet service,One year,No,Credit card (automatic),24.8,6.423814983997529
No,Yes,No,43,Yes,DSL,No,No,No,Yes,Yes,No,One year,Yes,Bank transfer (automatic),64.85,7.975633408280386
No,No,No,35,No,No,No internet service,No internet service,No internet service,No internet service,No internet service,No internet service,Month-to-month,No,Bank transfer (automatic),20.75,6.607865663422611
No,Yes,No,9,No,DSL,Yes,Yes,No,Yes,Yes,No,Month-to-month,Yes,Mailed check,68.95,6.388309272922535
No,No,No,12,Yes,Fiber optic,No,No,No,Yes,Yes,Yes,Month-to-month,Yes,Mailed check,99.95,7.033286001429347
Yes,Yes,No,65,Yes,Fiber optic,Yes,Yes,Yes,No,Yes,Yes,Month-to-month,Yes,Credit card (automatic),109.4,8.885779907660176
No,No,No,2,Yes,Fiber optic,No,No,Yes,No,Yes,No,Month-to-month,Yes,Electronic check,91.4,5.270946169751904
No,No,No,27,Yes,DSL,No,No,No,No,No,No,Month-to-month,No,Mailed check,49.0,7.164217545489172
No,No,No,40,No,DSL,No,No,Yes,No,No,No,One year,Yes,Mailed check,50.25,7.613102732623401
Yes,No,No,5,No,Fiber optic,No,No,Yes,No,No,No,Month-to-month,Yes,Credit card (automatic),75.55,5.859788574982919
No,Yes,Yes,8,No,No,No internet service,No internet service,No internet service,No internet service,No internet service,No internet service,One year,No,Credit card (automatic),19.9,5.043102484233757
Yes,Yes,No,58,Yes,Fiber optic,No,Yes,No,No,Yes,Yes,One year,Yes,Bank transfer (automatic),97.8,8.605167438031424
No,Yes,Yes,52,No,Fiber optic,Yes,No,Yes,No,Yes,Yes,One year,No,Electronic check,100.3,8.565116313146317
No,Yes,No,3,No,DSL,No,No,Yes,Yes,No,No,Month-to-month,Yes,Mailed check,55.8,5.046967223343646
No,No,Yes,41,No,Fiber optic,Yes,Yes,Yes,Yes,Yes,Yes,Two year,Yes,Electronic check,111.15,8.41364214878533
No,No,No,20,Yes,Fiber optic,No,No,No,Yes,Yes,Yes,Month-to-month,Yes,Mailed check,98.55,7.617243219130135
No,No,Yes,1,Yes,DSL,No,No,No,No,No,No,Month-to-month,Yes,Electronic check,50.05,3.9328055446106744
No,No,Yes,4,Yes,Fiber optic,No,No,No,Yes,No,No,Month-to-month,No,Credit card (automatic),80.8,5.809492929078315
No,No,No,23,No,No,No internet service,No internet service,No internet service,No internet service,No internet service,No internet service,Month-to-month,No,Electronic check,20.85,6.163104255555076
Yes,No,No,6,No,No,No internet service,No internet service,No internet service,No internet service,No internet service,No internet service,Month-to-month,No,Bank transfer (automatic),19.5,4.680277658474897
No,Yes,Yes,8,No,No,No internet service,No internet service,No internet service,No internet service,No internet service,No internet service,Month-to-month,Yes,Mailed check,19.35,5.034351820713572
No,No,No,18,Yes,DSL,Yes,No,Yes,No,Yes,No,Month-to-month,No,Mailed check,69.5,7.090410113566212
Yes,No,No,52,No phone service,DSL,Yes,No,No,No,Yes,Yes,Month-to-month,Yes,Credit card (automatic),48.8,7.846218377121432
No,No,No,31,No,Fiber optic,No,Yes,No,No,Yes,Yes,Month-to-month,Yes,Electronic check,94.5,7.99974569134136
No,Yes,Yes,29,No,No,No internet service,No internet service,No internet service,No internet service,No internet service,No internet service,Month-to-month,Yes,Mailed check,20.65,6.485932104261154
No,Yes,No,36,Yes,Fiber optic,Yes,Yes,Yes,Yes,No,Yes,Two year,Yes,Credit card (automatic),106.05,8.252029010839415
No,Yes,No,16,Yes,Fiber optic,No,Yes,No,No,Yes,Yes,Month-to-month,Yes,Electronic check,100.0,7.336774140044037
No,Yes,No,42,Yes,Fiber optic,No,No,Yes,Yes,Yes,Yes,One year,Yes,Electronic check,108.3,8.43101419517434
No,No,No,1,No,No,No internet service,No internet service,No internet service,No internet service,No internet service,No internet service,Month-to-month,No,Electronic check,20.55,3.070375816549757
No,No,No,60,No,Fiber optic,No,Yes,Yes,No,Yes,Yes,Two year,Yes,Electronic check,99.65,8.689809470662343
No,No,No,5,Yes,Fiber optic,No,Yes,Yes,No,No,No,Month-to-month,Yes,Electronic check,85.3,6.052442047831802
No,Yes,No,22,Yes,Fiber optic,Yes,No,No,Yes,Yes,No,Month-to-month,No,Credit card (automatic),95.9,7.7124214726654
No,Yes,No,36,No,No,No internet service,No internet service,No internet service,No internet service,No internet service,No internet service,One year,No,Mailed check,20.0,6.50391385199007
No,No,No,4,No,Fiber optic,No,No,No,No,No,No,Month-to-month,No,Electronic check,70.4,5.641907070938114
No,No,No,9,No,DSL,Yes,No,No,Yes,No,Yes,Month-to-month,No,Mailed check,64.95,6.307734076411675
No,Yes,Yes,1,No,Fiber optic,No,Yes,No,No,No,No,Month-to-month,No,Credit card (automatic),74.6,4.3254562831854875
No,Yes,Yes,12,No,DSL,Yes,No,No,No,No,No,Month-to-month,Yes,Electronic check,49.2,6.349401194763724
No,No,No,23,Yes,DSL,No,No,No,Yes,Yes,Yes,One year,Yes,Mailed check,73.75,7.4717045210704
No,No,No,62,Yes,Fiber optic,Yes,Yes,No,No,No,Yes,One year,Yes,Bank transfer (automatic),92.3,8.653898292496027
No,No,No,37,Yes,Fiber optic,No,No,No,Yes,Yes,Yes,Month-to-month,No,Bank transfer (automatic),98.8,8.153795701716678
No,No,No,8,No,No,No internet service,No internet service,No internet service,No internet service,No internet service,No internet service,Month-to-month,No,Mailed check,19.2,5.061645215004001
No,Yes,No,31,Yes,Fiber optic,No,No,Yes,No,Yes,No,Month-to-month,No,Credit card (automatic),88.65,7.895138010963706
No,Yes,Yes,13,Yes,Fiber optic,No,No,No,No,No,No,Month-to-month,Yes,Credit card (automatic),74.4,6.799891633106192
No,No,No,24,Yes,Fiber optic,No,No,Yes,No,Yes,Yes,Month-to-month,Yes,Electronic check,98.75,7.786676383386288
No,Yes,Yes,45,Yes,Fiber optic,No,Yes,Yes,No,No,Yes,Month-to-month,Yes,Bank transfer (automatic),95.95,8.402377000320856
Yes,Yes,No,69,Yes,Fiber optic,No,Yes,No,Yes,Yes,Yes,Two year,No,Credit card (automatic),105.4,8.853658285154797
No,No,No,2,No,No,No internet service,No internet service,No internet service,No internet service,No internet service,No internet service,Month-to-month,No,Mailed check,20.25,3.632309102625542
No,Yes,Yes,61,Yes,Fiber optic,Yes,Yes,No,No,Yes,Yes,One year,Yes,Electronic check,106.0,8.787021835648426
No,No,No,41,Yes,Fiber optic,No,Yes,Yes,No,Yes,Yes,Month-to-month,Yes,Electronic check,104.7,8.377333244238764
No,No,No,44,No phone service,DSL,No,No,Yes,No,Yes,Yes,One year,Yes,Electronic check,49.05,7.725771441587952
No,No,No,39,No phone service,DSL,No,No,Yes,Yes,No,No,One year,No,Mailed check,35.55,7.177896913456929
No,Yes,Yes,72,No phone service,DSL,Yes,Yes,Yes,Yes,Yes,Yes,Two year,Yes,Credit card (automatic),65.1,8.467015064471957
Yes,No,No,13,No,Fiber optic,No,No,Yes,No,Yes,Yes,Month-to-month,Yes,Electronic check,96.85,7.1200805228604676
No,Yes,Yes,51,No,DSL,Yes,Yes,No,Yes,No,Yes,One year,Yes,Credit card (automatic),69.75,8.178498486941926
Yes,Yes,No,71,No,Fiber optic,No,Yes,Yes,No,Yes,Yes,Two year,Yes,Electronic check,99.2,8.883882820572994
Yes,No,No,22,Yes,Fiber optic,No,No,No,No,Yes,Yes,Month-to-month,Yes,Electronic check,96.7,7.6420204102629805
No,No,No,2,No,DSL,No,Yes,No,Yes,No,No,Month-to-month,Yes,Credit card (automatic),55.05,4.641984159110808
No,No,No,56,Yes,Fiber optic,No,Yes,Yes,No,Yes,Yes,One year,Yes,Electronic check,106.8,8.68531439880905
No,No,No,1,No,DSL,Yes,No,No,No,No,No,Month-to-month,No,Mailed check,51.25,3.9560398908449206
No,Yes,Yes,23,No,DSL,Yes,Yes,No,Yes,No,No,One year,Yes,Mailed check,57.75,7.157618654995728
Yes,Yes,No,66,Yes,DSL,No,Yes,Yes,No,Yes,No,One year,Yes,Bank transfer (automatic),70.85,8.463760768618771
Yes,No,No,19,Yes,Fiber optic,No,Yes,No,No,Yes,No,Month-to-month,Yes,Electronic check,88.2,7.482569272580218
No,No,No,11,No,Fiber optic,Yes,No,Yes,No,No,No,Month-to-month,Yes,Bank transfer (automatic),79.5,6.680415435536518
No,Yes,Yes,8,No,No,No internet service,No internet service,No internet service,No internet service,No internet service,No internet service,One year,Yes,Mailed check,19.75,4.983606621708336
No,Yes,Yes,52,Yes,Fiber optic,Yes,Yes,Yes,No,No,Yes,Month-to-month,No,Bank transfer (automatic),98.15,8.516072563747533
No,No,No,3,No,No,No internet service,No internet service,No internet service,No internet service,No internet service,No internet service,Month-to-month,Yes,Electronic check,20.25,4.134366236571586
No,Yes,Yes,51,No,Fiber optic,Yes,Yes,No,No,No,No,Month-to-month,Yes,Bank transfer (automatic),79.15,8.298925235048776
Yes,No,No,15,Yes,Fiber optic,No,No,No,No,No,No,Month-to-month,No,Electronic check,75.65,7.045471652345971
Yes,Yes,No,64,Yes,Fiber optic,No,Yes,Yes,No,No,Yes,Month-to-month,Yes,Electronic check,94.25,8.713154633914227
No,No,No,37,No phone service,DSL,No,No,Yes,No,No,Yes,Month-to-month,Yes,Credit card (automatic),40.2,7.299696010270414
No,No,No,13,No,No,No internet service,No internet service,No internet service,No internet service,No internet service,No internet service,Two year,No,Mailed check,19.95,5.499828617735132
No,Yes,No,49,Yes,DSL,Yes,No,No,No,No,No,One year,Yes,Electronic check,55.35,7.87661948546336
Yes,No,No,45,Yes,Fiber optic,No,No,Yes,No,Yes,Yes,One year,Yes,Bank transfer (automatic),102.15,8.463022075860248
No,No,No,18,No,Fiber optic,No,No,No,No,No,No,Month-to-month,Yes,Electronic check,71.1,7.129898329962764
Yes,No,No,1,Yes,Fiber optic,No,No,No,No,No,No,Month-to-month,Yes,Electronic check,74.7,4.3267781604434035
No,Yes,No,68,No phone service,DSL,Yes,No,Yes,No,Yes,Yes,Two year,Yes,Bank transfer (automatic),54.1,8.241571433456823
No,No,No,54,No,No,No internet service,No internet service,No internet service,No internet service,No internet service,No internet service,Two year,No,Credit card (automatic),19.65,6.917408536010275
Yes,Yes,Yes,23,No,Fiber optic,No,Yes,Yes,No,No,Yes,Month-to-month,Yes,Bank transfer (automatic),88.45,7.664604693589064
No,No,No,17,No,Fiber optic,No,No,Yes,No,No,No,Month-to-month,Yes,Electronic check,76.65,7.181249680723068
No,Yes,No,71,Yes,DSL,Yes,Yes,Yes,Yes,No,Yes,Two year,No,Credit card (automatic),80.4,8.653147895448441
No,Yes,Yes,67,No,No,No internet service,No internet service,No internet service,No internet service,No internet service,No internet service,Two year,Yes,Bank transfer (automatic),19.25,7.225408689929902
No,Yes,Yes,14,Yes,Fiber optic,No,No,No,No,Yes,No,Month-to-month,Yes,Electronic check,84.8,7.094151854929231
Yes,No,No,1,No phone service,DSL,No,No,No,No,No,No,Month-to-month,Yes,Mailed check,25.8,3.288401887516811
No,No,Yes,63,No,No,No internet service,No internet service,No internet service,No internet service,No internet service,No internet service,Two year,No,Credit card (automatic),19.5,7.103404295986953
No,No,No,41,Yes,DSL,No,No,Yes,Yes,No,Yes,One year,Yes,Electronic check,68.6,7.964868260472218
No,Yes,No,17,Yes,Fiber optic,No,No,No,No,Yes,Yes,Month-to-month,No,Electronic check,92.6,7.36562306588335
No,Yes,No,56,Yes,Fiber optic,Yes,No,No,No,Yes,Yes,One year,Yes,Electronic check,100.55,8.615399174332588
No,No,No,5,No,No,No internet service,No internet service,No internet service,No internet service,No internet service,No internet service,Month-to-month,No,Credit card (automatic),20.55,4.575741375297279
No,No,No,2,No phone service,DSL,Yes,Yes,No,No,No,Yes,Month-to-month,Yes,Electronic check,42.6,4.29592393562047
No,Yes,No,3,No,No,No internet service,No internet service,No internet service,No internet service,No internet service,No internet service,Month-to-month,Yes,Mailed check,19.6,4.029806041084529
No,No,No,37,Yes,DSL,Yes,Yes,Yes,Yes,No,No,One year,No,Electronic check,67.45,7.801514062349206
No,No,No,29,No,DSL,Yes,Yes,Yes,No,No,Yes,Month-to-month,Yes,Bank transfer (automatic),68.85,7.5865499533176814
No,No,No,8,No,DSL,No,No,No,No,No,No,Month-to-month,No,Mailed check,43.55,5.818300928098793
No,No,No,63,Yes,Fiber optic,No,Yes,Yes,Yes,Yes,Yes,Month-to-month,Yes,Credit card (automatic),109.85,8.85422955460242
No,Yes,Yes,7,No,No,No internet service,No internet service,No internet service,No internet service,No internet service,No internet service,Month-to-month,No,Mailed check,20.65,5.074861266395527
No,No,No,3,No,Fiber optic,No,Yes,No,No,Yes,Yes,Month-to-month,No,Electronic check,95.4,5.684089841310465
No,Yes,Yes,72,No,No,No internet service,No internet service,No internet service,No internet service,No internet service,No internet service,Two year,No,Bank transfer (automatic),21.0,7.309714247761014
No,No,No,19,No,DSL,No,No,No,No,No,Yes,Month-to-month,Yes,Electronic check,56.2,6.997961546868286
No,Yes,No,59,No,No,No internet service,No internet service,No internet service,No internet service,No internet service,No internet service,Two year,No,Bank transfer (automatic),18.4,6.964938692509591
No,Yes,Yes,2,No,Fiber optic,No,No,Yes,Yes,No,Yes,Month-to-month,No,Credit card (automatic),90.0,5.252535173892909
No,Yes,Yes,35,Yes,No,No internet service,No internet service,No internet service,No internet service,No internet service,No internet service,Month-to-month,Yes,Electronic check,25.75,6.783947883254065
No,No,No,14,No,No,No internet service,No internet service,No internet service,No internet service,No internet service,No internet service,Month-to-month,No,Credit card (automatic),19.6,5.708438286192395
No,No,No,14,No,Fiber optic,No,No,Yes,No,No,No,Month-to-month,No,Electronic check,75.35,6.934348523251658
No,Yes,Yes,69,No,No,No internet service,No internet service,No internet service,No internet service,No internet service,No internet service,Two year,No,Credit card (automatic),19.8,7.27097376716188
Yes,Yes,No,7,Yes,DSL,Yes,Yes,No,Yes,No,No,Month-to-month,No,Electronic check,64.2,6.16541785423142
No,Yes,Yes,69,No,DSL,Yes,Yes,Yes,Yes,Yes,No,Two year,Yes,Bank transfer (automatic),75.75,8.592142952023764
No,Yes,Yes,72,Yes,DSL,No,Yes,No,Yes,Yes,Yes,Two year,Yes,Electronic check,78.95,8.653671487651899
No,No,No,8,Yes,Fiber optic,No,Yes,No,No,Yes,Yes,Month-to-month,No,Electronic check,100.85,6.709974847125637
No,Yes,Yes,4,No,DSL,Yes,No,No,No,No,No,Month-to-month,No,Electronic check,50.3,5.384953673207583
No,Yes,Yes,63,No,Fiber optic,No,Yes,Yes,No,No,No,Month-to-month,Yes,Credit card (automatic),80.3,8.49644952147829
No,No,No,72,No,No,No internet service,No internet service,No internet service,No internet service,No internet service,No internet service,Two year,No,Bank transfer (automatic),19.85,7.268989812176886
No,No,No,46,No,No,No internet service,No internet service,No internet service,No internet service,No internet service,No internet service,Two year,Yes,Electronic check,21.1,6.843856553131905
No,Yes,No,5,No,Fiber optic,No,No,No,No,No,No,Month-to-month,No,Electronic check,69.95,5.802571444930988
No,Yes,No,30,No,DSL,No,No,Yes,No,No,No,Month-to-month,Yes,Mailed check,50.0,7.2970232521877305
No,No,No,63,Yes,Fiber optic,No,Yes,Yes,No,Yes,Yes,Two year,Yes,Bank transfer (automatic),104.75,8.785310108373178
No,No,No,60,No,No,No internet service,No internet service,No internet service,No internet service,No internet service,No internet service,Two year,No,Bank transfer (automatic),19.85,7.029176134186477
No,Yes,No,63,Yes,Fiber optic,No,Yes,Yes,No,Yes,Yes,One year,Yes,Electronic check,107.5,8.835610558237235
No,Yes,Yes,25,No,Fiber optic,No,No,No,Yes,Yes,No,Month-to-month,No,Electronic check,85.9,7.696235366360874
No,No,No,1,No,DSL,No,No,No,No,No,No,Month-to-month,Yes,Mailed check,45.85,3.846951008684431
Yes,Yes,No,6,Yes,Fiber optic,No,No,Yes,No,No,No,Month-to-month,Yes,Electronic check,80.8,6.127087500892697
No,No,No,22,Yes,No,No internet service,No internet service,No internet service,No internet service,No internet service,No internet service,Two year,No,Mailed check,25.25,6.341240749355558
No,Yes,Yes,31,Yes,DSL,No,Yes,No,Yes,Yes,Yes,Two year,No,Bank transfer (automatic),80.55,7.813025507572827
No,Yes,Yes,39,No,Fiber optic,No,No,Yes,Yes,No,No,Month-to-month,Yes,Bank transfer (automatic),81.5,8.041831231925816
No,No,No,26,No,No,No internet service,No internet service,No internet service,No internet service,No internet service,No internet service,Month-to-month,No,Mailed check,20.9,6.252481750850273
No,Yes,No,53,No,Fiber optic,Yes,Yes,Yes,No,Yes,Yes,One year,Yes,Bank transfer (automatic),106.1,8.660557333724107
No,No,No,1,No,Fiber optic,No,Yes,No,Yes,Yes,No,Month-to-month,No,Electronic check,91.7,4.529368472571809
No,No,No,12,Yes,DSL,Yes,Yes,No,Yes,No,No,Month-to-month,Yes,Electronic check,67.25,6.725393721388161
No,No,No,16,Yes,Fiber optic,No,Yes,Yes,No,No,Yes,Month-to-month,Yes,Credit card (automatic),95.6,7.350291355299401
No,No,No,2,No,No,No internet service,No internet service,No internet service,No internet service,No internet service,No internet service,Month-to-month,No,Mailed check,20.35,3.835141961092188
No,No,Yes,39,No phone service,DSL,Yes,No,No,Yes,Yes,No,One year,No,Bank transfer (automatic),45.05,7.490864354333145
No,No,No,1,Yes,Fiber optic,No,No,No,No,No,No,Month-to-month,Yes,Electronic check,74.95,4.330075229041782
No,Yes,Yes,7,No phone service,DSL,Yes,No,No,Yes,No,No,Month-to-month,No,Mailed check,34.65,5.511814540810441
Yes,No,No,4,No,Fiber optic,No,No,No,No,No,No,Month-to-month,No,Electronic check,69.35,5.570822347399971
Yes,No,No,10,Yes,Fiber optic,No,No,No,No,Yes,Yes,Month-to-month,Yes,Electronic check,95.35,6.80167228017398
No,No,No,55,No,Fiber optic,No,Yes,Yes,No,No,No,Month-to-month,Yes,Electronic check,81.55,8.414163291096694
No,Yes,Yes,72,No,DSL,No,Yes,Yes,No,Yes,Yes,Two year,Yes,Bank transfer (automatic),75.4,8.609088456120492
No,Yes,No,10,No,DSL,No,No,Yes,No,Yes,Yes,Month-to-month,Yes,Credit card (automatic),67.8,6.483336682956885
Yes,No,No,11,Yes,Fiber optic,No,Yes,Yes,Yes,Yes,Yes,Month-to-month,Yes,Electronic check,111.4,7.076696044282031
No,Yes,Yes,15,No,DSL,No,No,No,No,No,No,Month-to-month,No,Electronic check,46.3,6.462171054277145
No,Yes,Yes,23,No,No,No internet service,No internet service,No internet service,No internet service,No internet service,No internet service,Two year,No,Bank transfer (automatic),20.4,6.173265134887809
No,No,Yes,1,No,No,No internet service,No internet service,No internet service,No internet service,No internet service,No internet service,Month-to-month,No,Mailed check,20.05,3.0469005601283903
Yes,No,No,3,No,DSL,No,No,No,No,No,No,Month-to-month,No,Electronic check,45.0,4.852811208902689
No,Yes,Yes,47,No,Fiber optic,Yes,Yes,Yes,No,No,Yes,One year,Yes,Electronic check,96.1,8.387642436957194
No,No,Yes,15,No,No,No internet service,No internet service,No internet service,No internet service,No internet service,No internet service,One year,No,Mailed check,19.65,5.604330395684541
No,No,No,66,No,Fiber optic,No,Yes,Yes,No,Yes,Yes,Month-to-month,No,Electronic check,99.5,8.811577751927691
Yes,Yes,No,68,No,DSL,No,Yes,Yes,Yes,No,No,One year,Yes,Bank transfer (automatic),60.65,8.288257900310217
No,Yes,Yes,17,No,Fiber optic,No,No,Yes,Yes,Yes,Yes,One year,No,Bank transfer (automatic),98.6,7.441877419298563
No,No,No,7,No,DSL,No,No,No,Yes,Yes,No,Month-to-month,Yes,Mailed check,59.5,6.032966310532994
Yes,Yes,No,12,No,Fiber optic,No,No,No,No,No,Yes,Month-to-month,Yes,Electronic check,80.45,6.857724345376572
Yes,Yes,No,21,Yes,DSL,No,Yes,Yes,No,No,Yes,One year,No,Bank transfer (automatic),71.7,7.311919541357253
No,No,No,21,No phone service,DSL,No,Yes,No,Yes,No,No,Month-to-month,Yes,Mailed check,36.0,6.660767192857912
No,Yes,Yes,56,Yes,DSL,Yes,No,No,No,Yes,No,One year,No,Bank transfer (automatic),65.2,8.16426834990252
No,Yes,Yes,6,Yes,DSL,No,No,No,No,No,No,Month-to-month,Yes,Credit card (automatic),48.95,5.614040099155339
Yes,No,No,65,No phone service,DSL,No,Yes,Yes,No,Yes,Yes,Two year,Yes,Bank transfer (automatic),53.5,8.165903719753842
No,Yes,No,42,Yes,DSL,Yes,No,No,Yes,Yes,Yes,One year,No,Credit card (automatic),80.45,8.124713407865393
No,Yes,Yes,68,Yes,Fiber optic,Yes,No,Yes,Yes,Yes,Yes,Two year,Yes,Bank transfer (automatic),109.05,8.923930822856375
No,Yes,Yes,48,Yes,No,No internet service,No internet service,No internet service,No internet service,No internet service,No internet service,Two year,No,Bank transfer (automatic),26.3,7.1277338269531905
Yes,No,No,50,Yes,Fiber optic,No,Yes,No,Yes,Yes,Yes,One year,Yes,Electronic check,106.8,8.584655558945965
Yes,No,No,7,No,DSL,No,Yes,Yes,No,Yes,No,Month-to-month,Yes,Electronic check,64.95,6.203850441769232
No,Yes,Yes,63,No,No,No internet service,No internet service,No internet service,No internet service,No internet service,No internet service,Two year,No,Electronic check,19.35,7.142708817055705
No,No,No,17,No,No,No internet service,No internet service,No internet service,No internet service,No internet service,No internet service,Month-to-month,No,Credit card (automatic),21.1,5.957261225766484
No,Yes,Yes,42,No,Fiber optic,No,No,No,No,Yes,No,Month-to-month,Yes,Credit card (automatic),77.95,8.127109185346375
No,Yes,Yes,4,No,No,No internet service,No internet service,No internet service,No internet service,No internet service,No internet service,Month-to-month,No,Mailed check,18.85,4.44500143383527
No,No,Yes,62,Yes,No,No internet service,No internet service,No internet service,No internet service,No internet service,No internet service,Two year,No,Bank transfer (automatic),26.0,7.402268577255823
Yes,No,No,2,No,Fiber optic,No,Yes,No,No,No,No,Month-to-month,Yes,Electronic check,74.7,5.114394528387108
No,Yes,No,2,No,Fiber optic,No,No,No,No,No,No,Month-to-month,Yes,Electronic check,70.35,4.7978545298175925
No,Yes,No,48,Yes,Fiber optic,Yes,Yes,Yes,No,Yes,No,Two year,Yes,Bank transfer (automatic),96.9,8.40613871812758
No,Yes,No,27,No,No,No internet service,No internet service,No internet service,No internet service,No internet service,No internet service,Two year,No,Bank transfer (automatic),19.55,6.25680514712198
No,Yes,Yes,70,No,DSL,No,Yes,Yes,Yes,Yes,Yes,Two year,Yes,Bank transfer (automatic),80.4,8.651523015209746
Yes,No,No,1,Yes,Fiber optic,No,No,Yes,No,Yes,No,Month-to-month,Yes,Electronic check,88.8,4.497584975308154
No,Yes,No,46,Yes,Fiber optic,No,Yes,Yes,No,Yes,No,One year,Yes,Electronic check,94.65,8.369504918516633
No,No,No,30,No,Fiber optic,No,No,No,No,Yes,Yes,Month-to-month,Yes,Electronic check,90.25,7.921662619716148
No,No,No,15,Yes,DSL,Yes,No,No,No,No,Yes,Month-to-month,Yes,Bank transfer (automatic),64.65,6.903295348260044
No,Yes,Yes,69,Yes,Fiber optic,No,Yes,Yes,No,Yes,No,One year,No,Credit card (automatic),95.75,8.781440297608864
No,No,No,65,No,No,No internet service,No internet service,No internet service,No internet service,No internet service,No internet service,Two year,Yes,Credit card (automatic),19.55,7.106319211321956
Yes,Yes,Yes,72,No,Fiber optic,Yes,No,Yes,Yes,Yes,Yes,Two year,Yes,Credit card (automatic),104.1,8.915794799502999
Yes,Yes,No,13,No,Fiber optic,No,Yes,No,Yes,No,Yes,Month-to-month,Yes,Bank transfer (automatic),89.05,7.065058128355913
No,No,No,17,No,No,No internet service,No internet service,No internet service,No internet service,No internet service,No internet service,One year,Yes,Mailed check,20.1,5.636573724962751
No,Yes,No,51,Yes,Fiber optic,Yes,No,Yes,Yes,Yes,Yes,One year,Yes,Electronic check,111.55,8.651960070512938
No,Yes,Yes,51,No,DSL,Yes,Yes,No,Yes,No,No,Two year,No,Credit card (automatic),60.5,8.046373229061277
No,Yes,No,72,Yes,DSL,Yes,Yes,Yes,Yes,Yes,Yes,Two year,Yes,Bank transfer (automatic),90.95,8.774869561781612
No,Yes,Yes,67,Yes,Fiber optic,No,Yes,Yes,No,No,No,One year,No,Electronic check,87.4,8.686057943523583
No,No,No,34,No,No,No internet service,No internet service,No internet service,No internet service,No internet service,No internet service,Month-to-month,No,Mailed check,19.7,6.517080256346608
No,Yes,No,67,No phone service,DSL,Yes,Yes,No,Yes,No,Yes,Two year,Yes,Bank transfer (automatic),50.95,8.16698302001767
No,Yes,No,49,No,No,No internet service,No internet service,No internet service,No internet service,No internet service,No internet service,One year,Yes,Bank transfer (automatic),20.05,6.828820290893995
No,Yes,Yes,53,No,No,No internet service,No internet service,No internet service,No internet service,No internet service,No internet service,Two year,Yes,Mailed check,19.4,7.013330771530775
No,No,No,27,Yes,DSL,No,No,Yes,Yes,No,No,Month-to-month,No,Electronic check,59.45,7.385634067599347
Yes,No,No,23,No,Fiber optic,No,Yes,No,No,Yes,Yes,Month-to-month,Yes,Electronic check,94.75,7.738313815365043
No,No,No,69,Yes,DSL,Yes,Yes,Yes,Yes,No,Yes,Two year,Yes,Credit card (automatic),81.5,8.622318679457237
No,Yes,Yes,2,No phone service,DSL,No,No,No,Yes,No,No,Month-to-month,No,Bank transfer (automatic),29.05,3.82319179172153
No,No,No,35,Yes,Fiber optic,No,No,No,No,Yes,No,Month-to-month,Yes,Electronic check,86.45,8.016350901259148
No,Yes,No,46,No,DSL,Yes,Yes,No,Yes,No,Yes,One year,No,Mailed check,70.6,8.080871889818352
No,No,No,54,Yes,Fiber optic,No,Yes,No,No,Yes,Yes,Two year,Yes,Bank transfer (automatic),97.2,8.542948653615948
No,Yes,No,56,Yes,Fiber optic,No,Yes,No,No,Yes,Yes,One year,Yes,Electronic check,98.25,8.614201927856143
No,Yes,No,9,No,Fiber optic,No,No,Yes,No,No,No,Month-to-month,Yes,Bank transfer (automatic),75.75,6.487531799898427
No,No,No,20,Yes,DSL,Yes,No,No,Yes,No,No,Month-to-month,No,Bank transfer (automatic),59.2,7.083555618785827
No,No,No,11,No,Fiber optic,No,Yes,No,No,No,No,Month-to-month,Yes,Mailed check,75.9,6.7655002314012656
Yes,Yes,No,30,Yes,Fiber optic,No,Yes,No,No,Yes,No,Month-to-month,Yes,Electronic check,90.05,7.874054480209538
No,Yes,No,68,No,DSL,Yes,Yes,Yes,No,No,Yes,Two year,No,Bank transfer (automatic),70.95,8.46430915879102
Yes,Yes,No,38,Yes,Fiber optic,No,Yes,Yes,No,Yes,Yes,Month-to-month,Yes,Electronic check,102.6,8.296596394368603
Yes,Yes,No,17,Yes,Fiber optic,Yes,No,Yes,No,No,No,Month-to-month,Yes,Bank transfer (automatic),85.35,7.28923502433979
No,No,No,48,Yes,Fiber optic,No,Yes,Yes,No,Yes,Yes,One year,Yes,Credit card (automatic),106.1,8.533814292432474
No,No,No,1,No,DSL,No,No,No,No,No,No,Month-to-month,No,Electronic check,43.8,3.8022081394209395
No,Yes,Yes,63,No phone service,DSL,Yes,Yes,Yes,No,Yes,Yes,Two year,No,Electronic check,59.0,8.218409725893283
No,No,No,3,No,DSL,No,No,Yes,No,Yes,Yes,One year,Yes,Electronic check,69.95,5.400196830369207
No,No,No,48,Yes,No,No internet service,No internet service,No internet service,No internet service,No internet service,No internet service,One year,No,Bank transfer (automatic),24.35,7.034123577796944
No,No,No,66,No phone service,DSL,No,No,No,Yes,No,No,One year,No,Credit card (automatic),29.45,7.592945889825626
No,Yes,Yes,68,Yes,Fiber optic,No,Yes,Yes,No,No,No,Two year,Yes,Credit card (automatic),84.4,8.656563752864045
Yes,No,No,17,No,DSL,No,No,No,No,No,No,Month-to-month,Yes,Electronic check,45.05,6.648466281031574
No,Yes,Yes,7,No,No,No internet service,No internet service,No internet service,No internet service,No internet service,No internet service,One year,No,Mailed check,20.65,4.9056450802386244
No,Yes,No,72,Yes,DSL,Yes,Yes,Yes,Yes,Yes,Yes,Two year,Yes,Bank transfer (automatic),87.1,8.737308161203758
No,Yes,No,29,No,No,No internet service,No internet service,No internet service,No internet service,No internet service,No internet service,Month-to-month,No,Mailed check,19.85,6.352716500539821
No,Yes,No,37,No,Fiber optic,No,No,Yes,Yes,No,Yes,Month-to-month,Yes,Electronic check,90.35,8.137483545507784
No,No,No,34,Yes,Fiber optic,Yes,Yes,Yes,No,Yes,Yes,Month-to-month,Yes,Mailed check,109.8,8.18541989745149
Yes,No,No,42,Yes,Fiber optic,No,No,No,No,Yes,No,Month-to-month,Yes,Electronic check,84.65,8.172545627690223
No,Yes,Yes,59,Yes,DSL,Yes,Yes,No,Yes,No,No,One year,No,Mailed check,65.5,8.243361425774504
No,Yes,Yes,11,No,Fiber optic,No,No,No,No,Yes,No,Month-to-month,Yes,Bank transfer (automatic),79.5,6.767918333794338
Yes,Yes,Yes,60,Yes,Fiber optic,Yes,No,No,No,No,No,Month-to-month,Yes,Electronic check,80.95,8.48881429281454
No,No,No,27,No,DSL,No,Yes,No,Yes,No,No,Month-to-month,Yes,Mailed check,56.15,7.272641418592386
No,No,No,1,Yes,Fiber optic,No,No,No,No,No,Yes,Month-to-month,No,Mailed check,85.8,4.463606621666305
Yes,No,No,1,No,Fiber optic,No,No,No,No,Yes,No,Month-to-month,Yes,Electronic check,79.1,4.383275854074314
No,Yes,No,17,No phone service,DSL,Yes,No,Yes,No,No,No,Month-to-month,No,Mailed check,34.4,6.386458355348851
No,Yes,No,58,No,No,No internet service,No internet service,No internet service,No internet service,No internet service,No internet service,Two year,No,Mailed check,20.75,7.079142270723312
No,Yes,Yes,1,No,No,No internet service,No internet service,No internet service,No internet service,No internet service,No internet service,One year,No,Mailed check,18.8,2.9856819377004897
No,Yes,Yes,3,No,DSL,No,No,No,No,No,No,Month-to-month,No,Mailed check,44.3,4.908971640319756
No,No,No,53,Yes,Fiber optic,Yes,Yes,Yes,No,No,No,Month-to-month,No,Electronic check,90.8,8.501510864014131
No,No,No,35,Yes,No,No internet service,No internet service,No internet service,No internet service,No internet service,No internet service,Month-to-month,Yes,Electronic check,25.6,6.804891643522898
No,Yes,Yes,50,Yes,Fiber optic,Yes,No,Yes,No,Yes,Yes,Month-to-month,No,Credit card (automatic),105.95,8.58350513910295
No,Yes,Yes,68,Yes,DSL,No,Yes,No,Yes,No,Yes,Two year,No,Credit card (automatic),70.8,8.488989171043162
No,Yes,No,47,Yes,No,No internet service,No internet service,No internet service,No internet service,No internet service,No internet service,Month-to-month,No,Electronic check,25.4,7.038958964597482
Yes,Yes,No,65,Yes,Fiber optic,No,Yes,Yes,No,Yes,Yes,Month-to-month,Yes,Bank transfer (automatic),108.8,8.86551635613705
No,No,No,5,No,Fiber optic,No,No,No,No,No,No,Month-to-month,Yes,Electronic check,69.75,5.785669634128385
No,Yes,No,51,Yes,Fiber optic,No,No,No,No,Yes,Yes,Month-to-month,Yes,Electronic check,94.65,8.479231685129118
No,No,No,46,Yes,Fiber optic,No,No,No,No,Yes,Yes,Month-to-month,No,Bank transfer (automatic),96.05,8.389473449813867
No,No,No,9,Yes,Fiber optic,No,No,No,No,No,No,Month-to-month,Yes,Electronic check,76.85,6.499110119867342
No,No,No,8,No,No,No internet service,No internet service,No internet service,No internet service,No internet service,No internet service,Two year,No,Mailed check,20.25,5.168493378711836
No,No,No,14,Yes,No,No internet service,No internet service,No internet service,No internet service,No internet service,No internet service,One year,Yes,Credit card (automatic),24.8,5.776723099057916
No,No,No,45,Yes,Fiber optic,Yes,Yes,Yes,Yes,Yes,Yes,Month-to-month,Yes,Electronic check,115.65,8.542178444110146
No,No,No,8,Yes,Fiber optic,No,No,No,No,No,No,Month-to-month,Yes,Credit card (automatic),74.6,6.309736443513769
Yes,No,Yes,1,No,DSL,No,No,Yes,No,No,No,Month-to-month,Yes,Mailed check,50.15,3.9347624923976356
No,Yes,Yes,66,No,Fiber optic,Yes,Yes,Yes,No,Yes,Yes,One year,Yes,Bank transfer (automatic),103.15,8.858269100571052
No,Yes,Yes,72,Yes,DSL,Yes,Yes,Yes,Yes,No,No,Two year,No,Credit card (automatic),72.1,8.520716975589854
No,Yes,No,41,Yes,Fiber optic,Yes,Yes,Yes,Yes,Yes,Yes,Month-to-month,Yes,Bank transfer (automatic),113.6,8.43293075988423
No,Yes,Yes,23,Yes,No,No internet service,No internet service,No internet service,No internet service,No internet service,No internet service,Two year,No,Mailed check,25.1,6.417467306433695
No,No,No,29,No,Fiber optic,No,No,No,No,Yes,No,Month-to-month,Yes,Electronic check,78.9,7.777017294426516
No,No,No,4,Yes,Fiber optic,Yes,No,No,No,No,No,Month-to-month,Yes,Electronic check,80.15,5.770973724196525
No,Yes,Yes,6,Yes,No,No internet service,No internet service,No internet service,No internet service,No internet service,No internet service,Two year,No,Mailed check,25.4,5.038898759369115
Yes,Yes,No,67,Yes,Fiber optic,Yes,Yes,Yes,Yes,No,Yes,One year,Yes,Credit card (automatic),105.4,8.858880377946525
Yes,No,Yes,7,No,DSL,No,No,No,No,No,No,Month-to-month,Yes,Mailed check,45.75,5.844123959209273
No,Yes,Yes,56,Yes,No,No internet service,No internet service,No internet service,No internet service,No internet service,No internet service,One year,Yes,Mailed check,24.45,7.267281155148856
No,Yes,No,72,Yes,No,No internet service,No internet service,No internet service,No internet service,No internet service,No internet service,Two year,No,Credit card (automatic),25.0,7.5230490203372185
No,Yes,No,72,Yes,DSL,Yes,Yes,Yes,No,Yes,Yes,Two year,Yes,Electronic check,85.25,8.713434089799003
No,Yes,Yes,23,No,No,No internet service,No internet service,No internet service,No internet service,No internet service,No internet service,Two year,No,Credit card (automatic),19.6,6.058305104026791
No,No,Yes,35,Yes,DSL,No,No,No,No,No,No,Month-to-month,No,Mailed check,50.15,7.412371665270384
Yes,Yes,No,27,No,Fiber optic,No,No,No,No,No,No,Month-to-month,Yes,Electronic check,70.55,7.57296584084906
No,Yes,Yes,26,Yes,DSL,No,Yes,No,Yes,No,No,Month-to-month,Yes,Electronic check,60.05,7.388420619653236
No,Yes,Yes,12,Yes,No,No internet service,No internet service,No internet service,No internet service,No internet service,No internet service,One year,No,Mailed check,26.4,5.755583973219464
No,No,No,40,No,No,No internet service,No internet service,No internet service,No internet service,No internet service,No internet service,Two year,No,Mailed check,20.15,6.691897620968727
No,Yes,Yes,7,No phone service,DSL,Yes,Yes,Yes,No,Yes,Yes,Month-to-month,No,Mailed check,58.85,6.14568665295577
No,Yes,Yes,70,Yes,Fiber optic,Yes,Yes,No,No,Yes,No,Month-to-month,Yes,Credit card (automatic),97.55,8.805382635133446
No,Yes,Yes,60,No,No,No internet service,No internet service,No internet service,No internet service,No internet service,No internet service,Two year,No,Credit card (automatic),19.65,7.058543168104206
No,Yes,Yes,39,No phone service,DSL,No,No,No,No,No,No,One year,Yes,Credit card (automatic),25.25,6.85514532870984
No,Yes,No,72,Yes,Fiber optic,Yes,Yes,Yes,Yes,Yes,Yes,Two year,No,Credit card (automatic),114.45,9.03313172196904
No,No,No,1,No phone service,DSL,No,No,No,No,Yes,No,Month-to-month,Yes,Electronic check,34.7,3.5751506887855933
No,Yes,Yes,54,Yes,DSL,No,Yes,No,Yes,Yes,No,One year,Yes,Electronic check,70.7,8.235095497258357
No,No,No,3,Yes,Fiber optic,No,No,No,No,No,Yes,Month-to-month,Yes,Electronic check,85.3,5.582744146279145
No,Yes,Yes,63,No,DSL,Yes,Yes,Yes,Yes,Yes,No,Two year,No,Credit card (automatic),75.55,8.457198995839414
No,Yes,Yes,71,Yes,Fiber optic,No,Yes,No,Yes,No,No,Two year,Yes,Electronic check,84.8,8.72476005356623
No,No,No,42,No,No,No internet service,No internet service,No internet service,No internet service,No internet service,No internet service,One year,Yes,Mailed check,20.65,6.865995344733905
No,No,No,47,No,No,No internet service,No internet service,No internet service,No internet service,No internet service,No internet service,Two year,No,Bank transfer (automatic),20.45,6.8501261661455
No,Yes,Yes,66,Yes,Fiber optic,No,Yes,Yes,No,Yes,Yes,One year,Yes,Credit card (automatic),102.45,8.797268908756067
No,Yes,No,21,Yes,Fiber optic,Yes,No,Yes,No,Yes,Yes,Month-to-month,Yes,Bank transfer (automatic),104.4,7.696780659810416
No,No,No,11,No phone service,DSL,No,Yes,No,Yes,No,No,Month-to-month,Yes,Electronic check,35.65,6.054674060505866
No,No,Yes,1,Yes,Fiber optic,No,No,Yes,No,Yes,Yes,Month-to-month,Yes,Electronic check,99.75,4.612642200826793
Yes,Yes,No,55,Yes,Fiber optic,No,Yes,Yes,Yes,No,No,Month-to-month,No,Electronic check,90.45,8.526311493060765
No,No,No,69,Yes,Fiber optic,No,Yes,Yes,Yes,Yes,No,Two year,Yes,Credit card (automatic),97.65,8.81649005033025
Yes,No,No,3,No,Fiber optic,No,No,Yes,No,No,No,Month-to-month,No,Electronic check,73.85,5.285232126999381
No,No,No,4,No,DSL,No,No,Yes,Yes,Yes,Yes,Month-to-month,Yes,Electronic check,74.4,5.706113089994483
Yes,No,No,30,Yes,DSL,No,No,Yes,Yes,Yes,No,Two year,Yes,Credit card (automatic),69.1,7.647261098520099
No,No,No,5,Yes,Fiber optic,No,No,Yes,Yes,No,No,Month-to-month,Yes,Electronic check,82.75,6.037274083139276
No,Yes,No,71,Yes,No,No internet service,No internet service,No internet service,No internet service,No internet service,No internet service,Two year,Yes,Credit card (automatic),24.4,7.45379359450387
No,No,No,29,Yes,DSL,No,Yes,No,No,No,No,One year,Yes,Electronic check,55.25,7.390921894754154
No,Yes,No,52,Yes,DSL,No,Yes,No,Yes,No,No,Month-to-month,No,Bank transfer (automatic),61.35,8.061660353398956
No,No,No,68,Yes,DSL,Yes,Yes,Yes,No,No,Yes,One year,No,Credit card (automatic),76.75,8.56297884656537
No,Yes,Yes,46,No,No,No internet service,No internet service,No internet service,No internet service,No internet service,No internet service,Two year,No,Mailed check,19.4,6.876109801146591
No,No,No,8,No,DSL,No,No,No,No,No,Yes,Month-to-month,Yes,Credit card (automatic),54.75,6.084613301806004
No,Yes,No,72,No,No,No internet service,No internet service,No internet service,No internet service,No internet service,No internet service,Two year,No,Credit card (automatic),19.7,7.260452321551646
No,No,No,17,No,No,No internet service,No internet service,No internet service,No internet service,No internet service,No internet service,One year,No,Bank transfer (automatic),19.9,5.781206371621004
No,No,No,3,No,Fiber optic,No,Yes,Yes,Yes,Yes,Yes,Month-to-month,Yes,Electronic check,107.95,5.7670702138921195
Yes,No,No,2,No,Fiber optic,No,Yes,No,No,Yes,No,Month-to-month,Yes,Bank transfer (automatic),83.8,5.104125637183595
No,No,No,9,No,Fiber optic,Yes,No,No,No,No,No,Month-to-month,Yes,Credit card (automatic),74.25,6.462483285955585
No,No,No,51,No phone service,DSL,No,Yes,Yes,No,Yes,Yes,One year,Yes,Credit card (automatic),56.4,7.9825870389848435
No,Yes,Yes,6,No,No,No internet service,No internet service,No internet service,No internet service,No internet service,No internet service,Two year,No,Mailed check,20.1,4.618579872898009
No,Yes,No,3,Yes,Fiber optic,No,No,No,No,Yes,Yes,Month-to-month,No,Electronic check,94.9,5.613857767128214
Yes,No,No,17,Yes,Fiber optic,No,No,No,No,Yes,Yes,Month-to-month,Yes,Electronic check,94.2,7.383461368253113
No,Yes,No,30,Yes,DSL,No,No,No,No,No,No,Month-to-month,No,Electronic check,49.9,7.274444908138895
No,No,No,31,Yes,DSL,No,Yes,No,Yes,Yes,No,Month-to-month,Yes,Electronic check,71.05,7.682090664728911
No,No,No,45,No,DSL,Yes,No,Yes,Yes,Yes,Yes,Two year,No,Bank transfer (automatic),81.65,8.19414642845749
No,Yes,No,64,Yes,Fiber optic,Yes,Yes,Yes,No,No,No,One year,No,Bank transfer (automatic),89.45,8.647106797736582
No,No,No,1,Yes,DSL,No,No,No,No,Yes,No,Month-to-month,Yes,Electronic check,59.85,4.108411819433536
Yes,No,No,1,No,Fiber optic,No,No,No,No,No,No,Month-to-month,Yes,Electronic check,69.6,4.257030144499196
Yes,Yes,Yes,61,Yes,Fiber optic,No,Yes,No,No,Yes,Yes,One year,No,Electronic check,99.0,8.694552456380377
No,No,No,1,No,No,No internet service,No internet service,No internet service,No internet service,No internet service,No internet service,Month-to-month,No,Mailed check,19.05,2.998229153752578
No,No,No,9,No phone service,DSL,No,No,No,No,Yes,Yes,Month-to-month,Yes,Electronic check,45.4,6.039778407386533
No,Yes,Yes,72,Yes,Fiber optic,Yes,Yes,Yes,Yes,Yes,Yes,Two year,No,Bank transfer (automatic),114.45,8.99981068037861
No,No,No,1,No,No,No internet service,No internet service,No internet service,No internet service,No internet service,No internet service,Month-to-month,No,Mailed check,19.5,3.0204248861443626
No,Yes,No,7,No,DSL,No,No,No,No,No,No,Month-to-month,Yes,Mailed check,44.25,5.750825080989513
No,Yes,No,66,Yes,Fiber optic,No,Yes,Yes,Yes,No,No,One year,Yes,Bank transfer (automatic),90.55,8.721268086011952
No,Yes,Yes,40,No,No,No internet service,No internet service,No internet service,No internet service,No internet service,No internet service,Month-to-month,Yes,Bank transfer (automatic),20.4,6.615127664137342
No,No,No,16,Yes,DSL,No,Yes,Yes,No,No,Yes,Month-to-month,Yes,Bank transfer (automatic),71.4,7.100934345776873
No,No,No,2,No,Fiber optic,No,Yes,No,No,Yes,No,Month-to-month,Yes,Bank transfer (automatic),87.15,5.2190035598283115
No,Yes,No,67,Yes,No,No internet service,No internet service,No internet service,No internet service,No internet service,No internet service,Two year,No,Credit card (automatic),24.85,7.368024179130975
No,Yes,No,41,No,Fiber optic,Yes,Yes,Yes,No,Yes,Yes,One year,Yes,Bank transfer (automatic),104.45,8.33400325769215
No,Yes,Yes,56,No,No,No internet service,No internet service,No internet service,No internet service,No internet service,No internet service,Two year,Yes,Credit card (automatic),19.8,7.02188721302705
No,No,No,72,Yes,Fiber optic,Yes,Yes,Yes,Yes,Yes,Yes,Two year,Yes,Bank transfer (automatic),116.45,8.989013918738845
No,Yes,Yes,3,Yes,Fiber optic,No,No,No,No,No,Yes,Month-to-month,Yes,Bank transfer (automatic),84.75,5.582932239950347
No,Yes,No,54,No,No,No internet service,No internet service,No internet service,No internet service,No internet service,No internet service,Two year,No,Credit card (automatic),20.05,7.00615160083833
Yes,No,No,52,Yes,Fiber optic,No,Yes,Yes,Yes,Yes,Yes,Month-to-month,Yes,Electronic check,110.75,8.671286726753637
No,No,No,50,No,Fiber optic,No,No,Yes,Yes,No,Yes,Two year,Yes,Bank transfer (automatic),89.7,8.36764855413622
No,No,No,14,Yes,Fiber optic,No,No,No,Yes,Yes,No,Month-to-month,Yes,Electronic check,89.95,7.072761113566404
No,Yes,No,27,No,DSL,Yes,No,No,No,No,No,One year,No,Credit card (automatic),48.7,7.260346897483234
Yes,Yes,No,72,Yes,Fiber optic,Yes,Yes,Yes,Yes,No,No,Two year,Yes,Bank transfer (automatic),96.6,8.828860309118479
No,No,No,62,No,DSL,Yes,Yes,No,No,Yes,Yes,One year,Yes,Credit card (automatic),74.3,8.455115639608026
No,No,No,12,No,DSL,No,Yes,No,Yes,No,No,Month-to-month,Yes,Electronic check,54.3,6.4853983032037545
Yes,No,No,44,No,DSL,No,No,Yes,Yes,Yes,Yes,One year,No,Bank transfer (automatic),74.85,8.09225470180455
No,Yes,Yes,54,No,Fiber optic,No,Yes,No,Yes,No,No,Two year,Yes,Bank transfer (automatic),79.95,8.38092663306253
No,No,No,68,No,No,No internet service,No internet service,No internet service,No internet service,No internet service,No internet service,Two year,No,Bank transfer (automatic),20.05,7.235547092361794
No,No,No,20,No,No,No internet service,No internet service,No internet service,No internet service,No internet service,No internet service,Month-to-month,No,Mailed check,19.4,6.031646336740814
No,Yes,Yes,50,Yes,DSL,No,No,Yes,No,No,No,One year,No,Bank transfer (automatic),54.9,7.86905761668564
No,No,No,58,Yes,No,No internet service,No internet service,No internet service,No internet service,No internet service,No internet service,Two year,Yes,Credit card (automatic),24.45,7.322906656679722
No,Yes,Yes,35,Yes,Fiber optic,No,Yes,No,No,Yes,No,Month-to-month,Yes,Bank transfer (automatic),89.65,8.059149753089216
No,No,No,2,No,DSL,No,No,No,No,No,No,Month-to-month,Yes,Electronic check,45.4,4.406109305189839
No,Yes,Yes,63,Yes,DSL,Yes,No,Yes,Yes,No,Yes,Two year,No,Mailed check,75.7,8.450561815117638
No,Yes,No,58,Yes,Fiber optic,Yes,Yes,Yes,No,Yes,Yes,One year,Yes,Credit card (automatic),110.65,8.78380228001052
No,Yes,Yes,27,No,No,No internet service,No internet service,No internet service,No internet service,No internet service,No internet service,One year,Yes,Mailed check,20.55,6.370414549560391
No,Yes,No,71,Yes,Fiber optic,Yes,Yes,Yes,Yes,Yes,Yes,Two year,Yes,Credit card (automatic),115.15,8.99703575917263
No,No,No,63,No,DSL,No,No,Yes,No,No,Yes,One year,No,Credit card (automatic),58.55,8.16180313594038
No,Yes,No,71,Yes,Fiber optic,No,Yes,Yes,No,No,Yes,Month-to-month,Yes,Bank transfer (automatic),93.25,8.80544260290079
Yes,No,No,41,Yes,Fiber optic,Yes,Yes,Yes,No,Yes,Yes,Month-to-month,Yes,Electronic check,113.2,8.453294465566005
Yes,No,No,13,No,Fiber optic,No,No,No,No,Yes,Yes,Month-to-month,Yes,Electronic check,90.5,7.091866899322588
No,No,No,2,No,Fiber optic,No,No,No,No,Yes,No,Month-to-month,No,Electronic check,79.0,4.974317031422144
No,Yes,Yes,68,No,No,No internet service,No internet service,No internet service,No internet service,No internet service,No internet service,Two year,Yes,Bank transfer (automatic),19.35,7.1652229593403005
No,Yes,Yes,1,No,DSL,Yes,No,No,No,No,No,Month-to-month,Yes,Mailed check,48.75,3.907010463604602
Yes,No,No,65,Yes,Fiber optic,Yes,No,Yes,Yes,Yes,Yes,Two year,Yes,Electronic check,109.05,8.869144998885837
Yes,Yes,No,72,Yes,No,No internet service,No internet service,No internet service,No internet service,No internet service,No internet service,Two year,Yes,Bank transfer (automatic),25.0,7.497512223829546
No,No,No,28,Yes,DSL,No,No,No,Yes,No,No,Month-to-month,Yes,Credit card (automatic),54.9,7.317312004993555
No,Yes,Yes,72,Yes,No,No internet service,No internet service,No internet service,No internet service,No internet service,No internet service,Two year,No,Credit card (automatic),24.75,7.528385528702905
No,No,No,2,No,Fiber optic,Yes,Yes,No,No,Yes,No,Month-to-month,Yes,Electronic check,91.15,5.1328529268205045
No,No,Yes,18,No,No,No internet service,No internet service,No internet service,No internet service,No internet service,No internet service,One year,No,Bank transfer (automatic),20.15,5.9708791134988735
Yes,Yes,No,60,Yes,Fiber optic,No,Yes,Yes,No,Yes,Yes,One year,Yes,Electronic check,104.35,8.75470502283044
Yes,No,No,26,Yes,DSL,No,No,No,Yes,No,Yes,Month-to-month,Yes,Electronic check,66.05,7.410589052818575
No,No,Yes,1,No,Fiber optic,No,No,No,No,No,No,Month-to-month,Yes,Electronic check,71.65,4.285653390016292
No,No,No,4,No,No,No internet service,No internet service,No internet service,No internet service,No internet service,No internet service,Month-to-month,No,Mailed check,20.35,4.363098624788363
No,Yes,Yes,68,Yes,DSL,Yes,Yes,Yes,Yes,Yes,Yes,Two year,Yes,Credit card (automatic),92.2,8.763091869851333
No,No,No,38,No,Fiber optic,No,Yes,Yes,Yes,No,No,Month-to-month,Yes,Credit card (automatic),84.25,8.091168169342712
Yes,Yes,No,42,Yes,Fiber optic,Yes,No,Yes,No,Yes,Yes,One year,Yes,Bank transfer (automatic),105.2,8.433844190641187
No,Yes,No,57,No,No,No internet service,No internet service,No internet service,No internet service,No internet service,No internet service,Two year,Yes,Bank transfer (automatic),19.6,7.0346081699780605
No,Yes,No,54,No phone service,DSL,No,Yes,No,No,No,No,Month-to-month,No,Electronic check,30.4,7.391630994381529
No,No,No,12,No,Fiber optic,No,No,No,No,No,Yes,Month-to-month,No,Bank transfer (automatic),78.1,6.854670907889681
No,Yes,No,44,No,DSL,Yes,Yes,Yes,No,No,No,One year,Yes,Mailed check,61.5,7.909562938379055
No,Yes,Yes,42,Yes,DSL,Yes,Yes,No,No,Yes,No,Month-to-month,Yes,Bank transfer (automatic),69.4,8.02594141060735
No,Yes,Yes,72,Yes,No,No internet service,No internet service,No internet service,No internet service,No internet service,No internet service,Two year,No,Bank transfer (automatic),24.75,7.479073751176949
No,Yes,Yes,71,Yes,DSL,Yes,Yes,Yes,Yes,Yes,Yes,Two year,No,Mailed check,91.05,8.747471231631046
No,Yes,No,19,Yes,Fiber optic,No,No,Yes,No,No,Yes,Month-to-month,No,Mailed check,89.65,7.474233182938004
No,Yes,No,23,Yes,DSL,No,No,No,Yes,Yes,Yes,Month-to-month,Yes,Credit card (automatic),73.65,7.404735495926075
No,No,No,30,No,No,No internet service,No internet service,No internet service,No internet service,No internet service,No internet service,Two year,No,Credit card (automatic),19.4,6.362165662779806
No,No,No,35,Yes,No,No internet service,No internet service,No internet service,No internet service,No internet service,No internet service,One year,No,Bank transfer (automatic),26.2,6.862653305069717
No,No,No,10,Yes,Fiber optic,Yes,No,No,No,Yes,Yes,Month-to-month,Yes,Electronic check,98.7,6.881667944218819
No,No,No,1,No,DSL,No,No,No,No,No,No,Month-to-month,Yes,Bank transfer (automatic),43.85,3.803323588504805
No,No,No,22,No,Fiber optic,No,No,No,No,No,No,Month-to-month,Yes,Mailed check,69.7,7.307470555109695
No,Yes,Yes,7,No phone service,DSL,Yes,Yes,Yes,No,No,No,Two year,No,Mailed check,38.55,5.638354669333745
No,No,No,36,No phone service,DSL,Yes,Yes,Yes,Yes,No,Yes,Two year,Yes,Mailed check,53.1,7.550792675056632
No,Yes,Yes,34,No,No,No internet service,No internet service,No internet service,No internet service,No internet service,No internet service,Month-to-month,No,Mailed check,20.65,6.575633565098182
No,Yes,Yes,72,Yes,DSL,Yes,Yes,Yes,No,No,No,Two year,No,Credit card (automatic),64.45,8.459775920546287
No,Yes,Yes,36,Yes,No,No internet service,No internet service,No internet service,No internet service,No internet service,No internet service,Two year,No,Credit card (automatic),25.1,6.837279165177812
No,No,No,1,No,Fiber optic,No,No,Yes,No,No,No,Month-to-month,No,Electronic check,76.35,4.348340577019075
No,No,No,23,Yes,Fiber optic,No,Yes,No,No,No,No,Month-to-month,Yes,Electronic check,79.15,7.42532808920537
Yes,Yes,No,32,Yes,Fiber optic,No,No,No,No,No,Yes,Month-to-month,Yes,Electronic check,85.0,7.879688832321678
No,Yes,Yes,71,Yes,Fiber optic,Yes,Yes,Yes,Yes,No,No,One year,Yes,Credit card (automatic),95.15,8.820529592978177
Yes,No,No,23,Yes,Fiber optic,No,No,Yes,No,No,No,Month-to-month,Yes,Mailed check,79.35,7.515507956525134
No,Yes,No,17,No,Fiber optic,No,No,Yes,No,Yes,Yes,One year,Yes,Bank transfer (automatic),96.65,7.371017485816518
No,No,No,1,No,DSL,No,No,Yes,Yes,Yes,Yes,Month-to-month,Yes,Electronic check,75.5,4.33729074083249
No,Yes,Yes,12,No,No,No internet service,No internet service,No internet service,No internet service,No internet service,No internet service,Two year,No,Mailed check,19.7,5.55817850079741
No,Yes,No,72,No,No,No internet service,No internet service,No internet service,No internet service,No internet service,No internet service,Two year,No,Credit card (automatic),20.5,7.3153847099196785
No,No,No,1,No,No,No internet service,No internet service,No internet service,No internet service,No internet service,No internet service,Month-to-month,No,Mailed check,19.2,3.005682604407159
Yes,Yes,No,72,Yes,Fiber optic,No,Yes,No,No,Yes,Yes,Two year,No,Bank transfer (automatic),98.35,8.84367281057593
No,Yes,Yes,60,Yes,Fiber optic,No,No,No,No,No,No,Month-to-month,No,Bank transfer (automatic),74.35,8.401625200735404
No,Yes,Yes,61,No phone service,DSL,No,Yes,Yes,Yes,Yes,No,Two year,No,Credit card (automatic),51.35,8.084993888105437
No,Yes,No,6,No,DSL,No,No,No,No,No,No,Month-to-month,No,Mailed check,45.65,5.782131441067177
Yes,Yes,No,32,Yes,Fiber optic,No,No,No,No,No,Yes,Month-to-month,No,Electronic check,85.3,7.886870563989527
No,No,Yes,31,Yes,Fiber optic,No,No,No,No,Yes,No,Month-to-month,Yes,Credit card (automatic),86.55,7.90041428374744
No,No,No,19,No,Fiber optic,No,Yes,No,No,No,No,Month-to-month,Yes,Credit card (automatic),73.85,7.2622779083527265
No,Yes,Yes,72,No,No,No internet service,No internet service,No internet service,No internet service,No internet service,No internet service,Two year,No,Bank transfer (automatic),20.3,7.2457620518857775
No,No,No,32,Yes,DSL,No,Yes,No,No,No,No,Month-to-month,Yes,Electronic check,54.2,7.461985160355414
No,Yes,No,65,Yes,Fiber optic,No,Yes,No,No,No,Yes,Month-to-month,Yes,Electronic check,90.65,8.688116703257823
No,Yes,Yes,45,No phone service,DSL,Yes,No,No,No,Yes,Yes,Month-to-month,Yes,Bank transfer (automatic),50.9,7.755702928210837
No,No,No,42,Yes,No,No internet service,No internet service,No internet service,No internet service,No internet service,No internet service,One year,No,Electronic check,25.05,6.857356321398285
No,No,No,8,Yes,Fiber optic,No,No,No,No,No,No,Month-to-month,Yes,Electronic check,74.85,6.351670748810531
No,No,Yes,32,No,No,No internet service,No internet service,No internet service,No internet service,No internet service,No internet service,Two year,No,Mailed check,20.5,6.547932528752674
Yes,Yes,No,22,Yes,DSL,Yes,Yes,No,Yes,No,No,Month-to-month,Yes,Mailed check,63.55,7.2318657080474695
Yes,Yes,No,57,No phone service,DSL,No,No,No,No,Yes,Yes,Month-to-month,Yes,Electronic check,44.85,7.853196962947979
No,No,No,1,No,DSL,Yes,No,No,No,No,No,Month-to-month,No,Electronic check,47.95,3.8907993689765195
Yes,No,No,1,No,DSL,No,No,No,No,No,No,Month-to-month,No,Electronic check,45.1,3.8308129500026027
No,Yes,No,1,No,DSL,No,No,No,No,No,No,Month-to-month,Yes,Electronic check,45.0,3.828641396489095
No,No,No,24,No,Fiber optic,No,No,No,Yes,Yes,Yes,Month-to-month,Yes,Electronic check,96.0,7.66079740344362
No,No,No,1,No,No,No internet service,No internet service,No internet service,No internet service,No internet service,No internet service,Month-to-month,No,Bank transfer (automatic),20.05,3.0469005601283903
Yes,No,No,54,Yes,Fiber optic,No,Yes,No,No,No,Yes,Month-to-month,Yes,Electronic check,90.05,8.503662057131885
No,No,No,4,Yes,No,No internet service,No internet service,No internet service,No internet service,No internet service,No internet service,Two year,Yes,Credit card (automatic),25.3,4.770260805853684
No,Yes,Yes,65,Yes,Fiber optic,Yes,No,Yes,Yes,Yes,Yes,Two year,No,Bank transfer (automatic),108.65,8.84490574522436
No,Yes,No,56,Yes,No,No internet service,No internet service,No internet service,No internet service,No internet service,No internet service,One year,No,Electronic check,24.3,7.141007564444634
No,No,No,45,No,DSL,Yes,No,Yes,No,Yes,Yes,Month-to-month,Yes,Electronic check,75.95,8.094012077502294
No,Yes,Yes,71,No,No,No internet service,No internet service,No internet service,No internet service,No internet service,No internet service,Two year,No,Credit card (automatic),19.7,7.256191376642079
No,Yes,No,59,No,DSL,Yes,Yes,Yes,No,Yes,No,One year,No,Credit card (automatic),66.4,8.283797263637677
No,No,No,69,No phone service,DSL,No,Yes,Yes,No,No,No,One year,Yes,Bank transfer (automatic),35.75,7.821342359281977
No,No,No,19,No,No,No internet service,No internet service,No internet service,No internet service,No internet service,No internet service,One year,No,Mailed check,18.8,5.635503633902907
No,Yes,Yes,55,No,No,No internet service,No internet service,No internet service,No internet service,No internet service,No internet service,Two year,No,Credit card (automatic),19.4,6.988413181999592
No,No,No,38,No,No,No internet service,No internet service,No internet service,No internet service,No internet service,No internet service,One year,No,Mailed check,19.3,6.62870253322841
No,No,No,10,No,DSL,No,No,No,No,No,No,Month-to-month,Yes,Electronic check,45.55,6.000424288479454
Yes,Yes,No,47,Yes,DSL,Yes,Yes,Yes,No,No,No,Month-to-month,Yes,Credit card (automatic),67.45,8.087332926473351
No,Yes,No,2,No phone service,DSL,No,No,No,No,No,Yes,Month-to-month,Yes,Electronic check,35.1,4.244917420701475
No,No,No,1,No,DSL,No,No,No,No,No,No,Month-to-month,No,Credit card (automatic),46.2,3.8543938925915096
No,No,No,1,No,DSL,No,No,No,No,No,No,Month-to-month,No,Electronic check,45.15,3.8318969609488613
Yes,No,No,1,No phone service,DSL,No,Yes,Yes,No,No,Yes,Month-to-month,Yes,Electronic check,43.3,3.7909846770510898
No,Yes,Yes,46,No,No,No internet service,No internet service,No internet service,No internet service,No internet service,No internet service,Two year,Yes,Mailed check,20.1,6.84359002150635
Yes,No,No,38,No,DSL,Yes,Yes,No,No,No,No,Month-to-month,Yes,Credit card (automatic),57.15,7.719418559774295
No,Yes,No,65,No,DSL,Yes,No,Yes,Yes,No,No,Two year,No,Credit card (automatic),58.9,8.257930113295641
No,Yes,No,19,No,Fiber optic,Yes,No,No,No,No,No,Month-to-month,Yes,Electronic check,73.2,7.273855663568025
No,No,No,52,No,Fiber optic,No,Yes,No,No,No,Yes,Month-to-month,Yes,Electronic check,85.35,8.375537456948296
No,Yes,Yes,71,No,No,No internet service,No internet service,No internet service,No internet service,No internet service,No internet service,Two year,No,Mailed check,19.45,7.229440147984164
No,No,No,1,No,DSL,No,No,No,No,No,No,Month-to-month,No,Mailed check,45.95,3.849083205654272
Yes,No,No,52,No phone service,DSL,No,Yes,Yes,Yes,Yes,No,Month-to-month,Yes,Electronic check,50.5,7.850610041981843
No,Yes,No,6,Yes,No,No internet service,No internet service,No internet service,No internet service,No internet service,No internet service,One year,No,Mailed check,25.1,5.147494476813453
Yes,Yes,No,26,No,DSL,No,No,Yes,No,No,Yes,One year,No,Mailed check,60.7,7.376758407894289
Yes,No,No,48,Yes,Fiber optic,No,Yes,No,No,Yes,Yes,One year,Yes,Electronic check,99.0,8.46492047017834
No,Yes,Yes,64,Yes,Fiber optic,Yes,No,No,Yes,Yes,Yes,One year,Yes,Bank transfer (automatic),104.4,8.813230263450754
No,No,No,3,No,Fiber optic,No,Yes,No,No,Yes,No,Month-to-month,No,Electronic check,83.75,5.514436302925282
No,No,No,1,No,DSL,No,No,No,No,No,No,Month-to-month,Yes,Bank transfer (automatic),44.05,3.807772984054347
No,Yes,Yes,72,Yes,No,No internet service,No internet service,No internet service,No internet service,No internet service,No internet service,Two year,No,Credit card (automatic),24.1,7.459137261990456
No,No,No,1,No,DSL,No,No,No,No,No,No,Month-to-month,Yes,Mailed check,45.55,3.840527003723076
No,Yes,Yes,51,Yes,Fiber optic,Yes,Yes,No,No,No,Yes,Month-to-month,Yes,Electronic check,93.8,8.420759380574932
No,Yes,Yes,41,No,No,No internet service,No internet service,No internet service,No internet service,No internet service,No internet service,Two year,No,Bank transfer (automatic),19.7,6.691152788211308
No,Yes,Yes,72,No,DSL,Yes,Yes,Yes,No,Yes,No,Two year,Yes,Credit card (automatic),70.65,8.519620243740507
No,Yes,No,43,Yes,DSL,Yes,Yes,No,Yes,Yes,Yes,Two year,No,Credit card (automatic),86.45,8.181860305488451
No,Yes,No,72,Yes,Fiber optic,Yes,Yes,Yes,Yes,Yes,Yes,Two year,Yes,Credit card (automatic),114.1,8.998062573972279
No,Yes,No,47,Yes,Fiber optic,No,No,No,No,Yes,Yes,One year,Yes,Credit card (automatic),95.2,8.425954710981966
No,No,No,72,Yes,DSL,Yes,Yes,Yes,Yes,Yes,Yes,Two year,No,Credit card (automatic),88.55,8.758310247220596
No,No,No,3,No,No,No internet service,No internet service,No internet service,No internet service,No internet service,No internet service,Month-to-month,Yes,Credit card (automatic),20.75,4.220977213155467
No,No,No,1,No,Fiber optic,No,No,No,No,No,No,Month-to-month,Yes,Electronic check,70.05,4.263383854543109
No,No,No,2,Yes,Fiber optic,No,No,No,No,No,Yes,Month-to-month,Yes,Electronic check,86.0,5.114694964021034
No,No,No,26,No phone service,DSL,Yes,Yes,No,No,No,Yes,Month-to-month,Yes,Bank transfer (automatic),44.65,7.0540609815717215
No,Yes,Yes,29,No,DSL,Yes,No,No,No,No,Yes,Month-to-month,Yes,Mailed check,60.2,7.514881501017032
Yes,Yes,No,35,Yes,Fiber optic,Yes,Yes,No,Yes,Yes,No,Month-to-month,Yes,Bank transfer (automatic),100.5,8.203673517791433
No,No,No,27,No,DSL,Yes,Yes,No,No,No,No,One year,No,Bank transfer (automatic),55.45,7.298884788322935
No,Yes,Yes,24,No,DSL,Yes,Yes,No,Yes,No,Yes,Month-to-month,Yes,Credit card (automatic),70.3,7.4427563084393356
No,Yes,Yes,67,No,DSL,Yes,No,Yes,Yes,No,No,Two year,Yes,Bank transfer (automatic),60.4,8.282660023974554
No,No,No,16,Yes,Fiber optic,No,No,No,No,No,No,Month-to-month,No,Electronic check,72.65,7.086152478883935
No,No,No,23,No,DSL,No,Yes,Yes,No,No,No,One year,No,Bank transfer (automatic),55.8,7.192069185526151
No,No,No,14,No phone service,DSL,No,Yes,No,No,No,No,Month-to-month,Yes,Mailed check,31.1,6.041919990596475
No,Yes,Yes,1,No,No,No internet service,No internet service,No internet service,No internet service,No internet service,No internet service,Month-to-month,Yes,Electronic check,21.0,3.091042453358316
Yes,No,No,1,No,DSL,No,No,No,No,No,No,Month-to-month,No,Mailed check,45.1,3.8308129500026027
Yes,No,No,4,No phone service,DSL,No,Yes,No,No,Yes,Yes,Month-to-month,Yes,Credit card (automatic),50.95,5.339219357868463
No,No,Yes,16,Yes,DSL,Yes,Yes,No,No,No,Yes,Month-to-month,Yes,Electronic check,69.1,6.989058730046172
No,Yes,No,46,No phone service,DSL,No,No,No,No,Yes,Yes,Month-to-month,Yes,Electronic check,43.95,7.605317698015492
No,No,Yes,68,Yes,DSL,Yes,Yes,No,Yes,Yes,Yes,Two year,Yes,Bank transfer (automatic),86.5,8.679949592715351
No,No,No,38,Yes,DSL,Yes,Yes,Yes,Yes,No,No,Month-to-month,No,Electronic check,69.95,7.885536140365803
Yes,Yes,No,30,No,DSL,No,Yes,No,No,No,No,Month-to-month,Yes,Bank transfer (automatic),50.4,7.33204214133089
Yes,No,No,5,No,Fiber optic,No,No,No,No,No,Yes,Month-to-month,No,Electronic check,78.95,5.938591057500914
No,No,No,17,No,Fiber optic,No,Yes,Yes,No,No,Yes,Month-to-month,Yes,Credit card (automatic),90.95,7.385975062999213
No,Yes,Yes,4,No,No,No internet service,No internet service,No internet service,No internet service,No internet service,No internet service,Two year,No,Mailed check,19.9,4.3522115495946965
No,No,No,12,No,No,No internet service,No internet service,No internet service,No internet service,No internet service,No internet service,One year,No,Electronic check,20.15,5.5671988095361
No,Yes,Yes,72,Yes,DSL,Yes,Yes,Yes,Yes,Yes,Yes,Two year,Yes,Credit card (automatic),90.6,8.770726267787392
No,No,No,3,No,Fiber optic,No,No,No,No,Yes,Yes,Month-to-month,Yes,Electronic check,92.0,5.5902404332570725
No,No,No,56,Yes,Fiber optic,No,Yes,No,Yes,No,Yes,Month-to-month,Yes,Electronic check,94.45,8.542002870324811
No,No,No,41,Yes,No,No internet service,No internet service,No internet service,No internet service,No internet service,No internet service,One year,Yes,Mailed check,24.85,6.870312983506267
No,No,No,40,No phone service,DSL,No,Yes,No,Yes,No,No,One year,No,Credit card (automatic),36.0,7.232660879231885
No,No,No,7,No,DSL,Yes,Yes,No,Yes,Yes,Yes,Month-to-month,Yes,Electronic check,78.5,6.349226400146953
No,No,No,69,No,No,No internet service,No internet service,No internet service,No internet service,No internet service,No internet service,Two year,No,Credit card (automatic),19.95,7.2444774843585575
No,Yes,Yes,7,No,No,No internet service,No internet service,No internet service,No internet service,No internet service,No internet service,One year,No,Mailed check,20.65,5.017279836814924
No,Yes,Yes,5,No phone service,DSL,No,Yes,No,No,No,No,Month-to-month,Yes,Electronic check,30.5,5.125153747538848
No,Yes,Yes,72,Yes,Fiber optic,Yes,Yes,Yes,Yes,Yes,No,Two year,No,Credit card (automatic),106.1,8.943558363632143
No,Yes,Yes,44,No,No,No internet service,No internet service,No internet service,No internet service,No internet service,No internet service,One year,Yes,Bank transfer (automatic),20.5,6.763942643616289
No,No,No,65,Yes,Fiber optic,No,Yes,Yes,No,Yes,No,One year,Yes,Electronic check,95.5,8.724995667891045
No,No,No,3,Yes,DSL,No,No,No,Yes,Yes,No,Month-to-month,No,Electronic check,64.6,5.165928178502291
No,No,No,24,No,DSL,No,No,No,Yes,No,No,Month-to-month,Yes,Credit card (automatic),51.1,7.147244508832433
No,No,No,44,Yes,Fiber optic,No,Yes,Yes,No,No,No,Month-to-month,Yes,Bank transfer (automatic),84.8,8.25934172892313
Yes,Yes,No,72,Yes,DSL,Yes,Yes,Yes,Yes,Yes,Yes,Two year,No,Credit card (automatic),89.1,8.756745381664464
No,No,No,24,No,DSL,Yes,No,No,Yes,No,No,Month-to-month,No,Electronic check,54.95,7.207489432458059
No,No,No,1,No,DSL,No,No,Yes,No,No,No,Month-to-month,No,Mailed check,50.9,3.949318790171843
No,Yes,No,22,No,No,No internet service,No internet service,No internet service,No internet service,No internet service,No internet service,Month-to-month,Yes,Bank transfer (automatic),20.45,6.158143561441065
No,Yes,Yes,70,Yes,DSL,No,Yes,Yes,Yes,Yes,Yes,Two year,Yes,Credit card (automatic),85.95,8.688243128172127
No,Yes,Yes,25,Yes,DSL,No,No,No,No,Yes,No,Month-to-month,No,Electronic check,60.35,7.2482551082379425
No,Yes,Yes,37,No,No,No internet service,No internet service,No internet service,No internet service,No internet service,No internet service,Two year,No,Bank transfer (automatic),19.8,6.5890640196560115
Yes,Yes,Yes,22,Yes,Fiber optic,No,No,No,No,Yes,No,Month-to-month,No,Bank transfer (automatic),85.35,7.582025403772393
No,Yes,Yes,59,Yes,DSL,No,No,Yes,Yes,Yes,No,Two year,Yes,Bank transfer (automatic),72.1,8.341851220545456
No,Yes,Yes,49,Yes,Fiber optic,No,No,Yes,No,Yes,Yes,Month-to-month,Yes,Electronic check,99.8,8.49155738415759
No,Yes,Yes,47,Yes,Fiber optic,No,No,Yes,Yes,Yes,Yes,Month-to-month,Yes,Bank transfer (automatic),107.35,8.540899952360869
No,Yes,Yes,31,No,No,No internet service,No internet service,No internet service,No internet service,No internet service,No internet service,Month-to-month,Yes,Mailed check,19.55,6.492164074574964
No,Yes,Yes,1,No,Fiber optic,No,No,No,No,No,Yes,Month-to-month,Yes,Electronic check,81.05,4.4073288175361
No,No,No,3,No,No,No internet service,No internet service,No internet service,No internet service,No internet service,No internet service,Month-to-month,Yes,Electronic check,20.5,4.356067595503785
No,Yes,No,53,Yes,Fiber optic,No,Yes,Yes,Yes,Yes,Yes,One year,Yes,Bank transfer (automatic),111.8,8.667464929294537
No,No,No,20,No,No,No internet service,No internet service,No internet service,No internet service,No internet service,No internet service,One year,Yes,Mailed check,19.7,6.032846384886751
No,No,No,3,No,Fiber optic,Yes,Yes,No,No,No,No,Month-to-month,Yes,Electronic check,79.1,5.511410582008745
No,No,No,51,No,No,No internet service,No internet service,No internet service,No internet service,No internet service,No internet service,One year,Yes,Bank transfer (automatic),19.85,6.905703174856006
No,Yes,No,51,No,DSL,Yes,Yes,No,Yes,No,No,One year,Yes,Bank transfer (automatic),60.5,8.053934762074721
No,Yes,Yes,13,No,No,No internet service,No internet service,No internet service,No internet service,No internet service,No internet service,Two year,No,Mailed check,19.55,5.584623492819887
No,No,No,1,No,No,No internet service,No internet service,No internet service,No internet service,No internet service,No internet service,Month-to-month,No,Mailed check,20.9,3.086486636822455
No,No,Yes,1,No,No,No internet service,No internet service,No internet service,No internet service,No internet service,No internet service,Month-to-month,Yes,Mailed check,21.05,3.093312601892855
No,No,No,63,Yes,DSL,Yes,Yes,Yes,Yes,No,No,One year,No,Electronic check,71.5,8.428864583622543
No,No,No,3,No,DSL,No,No,No,No,No,Yes,Month-to-month,No,Mailed check,54.65,5.247550249494384
No,No,No,46,No,No,No internet service,No internet service,No internet service,No internet service,No internet service,No internet service,Two year,No,Credit card (automatic),19.2,6.812510097065403
No,No,No,1,Yes,DSL,No,No,No,No,No,No,Month-to-month,Yes,Credit card (automatic),49.8,3.927896354584436
No,No,Yes,8,No phone service,DSL,No,No,No,No,No,No,Month-to-month,No,Mailed check,25.5,5.376203905205108
No,Yes,Yes,71,No,No,No internet service,No internet service,No internet service,No internet service,No internet service,No internet service,Two year,No,Bank transfer (automatic),20.5,7.314519542821921
No,Yes,Yes,55,Yes,Fiber optic,No,No,Yes,No,Yes,No,Month-to-month,Yes,Credit card (automatic),90.4,8.537025230044605
No,No,No,70,Yes,Fiber optic,No,Yes,Yes,Yes,No,No,One year,Yes,Bank transfer (automatic),90.25,8.762012125129507
No,No,No,2,No,Fiber optic,No,No,No,No,No,Yes,Month-to-month,No,Electronic check,80.75,5.077982367555866
No,Yes,Yes,67,Yes,Fiber optic,Yes,No,No,Yes,Yes,Yes,Two year,No,Bank transfer (automatic),104.6,8.837354554609945
No,Yes,No,65,Yes,Fiber optic,No,Yes,No,No,Yes,No,Month-to-month,Yes,Bank transfer (automatic),91.85,8.689775811678336
No,Yes,No,14,No,DSL,No,No,Yes,No,No,No,Month-to-month,No,Credit card (automatic),50.2,6.507053806722995
No,Yes,Yes,20,Yes,Fiber optic,No,No,Yes,Yes,No,Yes,Month-to-month,Yes,Bank transfer (automatic),95.5,7.558621067285476
No,No,Yes,1,No,Fiber optic,No,Yes,No,No,No,No,Month-to-month,Yes,Electronic check,75.35,4.335328031664641
No,No,No,1,Yes,Fiber optic,No,No,No,No,No,No,Month-to-month,Yes,Electronic check,75.45,4.336636932375072
No,Yes,Yes,49,Yes,Fiber optic,No,No,No,No,Yes,Yes,Month-to-month,Yes,Bank transfer (automatic),95.4,8.437056312642076
No,No,No,72,Yes,Fiber optic,Yes,Yes,Yes,No,Yes,No,Two year,Yes,Bank transfer (automatic),101.3,8.890444977159751
No,Yes,No,46,Yes,DSL,Yes,No,No,No,No,No,Month-to-month,No,Electronic check,53.1,7.808241779311325
No,No,No,24,Yes,Fiber optic,No,Yes,Yes,No,No,No,Month-to-month,Yes,Bank transfer (automatic),84.85,7.625497506397463
No,Yes,Yes,5,No phone service,DSL,No,Yes,No,Yes,No,No,Month-to-month,No,Electronic check,34.25,5.103214475389349
No,Yes,Yes,33,Yes,Fiber optic,No,Yes,Yes,Yes,No,No,Month-to-month,No,Credit card (automatic),88.6,7.968907969489865
No,No,No,42,Yes,DSL,Yes,Yes,No,No,No,No,One year,Yes,Bank transfer (automatic),60.15,7.7925966225827015
No,No,No,23,No,Fiber optic,Yes,No,Yes,No,Yes,Yes,One year,Yes,Credit card (automatic),99.95,7.73794331180288
No,No,No,8,No,Fiber optic,No,No,No,No,No,No,Month-to-month,No,Bank transfer (automatic),70.7,6.3178864478756935
No,No,No,66,No,DSL,Yes,Yes,No,No,No,No,One year,Yes,Mailed check,54.8,8.150958411799742
No,No,No,24,No,DSL,Yes,No,No,No,No,No,Month-to-month,Yes,Bank transfer (automatic),49.55,7.0995319945468465
Yes,No,No,24,Yes,DSL,No,Yes,No,No,No,No,Month-to-month,No,Credit card (automatic),54.8,7.164178855531146
No,No,No,69,Yes,DSL,Yes,Yes,Yes,Yes,No,Yes,One year,Yes,Credit card (automatic),78.6,8.58624339459303
No,No,No,53,No,Fiber optic,No,Yes,Yes,No,Yes,Yes,One year,Yes,Mailed check,100.3,8.556759998518253
No,No,No,60,No phone service,DSL,Yes,No,Yes,No,Yes,Yes,Two year,No,Electronic check,53.6,8.082726575748996
No,Yes,No,7,No,Fiber optic,No,No,No,No,Yes,No,Month-to-month,Yes,Electronic check,81.1,6.358968148929027
No,No,No,20,No,No,No internet service,No internet service,No internet service,No internet service,No internet service,No internet service,One year,Yes,Credit card (automatic),19.35,6.074771153234392
No,Yes,Yes,23,Yes,Fiber optic,No,No,No,No,No,Yes,Month-to-month,No,Electronic check,85.6,7.533372802748483
No,Yes,Yes,72,No,DSL,Yes,No,Yes,Yes,Yes,Yes,Two year,Yes,Electronic check,80.8,8.653392272593413
No,Yes,No,11,Yes,Fiber optic,No,No,No,No,No,No,Month-to-month,Yes,Electronic check,74.95,6.71744187225863
No,No,No,21,No,No,No internet service,No internet service,No internet service,No internet service,No internet service,No internet service,Two year,No,Mailed check,19.6,5.969730054961976
Yes,No,No,1,Yes,Fiber optic,No,No,No,No,Yes,Yes,Month-to-month,Yes,Electronic check,93.55,4.549128795104466
Yes,No,No,31,Yes,Fiber optic,No,Yes,No,No,Yes,No,Month-to-month,Yes,Electronic check,90.7,7.953722482812561
No,No,No,57,No,DSL,No,Yes,Yes,Yes,Yes,No,Two year,No,Mailed check,69.75,8.2675516487958
No,Yes,Yes,45,No,No,No internet service,No internet service,No internet service,No internet service,No internet service,No internet service,Two year,Yes,Bank transfer (automatic),20.0,6.788295838944809
No,No,No,10,Yes,Fiber optic,No,Yes,Yes,No,No,Yes,Month-to-month,Yes,Electronic check,95.25,6.930054786476904
No,Yes,No,58,Yes,Fiber optic,No,No,Yes,Yes,Yes,Yes,Month-to-month,Yes,Credit card (automatic),102.1,8.68039988435051
No,No,Yes,14,No,No,No internet service,No internet service,No internet service,No internet service,No internet service,No internet service,Month-to-month,No,Mailed check,19.95,5.596197263976263
No,Yes,No,27,Yes,DSL,Yes,No,No,Yes,Yes,Yes,One year,No,Mailed check,80.85,7.698641505443378
No,Yes,Yes,14,Yes,Fiber optic,No,Yes,No,No,No,Yes,Month-to-month,Yes,Bank transfer (automatic),90.9,7.138866999945524
No,Yes,Yes,12,No phone service,DSL,No,Yes,No,No,No,No,Month-to-month,No,Mailed check,29.2,5.736894826106403
No,Yes,Yes,69,Yes,Fiber optic,No,Yes,No,Yes,No,Yes,Two year,Yes,Bank transfer (automatic),93.3,8.763904820829827
No,Yes,Yes,25,No,Fiber optic,No,Yes,Yes,No,Yes,No,Month-to-month,Yes,Bank transfer (automatic),89.15,7.722566841906438
Yes,Yes,No,58,Yes,Fiber optic,Yes,Yes,Yes,No,Yes,Yes,One year,Yes,Electronic check,108.85,8.746438091588423
No,Yes,Yes,35,No phone service,DSL,Yes,No,No,Yes,Yes,No,Two year,Yes,Credit card (automatic),46.35,7.416408544886471
Yes,No,No,16,Yes,Fiber optic,No,No,No,No,Yes,No,Month-to-month,Yes,Electronic check,84.75,7.208711360664456
No,Yes,Yes,45,Yes,DSL,No,Yes,Yes,No,Yes,Yes,One year,No,Credit card (automatic),78.75,8.189147352774896
No,No,No,17,No,Fiber optic,No,Yes,No,No,Yes,No,Month-to-month,Yes,Electronic check,83.55,7.1930469968112805
No,Yes,Yes,1,No,DSL,No,No,No,No,No,No,Month-to-month,Yes,Electronic check,45.7,3.8437441646748516
No,No,No,22,No,No,No internet service,No internet service,No internet service,No internet service,No internet service,No internet service,One year,No,Mailed check,19.6,6.048553514092109
Yes,No,No,1,No,Fiber optic,No,No,No,No,No,No,Month-to-month,Yes,Electronic check,69.95,4.261975403606051
No,Yes,Yes,67,No,DSL,Yes,No,Yes,Yes,No,Yes,Two year,No,Mailed check,67.85,8.44002052788967
No,Yes,Yes,67,Yes,Fiber optic,No,No,Yes,Yes,Yes,Yes,Two year,Yes,Bank transfer (automatic),105.65,8.812679729642257
No,Yes,No,2,No phone service,DSL,No,No,No,No,Yes,Yes,Month-to-month,No,Electronic check,44.6,4.585987366571318
No,No,No,23,Yes,Fiber optic,No,No,No,No,No,No,Month-to-month,Yes,Electronic check,74.95,7.445096243403855
Yes,No,No,9,No,Fiber optic,No,No,Yes,No,No,No,Month-to-month,No,Credit card (automatic),75.5,6.458965046135599
No,No,No,5,No,No,No internet service,No internet service,No internet service,No internet service,No internet service,No internet service,Month-to-month,No,Mailed check,20.15,4.778703236748966
No,No,No,54,No phone service,DSL,Yes,No,No,Yes,Yes,No,Two year,No,Credit card (automatic),45.2,7.8085465118093405
No,No,No,57,No,Fiber optic,No,No,Yes,No,Yes,Yes,Two year,Yes,Electronic check,95.25,8.606238332238815
No,No,No,24,Yes,Fiber optic,No,No,Yes,No,Yes,No,Month-to-month,Yes,Mailed check,89.85,7.680660511320358
No,Yes,Yes,49,Yes,Fiber optic,No,Yes,No,No,Yes,Yes,One year,No,Mailed check,100.45,8.505687251230036
No,No,No,5,Yes,DSL,No,No,No,No,No,No,Month-to-month,No,Electronic check,47.15,5.412315470601449
No,No,No,2,No,Fiber optic,No,No,No,No,No,Yes,Month-to-month,Yes,Electronic check,80.2,5.2045559867335625
No,No,Yes,4,Yes,Fiber optic,No,No,Yes,Yes,No,No,Month-to-month,Yes,Mailed check,87.1,5.836125661643914
No,Yes,Yes,70,Yes,DSL,Yes,Yes,Yes,Yes,Yes,No,Two year,Yes,Bank transfer (automatic),79.25,8.653968068254212
No,No,No,5,Yes,Fiber optic,No,No,No,No,No,No,Month-to-month,Yes,Bank transfer (automatic),75.9,5.882625767073831
No,Yes,Yes,53,Yes,DSL,Yes,No,Yes,Yes,Yes,Yes,Month-to-month,No,Electronic check,85.7,8.437522081358422
No,Yes,No,47,Yes,Fiber optic,Yes,Yes,Yes,No,Yes,No,Month-to-month,Yes,Electronic check,98.75,8.419514208211142
No,No,Yes,31,No,No,No internet service,No internet service,No internet service,No internet service,No internet service,No internet service,One year,No,Credit card (automatic),20.1,6.380546175965622
No,Yes,Yes,13,No,DSL,No,Yes,Yes,Yes,No,No,Month-to-month,No,Bank transfer (automatic),61.8,6.621538798691966
No,Yes,Yes,28,Yes,DSL,No,No,No,No,No,No,Month-to-month,No,Mailed check,49.9,7.2522311154638714
No,No,No,10,Yes,Fiber optic,No,No,No,No,No,Yes,Month-to-month,No,Electronic check,86.45,6.723652136105752
No,Yes,No,38,No,No,No internet service,No internet service,No internet service,No internet service,No internet service,No internet service,Two year,No,Bank transfer (automatic),20.4,6.612712852124064
No,No,No,1,No,DSL,No,No,No,No,No,No,Month-to-month,Yes,Mailed check,45.3,3.835141961092188
No,Yes,No,67,Yes,Fiber optic,No,Yes,Yes,No,Yes,Yes,One year,No,Electronic check,104.1,8.859626198721307
No,Yes,No,52,No,DSL,Yes,Yes,No,No,Yes,Yes,One year,Yes,Mailed check,75.4,8.260092052373597
No,Yes,Yes,62,No,Fiber optic,Yes,Yes,Yes,Yes,Yes,Yes,Two year,No,Mailed check,108.15,8.828589349076104
No,No,No,16,No,Fiber optic,No,Yes,No,No,No,Yes,Month-to-month,Yes,Electronic check,86.25,7.201245451716894
Yes,Yes,No,5,Yes,Fiber optic,No,Yes,No,No,No,No,Month-to-month,Yes,Electronic check,81.0,5.9206396413277025
No,No,No,12,No,Fiber optic,No,No,Yes,No,Yes,Yes,One year,No,Electronic check,95.7,7.077498053569231
No,Yes,Yes,72,Yes,Fiber optic,Yes,Yes,Yes,Yes,Yes,Yes,Two year,Yes,Bank transfer (automatic),116.85,9.04531241514722
Yes,No,No,71,Yes,Fiber optic,No,Yes,No,Yes,Yes,Yes,One year,No,Bank transfer (automatic),105.75,8.907050461783502
No,Yes,No,24,No,No,No internet service,No internet service,No internet service,No internet service,No internet service,No internet service,One year,No,Mailed check,20.15,6.126541619553741
No,No,No,15,No,No,No internet service,No internet service,No internet service,No internet service,No internet service,No internet service,Two year,No,Mailed check,19.6,5.806940566758827
No,Yes,No,67,No,Fiber optic,Yes,Yes,No,No,No,Yes,One year,Yes,Credit card (automatic),90.6,8.708994671409323
No,No,Yes,2,Yes,DSL,Yes,Yes,No,No,No,No,Month-to-month,No,Bank transfer (automatic),60.95,4.909709375506295
No,Yes,Yes,5,No phone service,DSL,No,No,No,No,No,No,Month-to-month,No,Mailed check,25.05,4.840242308167575
No,Yes,No,15,No,Fiber optic,No,No,No,No,Yes,Yes,Month-to-month,No,Electronic check,88.15,7.238209443277787
No,No,No,1,No,No,No internet service,No internet service,No internet service,No internet service,No internet service,No internet service,Month-to-month,Yes,Mailed check,20.2,3.054001181677967
No,Yes,Yes,41,No,DSL,Yes,Yes,Yes,No,No,No,One year,Yes,Bank transfer (automatic),60.3,7.828953947208875
No,No,Yes,43,No,DSL,Yes,Yes,No,No,No,Yes,Month-to-month,Yes,Electronic check,63.95,7.915001267186403
Yes,Yes,No,1,Yes,Fiber optic,No,No,No,No,No,No,Month-to-month,No,Electronic check,74.3,4.321480134805848
Yes,No,No,1,No,Fiber optic,No,No,No,No,No,No,Month-to-month,Yes,Mailed check,70.6,4.2710950739666
No,Yes,Yes,26,No,Fiber optic,No,No,No,No,Yes,Yes,Month-to-month,Yes,Electronic check,90.8,7.7676026354330805
No,No,No,22,Yes,Fiber optic,No,Yes,No,No,No,No,Month-to-month,Yes,Electronic check,79.35,7.456656730000356
No,Yes,No,71,Yes,DSL,Yes,Yes,Yes,Yes,Yes,Yes,Two year,No,Bank transfer (automatic),90.55,8.764834214330834
No,No,No,7,No,No,No internet service,No internet service,No internet service,No internet service,No internet service,No internet service,Two year,No,Mailed check,19.45,5.114094002464486
Yes,No,No,28,Yes,DSL,No,Yes,Yes,Yes,No,No,Month-to-month,No,Bank transfer (automatic),64.45,7.532944766358855
Yes,No,No,16,No,Fiber optic,No,No,No,No,No,No,Month-to-month,No,Electronic check,69.65,6.951102083485503
No,No,No,7,No,No,No internet service,No internet service,No internet service,No internet service,No internet service,No internet service,One year,No,Mailed check,19.5,4.864452783918174
No,No,No,69,Yes,Fiber optic,No,Yes,Yes,Yes,Yes,Yes,Two year,Yes,Bank transfer (automatic),110.5,8.916834708621446
No,No,Yes,1,No phone service,DSL,No,No,No,No,No,No,Month-to-month,No,Mailed check,24.7,3.246490991901174
No,No,No,3,No,DSL,Yes,No,Yes,No,Yes,Yes,Month-to-month,Yes,Electronic check,77.4,5.333443168523411
Yes,No,No,21,No,Fiber optic,No,No,Yes,No,Yes,Yes,Month-to-month,Yes,Bank transfer (automatic),96.8,7.616431261159709
No,Yes,No,69,Yes,Fiber optic,No,Yes,Yes,No,No,No,Month-to-month,Yes,Bank transfer (automatic),85.4,8.677678053601017
No,Yes,No,71,No phone service,DSL,Yes,Yes,Yes,Yes,No,No,Two year,Yes,Bank transfer (automatic),47.6,8.125275895853342
No,Yes,Yes,69,No,No,No internet service,No internet service,No internet service,No internet service,No internet service,No internet service,Two year,No,Mailed check,19.4,7.205783643488062
No,No,No,48,Yes,Fiber optic,No,No,Yes,Yes,Yes,Yes,Month-to-month,Yes,Electronic check,103.85,8.50654671831227
No,Yes,No,47,Yes,Fiber optic,No,Yes,Yes,No,No,No,Month-to-month,Yes,Bank transfer (automatic),83.35,8.310414994188292
No,No,No,2,Yes,DSL,No,No,No,No,No,No,Month-to-month,Yes,Electronic check,49.4,4.677955855713739
No,No,No,45,Yes,Fiber optic,Yes,No,Yes,Yes,Yes,Yes,Month-to-month,Yes,Credit card (automatic),108.45,8.510309553449911
No,No,No,51,Yes,Fiber optic,No,Yes,No,No,No,No,Month-to-month,No,Bank transfer (automatic),81.0,8.315505312131318
No,Yes,No,22,Yes,DSL,Yes,No,No,Yes,Yes,Yes,Month-to-month,Yes,Electronic check,79.2,7.463793245569676
No,No,No,72,Yes,DSL,Yes,Yes,Yes,Yes,Yes,Yes,Two year,No,Bank transfer (automatic),86.65,8.73645722713191
No,Yes,Yes,37,Yes,Fiber optic,No,Yes,Yes,No,Yes,No,Month-to-month,Yes,Electronic check,92.95,8.136298737242278
No,Yes,Yes,71,Yes,DSL,Yes,Yes,Yes,Yes,Yes,Yes,Two year,No,Electronic check,90.35,8.752462922528288
No,Yes,Yes,7,No,DSL,No,No,Yes,No,No,No,Month-to-month,No,Electronic check,48.7,5.8326153464991695
No,No,No,66,Yes,No,No internet service,No internet service,No internet service,No internet service,No internet service,No internet service,Two year,Yes,Credit card (automatic),25.15,7.4292834258812634
No,Yes,Yes,51,No,DSL,Yes,No,No,Yes,Yes,Yes,One year,Yes,Bank transfer (automatic),76.4,8.285841041552139
No,Yes,Yes,30,No,No,No internet service,No internet service,No internet service,No internet service,No internet service,No internet service,One year,No,Bank transfer (automatic),19.55,6.412638948921326
No,No,No,34,Yes,Fiber optic,No,No,No,No,Yes,No,Month-to-month,No,Electronic check,85.35,7.971638087129149
No,Yes,Yes,64,Yes,No,No internet service,No internet service,No internet service,No internet service,No internet service,No internet service,Two year,Yes,Mailed check,24.8,7.323731616715949
Yes,Yes,No,65,Yes,Fiber optic,No,Yes,Yes,No,Yes,Yes,One year,Yes,Bank transfer (automatic),103.15,8.823714191660846
No,No,No,47,Yes,Fiber optic,Yes,Yes,No,Yes,Yes,No,Month-to-month,No,Mailed check,100.75,8.448957176298375
No,No,No,1,No,Fiber optic,Yes,No,No,No,Yes,Yes,Month-to-month,Yes,Electronic check,95.6,4.570578741218473
No,No,No,49,Yes,DSL,Yes,Yes,No,No,No,No,Month-to-month,Yes,Credit card (automatic),59.75,7.984564941689402
No,Yes,Yes,67,Yes,Fiber optic,No,Yes,No,Yes,Yes,No,Two year,No,Credit card (automatic),94.1,8.748907905146114
No,No,Yes,39,No,No,No internet service,No internet service,No internet service,No internet service,No internet service,No internet service,One year,No,Bank transfer (automatic),19.35,6.659550297072556
No,No,No,14,No,No,No internet service,No internet service,No internet service,No internet service,No internet service,No internet service,Month-to-month,No,Mailed check,19.9,5.651611602327291
Yes,No,No,43,No,Fiber optic,Yes,Yes,No,Yes,Yes,Yes,Month-to-month,Yes,Credit card (automatic),108.15,8.434181079422173
Yes,No,No,56,Yes,Fiber optic,No,No,Yes,No,Yes,Yes,Month-to-month,Yes,Electronic check,101.05,8.629628620746026
No,No,No,14,No,DSL,No,No,No,Yes,No,Yes,One year,No,Credit card (automatic),59.1,6.6513780563587686
No,No,No,1,No,Fiber optic,No,No,No,No,No,No,Month-to-month,No,Electronic check,71.35,4.281515453077493
No,Yes,Yes,16,No,DSL,Yes,Yes,No,No,No,No,One year,Yes,Mailed check,55.85,6.755536066004626
No,Yes,Yes,70,Yes,Fiber optic,Yes,Yes,No,No,Yes,Yes,Month-to-month,Yes,Electronic check,106.05,8.929971492818627
Yes,Yes,No,72,Yes,DSL,Yes,Yes,Yes,No,Yes,Yes,Two year,Yes,Credit card (automatic),84.1,8.696618892598165
No,Yes,Yes,23,No,Fiber optic,No,No,Yes,No,No,No,Month-to-month,Yes,Credit card (automatic),75.3,7.440675020221193
No,No,Yes,21,Yes,No,No internet service,No internet service,No internet service,No internet service,No internet service,No internet service,Month-to-month,No,Mailed check,24.7,6.1487887573848985
No,No,No,1,No,No,No internet service,No internet service,No internet service,No internet service,No internet service,No internet service,Month-to-month,Yes,Mailed check,20.15,3.0516399054922867
No,No,Yes,1,No,Fiber optic,No,No,No,No,No,No,Month-to-month,No,Bank transfer (automatic),69.75,4.259152536523347
Yes,Yes,No,32,Yes,Fiber optic,No,No,No,No,Yes,Yes,Month-to-month,Yes,Electronic check,93.2,7.983440063006542
No,Yes,Yes,17,No,Fiber optic,No,No,No,No,Yes,No,Month-to-month,No,Electronic check,80.85,7.2455480718564305
No,No,No,4,No phone service,DSL,Yes,Yes,No,No,No,No,Month-to-month,Yes,Electronic check,33.65,4.933394213752808
No,No,No,36,Yes,DSL,No,No,Yes,No,No,No,One year,No,Electronic check,55.8,7.5717310822418025
No,No,No,50,No phone service,DSL,No,Yes,Yes,Yes,No,No,Two year,No,Credit card (automatic),39.7,7.567216401887276
No,Yes,Yes,48,No phone service,DSL,No,No,No,Yes,No,No,Month-to-month,Yes,Credit card (automatic),29.5,7.2612602037150475
No,No,Yes,50,No,No,No internet service,No internet service,No internet service,No internet service,No internet service,No internet service,Two year,No,Credit card (automatic),20.15,6.879201471564076
No,Yes,No,72,Yes,DSL,Yes,Yes,Yes,Yes,No,Yes,Two year,No,Credit card (automatic),79.55,8.66766281876101
No,No,Yes,10,Yes,No,No internet service,No internet service,No internet service,No internet service,No internet service,No internet service,Month-to-month,No,Credit card (automatic),24.8,5.41565585896527
No,No,No,18,No,No,No internet service,No internet service,No internet service,No internet service,No internet service,No internet service,Month-to-month,No,Mailed check,19.65,5.9730459615839635
No,No,No,1,No,Fiber optic,No,No,No,No,Yes,No,Month-to-month,Yes,Electronic check,79.95,4.393831680123644
No,No,No,1,No,No,No internet service,No internet service,No internet service,No internet service,No internet service,No internet service,Month-to-month,No,Electronic check,19.3,3.0106208860477417
No,No,No,9,No,Fiber optic,No,No,Yes,No,Yes,Yes,Month-to-month,Yes,Electronic check,94.05,6.700300512549185
No,No,No,2,Yes,Fiber optic,Yes,No,No,No,No,Yes,Month-to-month,No,Mailed check,90.75,5.169062530690774
No,Yes,No,40,Yes,Fiber optic,No,No,No,Yes,No,No,Month-to-month,Yes,Credit card (automatic),78.85,8.04810114655118
No,Yes,No,69,Yes,Fiber optic,No,No,Yes,No,Yes,Yes,One year,No,Bank transfer (automatic),99.5,8.830901133617402
No,Yes,No,37,Yes,Fiber optic,Yes,No,Yes,Yes,No,Yes,One year,Yes,Electronic check,99.2,8.231003338384392
No,No,Yes,18,Yes,Fiber optic,No,No,Yes,No,No,No,Month-to-month,Yes,Credit card (automatic),80.55,7.249676926271517
Yes,Yes,No,11,No,Fiber optic,No,No,No,No,No,No,Month-to-month,Yes,Electronic check,70.2,6.7282696970073905
No,Yes,No,8,Yes,Fiber optic,No,No,No,No,No,Yes,Month-to-month,Yes,Credit card (automatic),85.2,6.443176906381466
No,No,No,3,Yes,Fiber optic,No,No,No,No,No,No,Month-to-month,No,Electronic check,75.25,5.493061443340548
No,Yes,Yes,55,No,DSL,Yes,No,No,No,No,Yes,One year,No,Credit card (automatic),59.45,8.057694194815587
No,Yes,No,33,Yes,Fiber optic,No,Yes,Yes,No,No,Yes,Month-to-month,Yes,Electronic check,93.35,8.03689677268507
No,No,No,46,No,DSL,No,No,No,No,No,No,Month-to-month,No,Bank transfer (automatic),44.95,7.682436362523345
No,No,No,34,Yes,No,No internet service,No internet service,No internet service,No internet service,No internet service,No internet service,Two year,No,Bank transfer (automatic),26.1,6.888929174732088
No,No,No,3,No,No,No internet service,No internet service,No internet service,No internet service,No internet service,No internet service,Month-to-month,No,Electronic check,20.2,4.203946072137182
No,Yes,Yes,30,No,No,No internet service,No internet service,No internet service,No internet service,No internet service,No internet service,Two year,No,Mailed check,21.25,6.569341158123582
No,No,No,33,Yes,DSL,Yes,No,No,Yes,No,No,One year,No,Electronic check,59.4,7.577531473218842
No,Yes,Yes,45,Yes,Fiber optic,No,Yes,Yes,No,No,Yes,One year,Yes,Credit card (automatic),95.0,8.38248396255773
No,No,No,40,No,DSL,Yes,Yes,No,Yes,No,No,Month-to-month,Yes,Mailed check,61.9,7.881597680694297
No,No,No,71,Yes,Fiber optic,Yes,Yes,Yes,Yes,Yes,Yes,Two year,Yes,Electronic check,118.65,9.045300620816755
No,No,No,1,Yes,DSL,No,No,Yes,No,No,No,Month-to-month,No,Electronic check,54.35,4.013676659154646
No,Yes,Yes,72,No phone service,DSL,Yes,Yes,Yes,Yes,Yes,Yes,Two year,No,Bank transfer (automatic),64.45,8.418256443556213
No,Yes,Yes,22,No,Fiber optic,No,No,No,No,No,Yes,Month-to-month,Yes,Electronic check,80.15,7.490892261958906
No,Yes,Yes,46,No,No,No internet service,No internet service,No internet service,No internet service,No internet service,No internet service,One year,Yes,Bank transfer (automatic),20.2,6.741228328086823
No,Yes,Yes,55,No,No,No internet service,No internet service,No internet service,No internet service,No internet service,No internet service,Two year,No,Mailed check,21.0,7.099449442022756
No,No,No,1,No,No,No internet service,No internet service,No internet service,No internet service,No internet service,No internet service,Month-to-month,No,Mailed check,20.45,3.065724645374026
No,No,No,12,Yes,DSL,No,No,No,Yes,Yes,Yes,One year,Yes,Mailed check,75.85,6.7516276462706575
No,No,No,31,Yes,Fiber optic,No,Yes,No,No,No,No,Month-to-month,Yes,Electronic check,80.45,7.795687687751237
No,Yes,No,5,No phone service,DSL,No,No,No,No,No,No,Month-to-month,Yes,Electronic check,24.95,4.619073091157083
No,Yes,Yes,67,Yes,DSL,Yes,No,No,No,Yes,Yes,Two year,Yes,Electronic check,75.5,8.562252595422573
No,No,No,1,No,DSL,No,No,No,No,No,No,Month-to-month,No,Mailed check,44.45,3.816612820623488
No,Yes,No,40,No phone service,DSL,Yes,Yes,Yes,No,No,No,One year,Yes,Electronic check,42.35,7.448595911591226
No,Yes,Yes,41,Yes,DSL,Yes,Yes,Yes,No,Yes,No,Month-to-month,Yes,Credit card (automatic),74.55,8.014517599068448
No,No,No,1,Yes,Fiber optic,No,No,No,No,No,No,Month-to-month,Yes,Electronic check,75.3,4.334672938290411
No,No,No,51,Yes,Fiber optic,Yes,Yes,No,No,Yes,No,One year,Yes,Electronic check,94.8,8.484380701669687
No,Yes,Yes,42,No phone service,DSL,Yes,No,Yes,Yes,Yes,No,Two year,No,Credit card (automatic),48.15,7.617415367916296
No,Yes,Yes,23,No,No,No internet service,No internet service,No internet service,No internet service,No internet service,No internet service,One year,No,Mailed check,19.65,6.081990573807353
Yes,No,No,1,No,Fiber optic,No,No,No,No,No,No,Month-to-month,Yes,Electronic check,70.55,4.27039650600246
No,No,No,1,No,No,No internet service,No internet service,No internet service,No internet service,No internet service,No internet service,Month-to-month,No,Mailed check,20.15,3.0516399054922867
No,No,No,56,Yes,Fiber optic,Yes,Yes,No,No,Yes,Yes,Month-to-month,Yes,Credit card (automatic),106.6,8.681851331171295
No,No,Yes,15,Yes,Fiber optic,No,Yes,No,No,Yes,No,Month-to-month,Yes,Electronic check,91.0,7.266163719547021
No,Yes,Yes,12,Yes,No,No internet service,No internet service,No internet service,No internet service,No internet service,No internet service,Two year,Yes,Bank transfer (automatic),25.4,5.749392985908253
No,Yes,Yes,54,No,DSL,Yes,No,Yes,Yes,No,Yes,Two year,No,Bank transfer (automatic),69.95,8.261745949097815
No,No,No,7,No,DSL,No,No,No,No,Yes,Yes,Month-to-month,Yes,Electronic check,66.85,6.129268051255177
No,Yes,Yes,33,Yes,Fiber optic,No,No,No,No,No,Yes,Month-to-month,No,Credit card (automatic),86.15,7.918155470084098
No,Yes,Yes,16,No,No,No internet service,No internet service,No internet service,No internet service,No internet service,No internet service,Month-to-month,No,Electronic check,20.15,5.835833605567072
No,No,Yes,21,No,DSL,Yes,No,Yes,No,No,Yes,One year,No,Mailed check,64.85,7.198781752684307
Yes,Yes,No,30,Yes,DSL,No,No,Yes,No,Yes,Yes,Two year,No,Electronic check,74.85,7.688340828690917
No,No,No,3,No,DSL,No,No,No,Yes,No,No,Month-to-month,Yes,Mailed check,50.5,5.002267044425739
No,No,No,11,No,Fiber optic,No,No,Yes,No,No,No,Month-to-month,No,Electronic check,72.9,6.708633383509836
No,No,No,62,Yes,Fiber optic,Yes,Yes,Yes,Yes,Yes,Yes,One year,Yes,Credit card (automatic),115.05,8.872690442146478
No,No,No,18,No,No,No internet service,No internet service,No internet service,No internet service,No internet service,No internet service,Month-to-month,No,Electronic check,19.0,5.857361562584502
No,No,Yes,6,No,No,No internet service,No internet service,No internet service,No internet service,No internet service,No internet service,Month-to-month,No,Mailed check,19.55,4.864452783918174
No,No,No,46,Yes,Fiber optic,No,No,Yes,No,Yes,Yes,One year,Yes,Electronic check,101.1,8.450069999559938
No,No,No,21,Yes,Fiber optic,No,No,No,No,No,Yes,Month-to-month,Yes,Electronic check,84.1,7.460749190608673
No,No,No,68,Yes,No,No internet service,No internet service,No internet service,No internet service,No internet service,No internet service,Two year,Yes,Bank transfer (automatic),24.15,7.313120382089968
No,No,No,1,Yes,DSL,No,No,No,No,No,No,Month-to-month,Yes,Electronic check,50.1,3.933784497209659
No,Yes,No,25,No,Fiber optic,No,No,Yes,No,No,No,Month-to-month,Yes,Electronic check,74.6,7.4948472582015775
No,No,Yes,24,No,No,No internet service,No internet service,No internet service,No internet service,No internet service,No internet service,Two year,No,Mailed check,19.75,6.2128064764755635
No,Yes,No,30,Yes,Fiber optic,No,No,No,No,No,Yes,Month-to-month,Yes,Electronic check,85.0,7.872931408586103
No,No,No,2,No,Fiber optic,No,No,No,No,No,Yes,Month-to-month,No,Electronic check,80.55,5.220896219579452
No,Yes,No,51,Yes,Fiber optic,No,Yes,Yes,No,Yes,Yes,One year,Yes,Bank transfer (automatic),106.8,8.612467006923026
No,Yes,Yes,57,Yes,DSL,Yes,No,Yes,Yes,Yes,Yes,Two year,Yes,Electronic check,84.5,8.485991440272972
No,No,No,15,Yes,No,No internet service,No internet service,No internet service,No internet service,No internet service,No internet service,Two year,No,Bank transfer (automatic),25.05,5.9137732393921105
No,Yes,Yes,72,No,DSL,Yes,Yes,Yes,Yes,Yes,Yes,Two year,Yes,Bank transfer (automatic),83.7,8.715699728594453
No,No,No,2,No,Fiber optic,No,No,Yes,No,No,No,Month-to-month,Yes,Electronic check,75.8,5.08605193338101
No,Yes,No,28,Yes,Fiber optic,No,Yes,Yes,No,Yes,No,Month-to-month,No,Credit card (automatic),96.6,7.895566352265149
Yes,Yes,No,29,Yes,Fiber optic,No,No,Yes,No,Yes,Yes,Month-to-month,Yes,Electronic check,98.5,8.00808276252883
No,Yes,Yes,70,No,Fiber optic,Yes,Yes,Yes,Yes,Yes,No,Two year,Yes,Credit card (automatic),101.1,8.853065247965418
No,No,No,13,No,No,No internet service,No internet service,No internet service,No internet service,No internet service,No internet service,One year,No,Mailed check,20.2,5.614040099155339
Yes,Yes,No,59,Yes,Fiber optic,Yes,Yes,Yes,Yes,No,No,One year,Yes,Electronic check,94.05,8.609754141002568
Yes,Yes,No,13,Yes,Fiber optic,No,No,No,No,Yes,Yes,Month-to-month,Yes,Electronic check,95.25,7.1185428080867625
Yes,Yes,No,7,Yes,Fiber optic,No,No,No,No,No,No,Month-to-month,Yes,Mailed check,74.4,6.270799378071934
No,Yes,No,62,No,DSL,Yes,No,Yes,Yes,Yes,Yes,Two year,No,Mailed check,81.0,8.514569753209523
No,No,No,21,No,DSL,Yes,No,Yes,Yes,No,No,One year,Yes,Electronic check,60.25,7.138350993821386
No,No,No,2,No,DSL,No,No,Yes,No,No,Yes,Month-to-month,No,Electronic check,60.85,4.722063937459591
No,No,No,1,No,DSL,No,No,No,No,No,No,Month-to-month,No,Credit card (automatic),43.95,3.8055507609176296
No,No,No,4,No,Fiber optic,No,No,Yes,No,No,Yes,Month-to-month,No,Electronic check,86.05,5.733664849138071
No,No,No,19,No,No,No internet service,No internet service,No internet service,No internet service,No internet service,No internet service,One year,No,Credit card (automatic),20.25,5.952333829904943
No,No,No,30,No,Fiber optic,No,No,No,Yes,Yes,No,Month-to-month,No,Electronic check,85.15,7.846550866196361
No,Yes,Yes,67,No,No,No internet service,No internet service,No internet service,No internet service,No internet service,No internet service,Two year,Yes,Credit card (automatic),19.4,7.158669627241704
Yes,Yes,No,72,Yes,Fiber optic,Yes,Yes,Yes,No,No,Yes,Two year,Yes,Credit card (automatic),102.65,8.929475012851324
No,Yes,No,53,No,No,No internet service,No internet service,No internet service,No internet service,No internet service,No internet service,Two year,No,Credit card (automatic),19.9,7.013060793127408
No,No,No,5,No,No,No internet service,No internet service,No internet service,No internet service,No internet service,No internet service,One year,No,Electronic check,19.55,4.611152257665639
Yes,Yes,No,71,No,Fiber optic,No,Yes,Yes,Yes,No,Yes,Two year,Yes,Credit card (automatic),95.5,8.81107848405266
No,Yes,Yes,50,Yes,DSL,No,Yes,Yes,Yes,Yes,Yes,One year,Yes,Credit card (automatic),84.15,8.334567588404916
No,Yes,Yes,56,Yes,Fiber optic,No,No,Yes,Yes,Yes,Yes,Two year,Yes,Electronic check,103.2,8.678418784915458
No,No,No,2,No,DSL,No,No,No,Yes,No,No,Month-to-month,Yes,Credit card (automatic),50.2,4.702750514326955
Yes,No,No,2,Yes,Fiber optic,No,No,Yes,No,No,Yes,Month-to-month,Yes,Electronic check,88.55,5.1943447761650585
No,Yes,Yes,24,Yes,DSL,Yes,No,No,No,No,No,Month-to-month,No,Electronic check,54.75,7.199790363315396
No,Yes,Yes,46,No,No,No internet service,No internet service,No internet service,No internet service,No internet service,No internet service,Two year,No,Credit card (automatic),19.95,6.760878083121377
No,Yes,No,71,Yes,Fiber optic,Yes,Yes,Yes,Yes,Yes,Yes,Two year,Yes,Electronic check,116.25,9.055526972598827
No,No,No,29,No phone service,DSL,No,No,No,Yes,No,No,Month-to-month,Yes,Electronic check,31.2,6.832169292025542
No,Yes,Yes,69,Yes,No,No internet service,No internet service,No internet service,No internet service,No internet service,No internet service,Two year,No,Bank transfer (automatic),24.45,7.449614345328301
No,Yes,No,71,Yes,DSL,No,Yes,Yes,Yes,Yes,Yes,Two year,No,Credit card (automatic),84.2,8.692464956722665
Yes,No,No,1,No,Fiber optic,No,No,No,No,Yes,Yes,Month-to-month,Yes,Electronic check,91.3,4.525044141508807
Yes,Yes,No,56,No,DSL,Yes,Yes,Yes,Yes,Yes,Yes,Two year,Yes,Bank transfer (automatic),85.65,8.481659273672951
No,No,Yes,56,No,No,No internet service,No internet service,No internet service,No internet service,No internet service,No internet service,One year,Yes,Mailed check,21.2,7.122584360692262
No,No,No,1,No,Fiber optic,No,No,No,No,Yes,No,Month-to-month,Yes,Electronic check,79.5,4.388257184424518
No,Yes,No,28,Yes,No,No internet service,No internet service,No internet service,No internet service,No internet service,No internet service,One year,No,Mailed check,25.55,6.512042462316651
No,Yes,Yes,19,No,No,No internet service,No internet service,No internet service,No internet service,No internet service,No internet service,Month-to-month,No,Mailed check,20.2,5.948557046096705
No,Yes,No,66,Yes,DSL,No,No,No,Yes,No,Yes,Month-to-month,No,Electronic check,63.85,8.35833812998439
No,Yes,Yes,17,Yes,DSL,No,No,Yes,Yes,No,No,One year,Yes,Mailed check,61.95,6.977001451718952
No,Yes,Yes,52,Yes,No,No internet service,No internet service,No internet service,No internet service,No internet service,No internet service,Two year,No,Mailed check,25.75,7.205523811634928
No,No,No,19,No,DSL,No,Yes,No,No,Yes,No,One year,No,Electronic check,58.2,6.952967621803685
No,No,No,36,No,DSL,Yes,Yes,Yes,Yes,Yes,Yes,One year,No,Bank transfer (automatic),85.85,8.007883085339621
Yes,Yes,No,7,No,Fiber optic,No,No,No,No,No,No,Month-to-month,Yes,Mailed check,70.1,6.1496428195698325
No,Yes,Yes,72,Yes,Fiber optic,Yes,Yes,Yes,Yes,No,Yes,One year,Yes,Credit card (automatic),104.9,8.927778502218974
No,Yes,Yes,67,Yes,Fiber optic,Yes,Yes,Yes,No,Yes,Yes,One year,Yes,Electronic check,111.3,8.92040242361528
Yes,No,No,34,No,Fiber optic,No,Yes,Yes,No,Yes,Yes,One year,Yes,Electronic check,99.85,8.114967829657902
Yes,Yes,No,57,Yes,Fiber optic,No,Yes,Yes,No,No,Yes,Month-to-month,Yes,Bank transfer (automatic),95.25,8.599335232408281
No,Yes,No,7,No,Fiber optic,No,No,Yes,No,Yes,No,Month-to-month,Yes,Electronic check,86.25,6.3768970014659105
Yes,Yes,No,1,Yes,Fiber optic,No,No,Yes,No,Yes,Yes,Month-to-month,Yes,Electronic check,100.8,4.623010104116422
No,Yes,No,8,No,No,No internet service,No internet service,No internet service,No internet service,No internet service,No internet service,Month-to-month,Yes,Bank transfer (automatic),19.55,5.088521832753327
No,No,No,69,Yes,Fiber optic,No,No,Yes,Yes,Yes,Yes,Two year,No,Electronic check,104.0,8.857870858519963
No,Yes,No,50,Yes,Fiber optic,Yes,No,Yes,No,Yes,Yes,One year,Yes,Mailed check,104.4,8.562911977061184
No,No,No,10,No,No,No internet service,No internet service,No internet service,No internet service,No internet service,No internet service,One year,No,Mailed check,19.5,5.424289006109973
No,Yes,Yes,12,Yes,No,No internet service,No internet service,No internet service,No internet service,No internet service,No internet service,Two year,No,Credit card (automatic),25.25,5.619313318029751
No,No,No,14,No,Fiber optic,No,Yes,No,No,No,Yes,Month-to-month,Yes,Electronic check,86.3,7.07492089588689
No,Yes,No,70,No phone service,DSL,Yes,No,Yes,Yes,No,Yes,Two year,Yes,Bank transfer (automatic),49.85,8.123024043049924
Yes,No,No,64,Yes,Fiber optic,Yes,No,Yes,Yes,Yes,Yes,Month-to-month,Yes,Bank transfer (automatic),108.95,8.869580958531317
No,Yes,Yes,66,Yes,DSL,Yes,Yes,Yes,Yes,Yes,Yes,Two year,No,Credit card (automatic),89.9,8.692800591957447
No,Yes,Yes,71,No,DSL,Yes,No,Yes,Yes,Yes,Yes,Two year,Yes,Credit card (automatic),82.0,8.699656404843084
Yes,No,No,20,No,Fiber optic,No,No,No,No,Yes,Yes,Month-to-month,No,Electronic check,89.95,7.408197177993388
No,Yes,No,72,No,DSL,Yes,Yes,No,Yes,Yes,Yes,Two year,Yes,Bank transfer (automatic),79.35,8.657693991203804
No,Yes,Yes,71,No,DSL,Yes,Yes,Yes,Yes,No,No,Two year,No,Credit card (automatic),64.05,8.410476200606286
No,Yes,Yes,38,Yes,Fiber optic,No,No,Yes,No,Yes,Yes,Month-to-month,Yes,Credit card (automatic),101.15,8.283418327433367
No,No,No,28,Yes,Fiber optic,No,Yes,No,No,No,Yes,Month-to-month,Yes,Electronic check,89.95,7.87342647695373
Yes,Yes,No,17,No,Fiber optic,No,Yes,No,No,No,No,Month-to-month,Yes,Electronic check,76.45,7.118340301048951
No,No,No,33,No phone service,DSL,No,Yes,No,No,Yes,No,One year,Yes,Electronic check,39.1,7.177782416195197
No,Yes,Yes,23,No phone service,DSL,Yes,No,No,Yes,No,No,Two year,No,Mailed check,34.6,6.702513038803614
No,Yes,Yes,58,No,No,No internet service,No internet service,No internet service,No internet service,No internet service,No internet service,One year,Yes,Electronic check,19.55,7.011935097891801
Yes,Yes,No,70,Yes,Fiber optic,No,Yes,No,Yes,Yes,Yes,Two year,Yes,Bank transfer (automatic),104.45,8.90250321012075
No,Yes,No,4,No,Fiber optic,No,No,No,No,No,No,Month-to-month,No,Electronic check,70.5,5.687653092726317
No,Yes,Yes,45,No,No,No internet service,No internet service,No internet service,No internet service,No internet service,No internet service,Two year,No,Mailed check,20.35,6.835399616789997
No,No,No,10,No,Fiber optic,No,No,No,No,No,No,Month-to-month,Yes,Electronic check,70.0,6.608000625296087
No,Yes,Yes,36,No,No,No internet service,No internet service,No internet service,No internet service,No internet service,No internet service,Two year,No,Credit card (automatic),19.45,6.627379781712794
No,No,No,54,No,DSL,Yes,Yes,No,Yes,Yes,No,Month-to-month,Yes,Mailed check,69.9,8.264698066387169
No,Yes,Yes,23,Yes,DSL,No,Yes,No,Yes,No,No,Two year,No,Mailed check,59.7,7.255026142845575
No,Yes,Yes,41,Yes,DSL,Yes,Yes,Yes,No,Yes,No,One year,Yes,Credit card (automatic),78.35,8.074711339628797
Yes,No,No,5,No,Fiber optic,No,No,No,No,No,No,Month-to-month,Yes,Mailed check,71.45,5.920505458167488
No,Yes,Yes,27,No phone service,DSL,No,Yes,Yes,No,No,Yes,One year,Yes,Credit card (automatic),45.85,7.128816664092023
No,No,No,1,No,Fiber optic,No,No,No,Yes,Yes,Yes,Month-to-month,Yes,Electronic check,95.85,4.573163389853005
No,Yes,Yes,67,No phone service,DSL,Yes,No,No,Yes,No,No,Two year,No,Credit card (automatic),35.7,7.842553682412031
Yes,Yes,Yes,72,Yes,DSL,Yes,Yes,Yes,Yes,Yes,Yes,Two year,Yes,Credit card (automatic),89.55,8.771812153705444
No,Yes,Yes,56,Yes,No,No internet service,No internet service,No internet service,No internet service,No internet service,No internet service,Two year,Yes,Credit card (automatic),24.95,7.292949650247942
No,Yes,Yes,44,Yes,No,No internet service,No internet service,No internet service,No internet service,No internet service,No internet service,One year,No,Electronic check,24.85,6.922249725132589
Yes,Yes,No,66,Yes,Fiber optic,No,Yes,No,No,Yes,Yes,Month-to-month,Yes,Electronic check,100.8,8.808630703369436
No,No,No,34,Yes,DSL,Yes,Yes,No,Yes,No,No,One year,Yes,Mailed check,64.4,7.6447997205792655
No,Yes,No,69,Yes,Fiber optic,No,No,Yes,Yes,Yes,Yes,Two year,No,Bank transfer (automatic),105.35,8.887604359966863
No,Yes,Yes,1,Yes,Fiber optic,Yes,No,Yes,No,Yes,Yes,Month-to-month,Yes,Electronic check,102.45,4.639088404191552
No,No,No,40,No,No,No internet service,No internet service,No internet service,No internet service,No internet service,No internet service,Two year,No,Credit card (automatic),19.65,6.722930591970064
No,Yes,Yes,30,Yes,DSL,Yes,No,No,No,No,No,Month-to-month,Yes,Bank transfer (automatic),54.45,7.371300598166826
No,No,No,11,No,DSL,No,No,No,Yes,Yes,Yes,Month-to-month,No,Mailed check,70.5,6.721787081267985
No,No,No,15,No,No,No internet service,No internet service,No internet service,No internet service,No internet service,No internet service,One year,No,Credit card (automatic),20.1,5.7152168522818645
No,No,No,11,No,DSL,No,No,Yes,No,Yes,Yes,Month-to-month,Yes,Electronic check,69.35,6.5698319900936095
No,Yes,Yes,64,No,No,No internet service,No internet service,No internet service,No internet service,No internet service,No internet service,One year,No,Bank transfer (automatic),19.8,7.198669622014584
Yes,Yes,No,72,No,DSL,Yes,Yes,Yes,Yes,Yes,No,Two year,No,Bank transfer (automatic),74.4,8.587045693315071
Yes,Yes,No,72,Yes,Fiber optic,Yes,Yes,Yes,Yes,No,No,Two year,Yes,Bank transfer (automatic),93.05,8.815228978697464
No,No,Yes,1,No,DSL,Yes,No,No,No,No,No,Month-to-month,No,Mailed check,51.2,3.955082494888593
No,No,Yes,15,No,DSL,Yes,Yes,Yes,Yes,No,No,One year,No,Credit card (automatic),65.6,6.918695219020472
No,No,No,60,Yes,DSL,No,No,Yes,Yes,Yes,Yes,One year,No,Credit card (automatic),80.55,8.486331841227319
No,No,No,56,No,DSL,Yes,No,Yes,No,No,No,One year,No,Mailed check,52.7,8.01324387158968
No,No,No,8,No,No,No internet service,No internet service,No internet service,No internet service,No internet service,No internet service,Two year,No,Mailed check,20.85,5.091600652919361
No,No,No,3,No,Fiber optic,No,No,Yes,Yes,No,No,Month-to-month,No,Credit card (automatic),80.1,5.387014821309323
No,Yes,No,49,Yes,DSL,No,No,No,No,No,No,Month-to-month,Yes,Credit card (automatic),52.15,7.857384070466803
No,No,No,2,No,Fiber optic,No,No,No,No,Yes,No,Month-to-month,Yes,Electronic check,80.2,4.990772665000004
No,No,No,6,No,Fiber optic,Yes,Yes,Yes,Yes,No,Yes,Month-to-month,Yes,Bank transfer (automatic),98.15,6.342913358575116
No,No,No,70,Yes,Fiber optic,Yes,Yes,Yes,Yes,Yes,Yes,Two year,Yes,Bank transfer (automatic),114.95,8.950565252777409
No,No,No,12,Yes,Fiber optic,No,Yes,Yes,Yes,Yes,Yes,Month-to-month,Yes,Mailed check,112.95,7.233996788299914
Yes,Yes,No,52,No,Fiber optic,Yes,No,Yes,Yes,Yes,Yes,One year,Yes,Bank transfer (automatic),104.45,8.609270879617146
No,Yes,No,72,Yes,Fiber optic,Yes,Yes,Yes,Yes,Yes,Yes,Two year,Yes,Credit card (automatic),113.65,9.0027256222796
No,No,No,40,No,No,No internet service,No internet service,No internet service,No internet service,No internet service,No internet service,Two year,Yes,Bank transfer (automatic),20.6,6.719375407604218
No,No,No,1,No,Fiber optic,No,No,No,No,No,No,Month-to-month,No,Mailed check,70.9,4.275276264727001
Yes,No,No,3,No,Fiber optic,No,No,Yes,No,Yes,No,Month-to-month,Yes,Electronic check,86.85,5.402452131280044
Yes,No,No,40,No,Fiber optic,No,No,No,No,Yes,Yes,Month-to-month,Yes,Electronic check,91.55,8.209199562185635
No,No,Yes,1,No,DSL,No,No,Yes,No,No,No,Month-to-month,Yes,Electronic check,49.85,3.928880122494569
No,Yes,No,30,No,No,No internet service,No internet service,No internet service,No internet service,No internet service,No internet service,One year,No,Credit card (automatic),19.8,6.358968148929027
No,Yes,Yes,23,No,Fiber optic,Yes,No,No,Yes,Yes,Yes,Month-to-month,Yes,Electronic check,99.85,7.754610184136298
No,Yes,Yes,1,Yes,Fiber optic,No,No,No,No,No,No,Month-to-month,Yes,Electronic check,74.5,4.324132656254979
Yes,Yes,No,44,Yes,Fiber optic,No,No,Yes,Yes,Yes,Yes,Month-to-month,No,Electronic check,104.15,8.411087954077601
No,No,No,65,Yes,Fiber optic,No,Yes,Yes,Yes,Yes,Yes,Month-to-month,Yes,Electronic check,109.15,8.845374006147898
Yes,No,No,7,No,DSL,Yes,No,No,No,No,No,Month-to-month,Yes,Electronic check,48.2,5.83290834386429
Yes,No,No,72,Yes,No,No internet service,No internet service,No internet service,No internet service,No internet service,No internet service,Two year,Yes,Credit card (automatic),25.1,7.490473565772694
Yes,No,No,8,Yes,Fiber optic,No,No,No,Yes,Yes,Yes,Month-to-month,Yes,Credit card (automatic),100.15,6.812949971708225
No,No,No,16,Yes,DSL,No,No,Yes,No,No,Yes,Month-to-month,Yes,Credit card (automatic),65.2,6.951149961301326
Yes,Yes,Yes,66,Yes,Fiber optic,No,No,Yes,No,Yes,Yes,Month-to-month,Yes,Credit card (automatic),99.5,8.828076521038081
No,No,No,1,No,Fiber optic,No,No,No,No,No,No,Month-to-month,Yes,Mailed check,71.55,4.2842759793301965
No,No,Yes,3,No,DSL,Yes,No,Yes,No,No,No,Month-to-month,No,Mailed check,55.9,5.0660700009843564
No,Yes,No,53,Yes,Fiber optic,Yes,No,Yes,No,No,Yes,Month-to-month,No,Electronic check,93.9,8.523215023734732
Yes,Yes,No,8,No,DSL,No,No,Yes,Yes,No,Yes,Month-to-month,Yes,Credit card (automatic),64.4,6.367672474149028
Yes,Yes,No,69,Yes,Fiber optic,No,Yes,Yes,Yes,Yes,Yes,Two year,Yes,Bank transfer (automatic),108.4,8.898256311365326
No,No,No,5,No,Fiber optic,No,Yes,No,No,Yes,No,Month-to-month,Yes,Mailed check,85.3,6.0437011464434915
No,Yes,Yes,72,Yes,Fiber optic,Yes,No,Yes,Yes,Yes,Yes,Two year,No,Mailed check,107.45,8.932965002513042
No,Yes,No,13,No phone service,DSL,No,No,Yes,No,Yes,Yes,Month-to-month,Yes,Bank transfer (automatic),48.75,6.452679670320638
No,No,No,4,Yes,Fiber optic,No,No,No,No,Yes,No,Month-to-month,Yes,Electronic check,85.65,5.776568144381849
No,Yes,Yes,54,Yes,DSL,Yes,Yes,Yes,Yes,Yes,Yes,Two year,No,Credit card (automatic),91.3,8.510369966068112
No,Yes,No,72,Yes,DSL,No,Yes,Yes,Yes,Yes,Yes,Two year,No,Bank transfer (automatic),85.95,8.72467879437374
No,No,No,12,Yes,Fiber optic,No,Yes,Yes,No,Yes,Yes,Month-to-month,Yes,Electronic check,106.7,7.134811167116262
No,No,No,1,No phone service,DSL,No,No,No,No,No,No,Month-to-month,Yes,Electronic check,25.15,3.263849190510932
Yes,No,No,1,No,DSL,No,No,No,No,No,No,Month-to-month,No,Electronic check,45.2,3.832979798087693
No,Yes,No,54,Yes,Fiber optic,No,Yes,Yes,Yes,Yes,Yes,One year,No,Electronic check,110.35,8.681715612583577
No,Yes,Yes,69,Yes,Fiber optic,No,No,Yes,No,No,No,Two year,Yes,Credit card (automatic),79.2,8.598155476149158
No,No,No,48,No,DSL,Yes,Yes,No,No,No,No,Two year,No,Credit card (automatic),55.5,7.874111551863014
No,Yes,Yes,48,Yes,Fiber optic,Yes,Yes,No,No,Yes,Yes,One year,Yes,Credit card (automatic),103.25,8.524873621259589
No,Yes,No,8,Yes,Fiber optic,No,No,No,Yes,No,Yes,Month-to-month,Yes,Electronic check,90.25,6.613048591593392
No,Yes,Yes,71,Yes,DSL,Yes,Yes,Yes,Yes,Yes,Yes,Two year,Yes,Mailed check,91.25,8.793399670392994
No,No,No,2,No,DSL,Yes,No,No,No,No,No,Month-to-month,Yes,Electronic check,47.8,4.537426533901572
No,Yes,No,67,No,Fiber optic,Yes,Yes,No,No,Yes,Yes,One year,Yes,Credit card (automatic),100.9,8.81494687449521
No,Yes,Yes,34,Yes,Fiber optic,No,Yes,No,No,Yes,Yes,Month-to-month,Yes,Bank transfer (automatic),97.7,8.134760782418645
No,No,No,3,No,Fiber optic,No,No,No,No,No,No,Month-to-month,Yes,Electronic check,69.85,5.302558360805291
No,Yes,Yes,9,No,DSL,No,Yes,No,Yes,Yes,No,One year,Yes,Mailed check,65.6,6.387384242372615
No,Yes,Yes,71,No,Fiber optic,Yes,Yes,Yes,No,Yes,Yes,One year,Yes,Bank transfer (automatic),104.65,8.894176517088752
No,No,No,57,Yes,Fiber optic,No,No,No,Yes,Yes,No,Two year,Yes,Credit card (automatic),90.45,8.562319509032347
No,No,No,72,No phone service,DSL,Yes,Yes,Yes,Yes,Yes,Yes,Two year,Yes,Bank transfer (automatic),63.7,8.40420364859392
Yes,Yes,Yes,48,No,Fiber optic,Yes,No,Yes,Yes,Yes,Yes,Month-to-month,Yes,Electronic check,104.5,8.53090870230218
No,No,No,18,No,No,No internet service,No internet service,No internet service,No internet service,No internet service,No internet service,One year,No,Mailed check,20.1,5.998564284223205
No,Yes,Yes,43,Yes,Fiber optic,No,No,Yes,Yes,Yes,Yes,One year,Yes,Credit card (automatic),104.3,8.40129961959827
No,Yes,Yes,72,Yes,DSL,Yes,Yes,Yes,Yes,Yes,Yes,Two year,Yes,Bank transfer (automatic),93.25,8.80836167925279
No,Yes,Yes,35,Yes,DSL,No,No,No,Yes,Yes,Yes,One year,Yes,Bank transfer (automatic),73.45,7.886870563989527
No,No,No,4,No,No,No internet service,No internet service,No internet service,No internet service,No internet service,No internet service,Month-to-month,No,Mailed check,20.7,4.304740540713808
No,Yes,Yes,49,Yes,No,No internet service,No internet service,No internet service,No internet service,No internet service,No internet service,Two year,No,Mailed check,25.25,7.100563326500228
No,Yes,Yes,71,Yes,Fiber optic,Yes,Yes,Yes,No,Yes,No,Two year,No,Bank transfer (automatic),100.5,8.858176665657608
No,Yes,Yes,11,No,Fiber optic,No,No,No,No,Yes,Yes,Month-to-month,No,Electronic check,90.6,6.9287336853673285
No,Yes,Yes,63,Yes,DSL,Yes,Yes,Yes,Yes,Yes,Yes,Two year,Yes,Credit card (automatic),89.4,8.630280776232281
Yes,No,No,65,Yes,Fiber optic,No,Yes,Yes,No,Yes,No,Month-to-month,Yes,Bank transfer (automatic),95.45,8.736216265210759
No,No,Yes,49,No,No,No internet service,No internet service,No internet service,No internet service,No internet service,No internet service,Two year,No,Credit card (automatic),20.45,6.933081836928146
No,No,No,29,Yes,Fiber optic,No,No,Yes,No,Yes,Yes,Month-to-month,Yes,Credit card (automatic),98.6,7.984190122705543
Yes,Yes,No,15,Yes,Fiber optic,No,No,Yes,Yes,No,No,Month-to-month,Yes,Electronic check,83.05,7.138311290011801
No,Yes,Yes,4,No,No,No internet service,No internet service,No internet service,No internet service,No internet service,No internet service,Month-to-month,Yes,Electronic check,19.95,4.429625613473161
No,Yes,No,72,Yes,Fiber optic,No,Yes,Yes,Yes,Yes,Yes,One year,No,Credit card (automatic),109.15,8.960673157721615
Yes,Yes,No,26,No,Fiber optic,No,No,Yes,No,Yes,No,Month-to-month,Yes,Credit card (automatic),85.7,7.63433723562832
Yes,Yes,No,35,Yes,Fiber optic,No,No,Yes,No,Yes,Yes,Month-to-month,No,Bank transfer (automatic),102.05,8.147157966489951
No,No,No,57,Yes,Fiber optic,No,Yes,No,Yes,No,Yes,One year,No,Electronic check,94.7,8.607024754606424
No,Yes,Yes,28,Yes,DSL,No,Yes,No,No,No,Yes,Month-to-month,No,Electronic check,64.4,7.497290414418373
No,Yes,No,25,Yes,No,No internet service,No internet service,No internet service,No internet service,No internet service,No internet service,One year,Yes,Mailed check,26.8,6.599258066816436
No,Yes,No,47,No,DSL,Yes,No,Yes,No,Yes,No,One year,Yes,Credit card (automatic),66.05,8.01382303975493
No,Yes,Yes,57,Yes,DSL,Yes,Yes,No,Yes,No,No,Month-to-month,No,Bank transfer (automatic),65.2,8.213070035344117
Yes,Yes,No,16,Yes,Fiber optic,No,No,No,No,Yes,No,Month-to-month,Yes,Credit card (automatic),85.05,7.238604593709511
No,No,No,5,No,DSL,Yes,No,Yes,No,No,No,Month-to-month,Yes,Mailed check,55.8,5.618043015708491
No,Yes,No,17,No,Fiber optic,No,No,No,No,No,No,Month-to-month,Yes,Bank transfer (automatic),70.4,7.102540507191292
Yes,No,No,56,Yes,Fiber optic,No,Yes,Yes,No,Yes,Yes,One year,Yes,Bank transfer (automatic),104.75,8.61461931285449
No,Yes,Yes,72,No,No,No internet service,No internet service,No internet service,No internet service,No internet service,No internet service,Two year,No,Bank transfer (automatic),19.95,7.188299437027451
Yes,No,No,21,Yes,Fiber optic,No,No,No,No,Yes,Yes,Month-to-month,Yes,Electronic check,94.25,7.588197087044528
No,Yes,Yes,48,No phone service,DSL,Yes,No,Yes,No,No,Yes,One year,No,Credit card (automatic),45.0,7.694984612903221
No,Yes,No,68,Yes,Fiber optic,Yes,Yes,Yes,Yes,Yes,Yes,Two year,No,Bank transfer (automatic),114.9,8.967574302145234
No,No,No,30,Yes,Fiber optic,Yes,No,No,Yes,Yes,Yes,Month-to-month,No,Bank transfer (automatic),106.4,8.074929235070975
No,Yes,No,3,No,DSL,No,No,No,No,No,No,Month-to-month,Yes,Mailed check,46.1,4.876341706312883
Yes,No,No,14,No phone service,DSL,Yes,No,Yes,Yes,No,No,Two year,No,Mailed check,39.7,6.541534922199873
No,No,Yes,4,No,No,No internet service,No internet service,No internet service,No internet service,No internet service,No internet service,Month-to-month,Yes,Bank transfer (automatic),20.05,4.460144413937834
No,Yes,Yes,71,Yes,Fiber optic,No,Yes,Yes,No,No,Yes,Two year,Yes,Credit card (automatic),95.75,8.832062323711982
No,Yes,Yes,8,Yes,No,No internet service,No internet service,No internet service,No internet service,No internet service,No internet service,One year,No,Mailed check,24.4,5.322766046950346
No,Yes,Yes,61,No phone service,DSL,Yes,No,Yes,No,No,No,Month-to-month,No,Bank transfer (automatic),33.6,7.658321950409569
No,Yes,Yes,72,Yes,Fiber optic,No,Yes,Yes,Yes,No,No,Two year,No,Bank transfer (automatic),90.45,8.789789544449974
No,No,No,5,Yes,Fiber optic,No,No,No,No,Yes,No,Month-to-month,Yes,Electronic check,84.0,6.053852319542798
No,No,No,49,No,DSL,Yes,Yes,Yes,Yes,No,No,Two year,No,Bank transfer (automatic),67.4,8.104053710496379
No,No,No,8,No,No,No internet service,No internet service,No internet service,No internet service,No internet service,No internet service,Month-to-month,Yes,Bank transfer (automatic),19.7,5.135210028677887
No,No,No,3,No,Fiber optic,No,No,No,No,No,Yes,Month-to-month,Yes,Electronic check,80.35,5.540478923698008
No,Yes,Yes,9,No,No,No internet service,No internet service,No internet service,No internet service,No internet service,No internet service,Two year,No,Mailed check,19.6,5.290285194850773
No,Yes,Yes,67,No,DSL,Yes,Yes,No,No,No,No,Two year,Yes,Bank transfer (automatic),54.2,8.253019290544035
No,No,No,46,No,DSL,No,No,No,No,No,No,Month-to-month,Yes,Credit card (automatic),45.2,7.633442251109864
No,Yes,No,67,Yes,DSL,Yes,Yes,Yes,No,No,Yes,One year,No,Mailed check,75.1,8.530198257751106
No,Yes,No,55,No,No,No internet service,No internet service,No internet service,No internet service,No internet service,No internet service,One year,No,Electronic check,19.7,7.03970417011142
No,Yes,No,33,Yes,DSL,Yes,Yes,Yes,No,Yes,No,Month-to-month,Yes,Bank transfer (automatic),72.75,7.803210450268153
No,Yes,Yes,62,No,No,No internet service,No internet service,No internet service,No internet service,No internet service,No internet service,Two year,No,Credit card (automatic),20.05,7.142748346653496
No,No,Yes,1,No,DSL,No,No,No,No,No,No,Month-to-month,No,Mailed check,45.95,3.849083205654272
No,Yes,Yes,49,No phone service,DSL,Yes,No,No,No,No,Yes,Month-to-month,Yes,Electronic check,39.2,7.517058787346506
No,No,No,1,No,DSL,No,No,No,No,No,No,Month-to-month,Yes,Electronic check,44.75,3.82319179172153
No,Yes,No,14,Yes,Fiber optic,No,Yes,Yes,No,No,No,Month-to-month,Yes,Electronic check,82.65,7.078341579557671
Yes,No,No,18,Yes,Fiber optic,No,No,Yes,Yes,Yes,No,Month-to-month,No,Bank transfer (automatic),93.9,7.464452526404185
Yes,No,No,1,No,Fiber optic,No,No,No,No,No,No,Month-to-month,Yes,Electronic check,70.15,4.264790324535862
No,No,No,1,No,Fiber optic,No,No,Yes,No,Yes,No,Month-to-month,Yes,Credit card (automatic),85.55,4.4607222816222185
No,Yes,No,72,Yes,Fiber optic,Yes,Yes,Yes,Yes,Yes,Yes,Two year,Yes,Credit card (automatic),117.15,9.051403255414964
No,No,No,64,Yes,Fiber optic,Yes,No,Yes,Yes,No,Yes,Two year,No,Credit card (automatic),99.25,8.78728902855948
No,Yes,No,69,Yes,Fiber optic,Yes,Yes,Yes,Yes,Yes,Yes,Two year,Yes,Bank transfer (automatic),112.55,8.962840089157234
No,No,No,1,Yes,No,No internet service,No internet service,No internet service,No internet service,No internet service,No internet service,Month-to-month,Yes,Electronic check,25.7,3.2846635654062037
No,Yes,Yes,71,Yes,DSL,Yes,Yes,Yes,Yes,Yes,Yes,Two year,No,Credit card (automatic),90.3,8.746446042894624
No,Yes,Yes,66,No,DSL,No,No,No,Yes,No,No,One year,Yes,Credit card (automatic),49.4,8.0872868141283
No,No,No,2,No,No,No internet service,No internet service,No internet service,No internet service,No internet service,No internet service,Month-to-month,No,Mailed check,19.4,3.9435216724875173
Yes,Yes,No,71,No,Fiber optic,Yes,Yes,Yes,Yes,Yes,Yes,Two year,Yes,Bank transfer (automatic),109.7,8.975282374696942
No,No,No,11,No,DSL,No,Yes,No,No,Yes,No,One year,Yes,Electronic check,61.25,6.594345057957625
No,No,Yes,47,No,DSL,Yes,Yes,No,No,No,No,Month-to-month,Yes,Electronic check,55.3,7.8842187658904255
No,Yes,No,35,No,Fiber optic,No,No,No,No,No,No,Month-to-month,Yes,Electronic check,70.3,7.790509909636837
Yes,Yes,No,32,Yes,Fiber optic,No,Yes,Yes,No,Yes,Yes,Month-to-month,No,Bank transfer (automatic),106.35,8.166713304140416
No,Yes,Yes,60,Yes,Fiber optic,No,Yes,No,Yes,Yes,Yes,Month-to-month,Yes,Bank transfer (automatic),103.75,8.6946613227052
No,No,No,11,No,No,No internet service,No internet service,No internet service,No internet service,No internet service,No internet service,One year,No,Mailed check,19.5,5.428468051013081
No,No,No,29,No phone service,DSL,Yes,Yes,No,Yes,No,No,One year,No,Credit card (automatic),39.5,6.988182528094752
No,Yes,Yes,21,No phone service,DSL,No,No,No,No,No,No,Month-to-month,Yes,Electronic check,26.05,6.339918289387638
Yes,Yes,No,48,Yes,Fiber optic,No,No,Yes,No,No,Yes,Month-to-month,Yes,Credit card (automatic),91.05,8.382918665593769
No,No,Yes,3,No phone service,DSL,No,Yes,No,No,No,No,Month-to-month,No,Mailed check,29.65,4.511408806173617
No,Yes,Yes,43,No,DSL,No,Yes,No,No,No,No,Month-to-month,No,Mailed check,50.2,7.682666761344722
No,No,No,5,Yes,Fiber optic,No,Yes,Yes,No,Yes,Yes,Month-to-month,No,Electronic check,105.3,6.312823145919147
No,No,No,1,No,DSL,No,No,No,No,No,Yes,Month-to-month,Yes,Electronic check,55.45,4.033355290595671
No,Yes,Yes,71,Yes,DSL,Yes,No,Yes,Yes,Yes,Yes,One year,No,Electronic check,85.45,8.74859852006632
No,Yes,Yes,8,No,No,No internet service,No internet service,No internet service,No internet service,No internet service,No internet service,One year,No,Electronic check,19.8,5.081714875777208
No,No,No,8,Yes,DSL,No,No,No,No,Yes,No,Month-to-month,Yes,Electronic check,59.25,6.081305251107771
No,No,No,20,Yes,Fiber optic,No,No,Yes,No,Yes,No,Month-to-month,Yes,Credit card (automatic),90.7,7.485687997274867
No,Yes,Yes,33,Yes,Fiber optic,Yes,No,Yes,No,Yes,Yes,One year,Yes,Mailed check,103.7,8.151333337900432
No,No,No,71,Yes,Fiber optic,No,Yes,No,No,No,No,One year,Yes,Credit card (automatic),79.05,8.622183638607174
Yes,Yes,No,31,Yes,Fiber optic,No,No,Yes,No,Yes,No,One year,Yes,Electronic check,90.7,7.950326176766622
Yes,Yes,No,38,Yes,Fiber optic,Yes,Yes,No,No,No,Yes,One year,No,Credit card (automatic),95.0,8.186534026109316
No,No,No,1,No,Fiber optic,No,No,No,No,Yes,Yes,Month-to-month,Yes,Electronic check,88.35,4.492561241605437
No,Yes,Yes,2,No phone service,DSL,No,Yes,No,No,No,No,Month-to-month,Yes,Mailed check,30.25,4.1705337005796475
No,Yes,No,12,No phone service,DSL,No,No,Yes,No,Yes,Yes,Month-to-month,Yes,Bank transfer (automatic),49.85,6.426731146452936
No,No,Yes,9,No,Fiber optic,Yes,No,Yes,Yes,No,Yes,Month-to-month,No,Bank transfer (automatic),93.0,6.769928962074734
Yes,No,Yes,11,No,DSL,No,Yes,No,Yes,No,No,Month-to-month,Yes,Electronic check,54.55,6.400672641494981
No,No,Yes,6,No,No,No internet service,No internet service,No internet service,No internet service,No internet service,No internet service,Month-to-month,No,Mailed check,19.7,4.724285666878253
No,Yes,No,71,No,DSL,Yes,Yes,Yes,Yes,Yes,Yes,One year,Yes,Bank transfer (automatic),84.8,8.707334097262324
No,Yes,Yes,42,Yes,Fiber optic,Yes,Yes,No,No,Yes,No,One year,Yes,Credit card (automatic),94.45,8.275070673504224
No,Yes,Yes,8,No,Fiber optic,No,No,Yes,No,Yes,Yes,Month-to-month,Yes,Electronic check,94.2,6.657112053965342
No,No,No,5,No,Fiber optic,No,Yes,No,No,Yes,Yes,Month-to-month,Yes,Electronic check,96.25,6.2411526536443045
No,Yes,No,2,No,Fiber optic,No,No,No,No,No,No,Month-to-month,Yes,Electronic check,70.7,4.958991060943918
No,Yes,Yes,45,No,No,No internet service,No internet service,No internet service,No internet service,No internet service,No internet service,Two year,No,Mailed check,20.85,6.794754539894893
No,Yes,Yes,28,No phone service,DSL,No,Yes,Yes,Yes,Yes,Yes,One year,Yes,Credit card (automatic),60.0,7.428362902602745
No,Yes,No,43,Yes,Fiber optic,No,Yes,No,No,No,No,Month-to-month,No,Electronic check,80.45,8.131501298407013
No,No,Yes,60,Yes,DSL,Yes,No,Yes,Yes,Yes,Yes,Two year,Yes,Electronic check,84.95,8.514359179395104
No,Yes,No,42,No phone service,DSL,No,Yes,No,Yes,No,No,One year,No,Mailed check,33.55,7.2767638500796865
No,Yes,Yes,7,No phone service,DSL,Yes,No,Yes,Yes,No,Yes,Two year,No,Credit card (automatic),49.65,5.725380874208697
No,Yes,No,25,No,No,No internet service,No internet service,No internet service,No internet service,No internet service,No internet service,One year,Yes,Bank transfer (automatic),20.2,6.232251533594787
Yes,Yes,Yes,40,Yes,Fiber optic,No,No,No,No,Yes,Yes,Month-to-month,Yes,Credit card (automatic),94.55,8.200137232958184
No,No,No,27,Yes,Fiber optic,No,No,Yes,No,Yes,Yes,One year,Yes,Bank transfer (automatic),100.5,7.891499030713357
No,No,No,10,No phone service,DSL,No,Yes,No,Yes,No,No,Month-to-month,No,Electronic check,35.75,5.968195920168628
Yes,No,No,27,Yes,Fiber optic,No,Yes,Yes,No,No,No,Month-to-month,Yes,Bank transfer (automatic),86.45,7.7840778184099575
No,No,No,11,No,DSL,No,No,Yes,Yes,No,No,One year,No,Bank transfer (automatic),53.8,6.480887764613537
No,Yes,Yes,4,No phone service,DSL,Yes,No,No,No,Yes,No,Month-to-month,No,Credit card (automatic),38.55,5.056882545261575
No,No,No,68,No phone service,DSL,No,No,Yes,No,No,Yes,Month-to-month,Yes,Bank transfer (automatic),39.9,7.936427819445565
Yes,No,No,1,No,Fiber optic,No,No,No,No,No,No,Month-to-month,Yes,Electronic check,70.05,4.263383854543109
No,No,No,18,No,No,No internet service,No internet service,No internet service,No internet service,No internet service,No internet service,One year,No,Mailed check,20.1,6.011389715915252
No,No,No,57,Yes,Fiber optic,Yes,Yes,Yes,No,Yes,Yes,Two year,Yes,Bank transfer (automatic),112.95,8.774312958285378
No,No,No,26,No,No,No internet service,No internet service,No internet service,No internet service,No internet service,No internet service,Month-to-month,Yes,Electronic check,20.3,6.238812787119009
No,Yes,No,17,No phone service,DSL,No,Yes,Yes,No,No,No,Month-to-month,Yes,Credit card (automatic),35.65,6.472423571267679
No,No,No,1,No phone service,DSL,No,No,No,No,No,Yes,Month-to-month,No,Electronic check,35.9,3.6082115510464816
No,No,Yes,38,Yes,Fiber optic,No,No,Yes,No,Yes,Yes,Month-to-month,Yes,Bank transfer (automatic),99.25,8.23698975082014
Yes,Yes,No,59,No,Fiber optic,Yes,Yes,Yes,No,No,No,One year,Yes,Credit card (automatic),82.95,8.49783706442396
No,No,No,30,No,DSL,Yes,No,Yes,No,No,No,Two year,Yes,Mailed check,55.65,7.411465649262526
Yes,No,No,2,No phone service,DSL,No,No,No,No,No,No,Month-to-month,Yes,Mailed check,24.45,3.8815637979434374
Yes,Yes,No,50,Yes,No,No internet service,No internet service,No internet service,No internet service,No internet service,No internet service,One year,No,Electronic check,25.2,7.175719220567815
No,No,No,9,No phone service,DSL,Yes,No,Yes,Yes,No,Yes,One year,No,Mailed check,50.8,6.141176820336309
No,Yes,Yes,3,No,No,No internet service,No internet service,No internet service,No internet service,No internet service,No internet service,Month-to-month,No,Mailed check,19.65,4.121473229610353
No,No,Yes,14,No,DSL,No,No,Yes,No,Yes,No,Month-to-month,Yes,Credit card (automatic),59.8,6.716413158967099
Yes,No,No,31,No,Fiber optic,Yes,No,No,No,No,No,Month-to-month,Yes,Credit card (automatic),73.55,7.647619046764605
No,No,No,7,No,DSL,Yes,Yes,Yes,No,No,No,Month-to-month,No,Electronic check,61.4,6.086547428354674
No,No,No,8,Yes,Fiber optic,Yes,No,No,Yes,Yes,Yes,Month-to-month,Yes,Bank transfer (automatic),103.35,6.743234346813689
No,Yes,Yes,17,No,No,No internet service,No internet service,No internet service,No internet service,No internet service,No internet service,One year,No,Bank transfer (automatic),19.9,5.801362802995065
No,Yes,Yes,32,No,No,No internet service,No internet service,No internet service,No internet service,No internet service,No internet service,Month-to-month,Yes,Credit card (automatic),19.45,6.515527173905968
Yes,No,No,2,No,Fiber optic,No,No,No,No,Yes,No,Month-to-month,No,Mailed check,81.5,5.097118753984393
Yes,No,No,7,Yes,Fiber optic,No,No,No,No,Yes,No,Month-to-month,Yes,Electronic check,84.8,6.306184041909401
No,Yes,Yes,72,Yes,Fiber optic,Yes,Yes,Yes,No,Yes,Yes,Two year,No,Credit card (automatic),109.55,8.973129589492205
Yes,No,No,31,Yes,Fiber optic,No,Yes,No,No,Yes,Yes,Month-to-month,Yes,Electronic check,99.95,8.06703924718298
No,Yes,Yes,27,No,Fiber optic,Yes,No,No,No,No,No,Month-to-month,No,Mailed check,74.4,7.587487885120221
No,No,No,18,Yes,Fiber optic,No,Yes,No,No,Yes,No,Month-to-month,Yes,Credit card (automatic),90.0,7.331944001088404
No,No,No,7,No,Fiber optic,No,No,Yes,No,No,No,Month-to-month,Yes,Electronic check,74.9,6.197563663812933
Yes,No,No,14,Yes,Fiber optic,No,Yes,Yes,No,Yes,Yes,Month-to-month,Yes,Electronic check,104.85,7.334590412826494
No,Yes,Yes,11,No,DSL,No,No,Yes,No,Yes,No,Month-to-month,Yes,Bank transfer (automatic),59.65,6.5283233479207885
No,Yes,Yes,72,Yes,Fiber optic,Yes,No,Yes,Yes,Yes,Yes,Two year,Yes,Bank transfer (automatic),110.45,8.994650224905662
No,Yes,Yes,28,Yes,Fiber optic,Yes,Yes,No,No,Yes,Yes,One year,No,Electronic check,106.1,7.954512712107969
Yes,No,No,15,Yes,Fiber optic,No,No,No,No,No,No,Month-to-month,Yes,Credit card (automatic),74.2,7.034299820307093
Yes,No,No,4,Yes,Fiber optic,No,No,No,No,No,No,Month-to-month,Yes,Electronic check,74.45,5.688499617791684
No,No,No,71,Yes,No,No internet service,No internet service,No internet service,No internet service,No internet service,No internet service,Two year,No,Electronic check,24.55,7.450166775307315
No,No,No,5,No,Fiber optic,No,Yes,No,Yes,No,Yes,Month-to-month,Yes,Electronic check,89.35,6.137078895912954
No,Yes,Yes,47,Yes,No,No internet service,No internet service,No internet service,No internet service,No internet service,No internet service,Two year,No,Mailed check,24.55,7.057424503500842
Yes,Yes,No,57,No,Fiber optic,No,Yes,Yes,No,Yes,No,One year,Yes,Electronic check,90.65,8.556567738890259
Yes,Yes,No,50,Yes,Fiber optic,Yes,No,Yes,No,Yes,Yes,Two year,Yes,Credit card (automatic),105.05,8.5495248447795
No,No,No,8,No,No,No internet service,No internet service,No internet service,No internet service,No internet service,No internet service,Month-to-month,Yes,Credit card (automatic),20.45,5.095588999976419
No,Yes,Yes,48,No,No,No internet service,No internet service,No internet service,No internet service,No internet service,No internet service,Two year,No,Mailed check,19.55,6.784852911880803
No,No,No,70,No,No,No internet service,No internet service,No internet service,No internet service,No internet service,No internet service,One year,No,Bank transfer (automatic),19.7,7.20228882638302
No,No,Yes,1,No,DSL,Yes,Yes,No,Yes,No,Yes,Month-to-month,Yes,Bank transfer (automatic),70.45,4.268997904375876
No,Yes,No,8,Yes,Fiber optic,No,No,No,No,No,Yes,Month-to-month,Yes,Bank transfer (automatic),85.65,6.492921420869872
No,No,No,1,Yes,Fiber optic,No,No,No,No,No,No,Month-to-month,Yes,Electronic check,77.15,4.358630056867486
No,No,No,1,No phone service,DSL,No,No,No,No,No,Yes,Month-to-month,Yes,Bank transfer (automatic),35.25,3.590439381300684
No,Yes,Yes,60,No,No,No internet service,No internet service,No internet service,No internet service,No internet service,No internet service,Two year,No,Mailed check,20.55,7.095105835797533
No,Yes,Yes,49,Yes,Fiber optic,No,No,No,Yes,Yes,Yes,One year,Yes,Electronic check,97.95,8.500840207253466
No,Yes,No,4,No phone service,DSL,No,Yes,No,No,Yes,Yes,Month-to-month,Yes,Electronic check,48.55,5.308267697401205
No,No,No,29,No,No,No internet service,No internet service,No internet service,No internet service,No internet service,No internet service,One year,No,Mailed check,20.0,6.3974295302577975
No,Yes,No,67,Yes,No,No internet service,No internet service,No internet service,No internet service,No internet service,No internet service,Two year,Yes,Credit card (automatic),25.25,7.458272658789441
No,Yes,No,53,Yes,Fiber optic,No,Yes,No,No,Yes,Yes,Month-to-month,Yes,Credit card (automatic),98.4,8.546849076323747
No,Yes,No,67,Yes,DSL,Yes,Yes,Yes,Yes,No,No,Two year,No,Credit card (automatic),70.9,8.450647323572339
No,Yes,Yes,6,No,No,No internet service,No internet service,No internet service,No internet service,No internet service,No internet service,Month-to-month,No,Mailed check,19.85,4.789988622980633
No,No,No,47,Yes,Fiber optic,No,Yes,Yes,No,Yes,Yes,Month-to-month,Yes,Electronic check,106.35,8.48675460227567
No,No,No,53,No,Fiber optic,Yes,Yes,Yes,Yes,No,Yes,Two year,No,Mailed check,99.5,8.598819260296182
No,Yes,No,69,No,DSL,Yes,Yes,Yes,Yes,Yes,Yes,Two year,Yes,Mailed check,84.7,8.679295033945333
No,No,No,3,No,Fiber optic,Yes,No,No,No,No,Yes,Month-to-month,Yes,Mailed check,86.05,5.504721593857949
No,No,No,4,No,DSL,No,No,No,No,No,No,Month-to-month,No,Mailed check,44.55,5.401550621189688
No,Yes,Yes,56,Yes,DSL,Yes,Yes,No,Yes,No,Yes,Two year,Yes,Credit card (automatic),75.85,8.357540737883225
Yes,Yes,No,59,Yes,Fiber optic,No,No,No,No,Yes,Yes,Month-to-month,Yes,Bank transfer (automatic),93.85,8.626182116428067
Yes,Yes,No,61,Yes,No,No internet service,No internet service,No internet service,No internet service,No internet service,No internet service,Two year,No,Bank transfer (automatic),25.0,7.315052041919271
No,Yes,No,2,No,DSL,No,No,No,No,No,No,Month-to-month,Yes,Electronic check,45.0,4.5081084731449605
Yes,Yes,Yes,46,Yes,Fiber optic,Yes,Yes,Yes,No,Yes,No,Month-to-month,Yes,Electronic check,100.7,8.421166755161494
No,Yes,Yes,12,No,No,No internet service,No internet service,No internet service,No internet service,No internet service,No internet service,Month-to-month,No,Mailed check,20.5,5.547128664610824
No,No,No,14,Yes,Fiber optic,No,No,Yes,No,No,No,Month-to-month,Yes,Electronic check,80.45,6.9782137426306985
No,Yes,Yes,28,Yes,Fiber optic,No,No,No,Yes,No,Yes,One year,Yes,Electronic check,90.45,7.828137628759546
No,No,No,24,No,DSL,Yes,Yes,No,Yes,No,No,Month-to-month,No,Bank transfer (automatic),60.45,7.273612932495522
No,No,No,31,No,DSL,No,No,Yes,Yes,No,No,Month-to-month,Yes,Electronic check,55.25,7.448129996204678
No,Yes,Yes,68,Yes,DSL,Yes,Yes,Yes,Yes,No,Yes,One year,Yes,Electronic check,78.45,8.581922319387171
No,No,Yes,39,Yes,Fiber optic,No,No,No,Yes,Yes,Yes,Two year,No,Mailed check,100.55,8.26779549645639
No,Yes,No,42,No,No,No internet service,No internet service,No internet service,No internet service,No internet service,No internet service,Month-to-month,No,Credit card (automatic),20.35,6.7695271596986935
No,Yes,No,13,No phone service,DSL,Yes,No,No,Yes,Yes,Yes,Month-to-month,Yes,Electronic check,54.45,6.562232206840506
No,Yes,No,6,Yes,Fiber optic,No,Yes,No,No,No,Yes,Month-to-month,Yes,Electronic check,90.75,6.240763055899043
No,No,No,35,Yes,Fiber optic,No,No,No,No,No,No,Month-to-month,No,Credit card (automatic),75.35,7.877416147113993
No,Yes,No,38,No,No,No internet service,No internet service,No internet service,No internet service,No internet service,No internet service,One year,Yes,Credit card (automatic),20.25,6.70410793547343
No,No,No,18,No,No,No internet service,No internet service,No internet service,No internet service,No internet service,No internet service,Two year,No,Credit card (automatic),20.05,5.96512057176838
No,Yes,No,4,No,No,No internet service,No internet service,No internet service,No internet service,No internet service,No internet service,Month-to-month,No,Mailed check,19.6,4.548070593947519
No,Yes,No,27,No,DSL,No,Yes,No,Yes,No,No,Month-to-month,Yes,Electronic check,53.8,7.237670350019569
No,No,Yes,41,No,DSL,Yes,Yes,Yes,No,Yes,No,One year,No,Mailed check,70.2,7.970930354691506
No,Yes,Yes,50,No,DSL,Yes,No,No,Yes,Yes,Yes,One year,No,Electronic check,75.5,8.300677626392249
No,Yes,Yes,72,No,No,No internet service,No internet service,No internet service,No internet service,No internet service,No internet service,Two year,No,Electronic check,20.35,7.211851892702013
No,No,No,70,Yes,No,No internet service,No internet service,No internet service,No internet service,No internet service,No internet service,One year,No,Credit card (automatic),26.05,7.526932939341908
No,Yes,Yes,44,No,No,No internet service,No internet service,No internet service,No internet service,No internet service,No internet service,One year,No,Bank transfer (automatic),20.6,6.831953565565855
No,No,No,2,No,Fiber optic,Yes,No,No,No,No,No,Month-to-month,Yes,Electronic check,75.7,5.24807615011129
No,Yes,Yes,34,No,No,No internet service,No internet service,No internet service,No internet service,No internet service,No internet service,One year,Yes,Bank transfer (automatic),20.1,6.526641261737804
Yes,Yes,No,72,Yes,No,No internet service,No internet service,No internet service,No internet service,No internet service,No internet service,Two year,No,Bank transfer (automatic),24.3,7.48420008975594
No,Yes,No,71,Yes,No,No internet service,No internet service,No internet service,No internet service,No internet service,No internet service,Two year,Yes,Electronic check,24.5,7.505052133885248
No,No,No,64,Yes,Fiber optic,No,Yes,Yes,Yes,Yes,Yes,Two year,Yes,Credit card (automatic),110.5,8.86365111894437
No,Yes,No,72,Yes,No,No internet service,No internet service,No internet service,No internet service,No internet service,No internet service,Two year,Yes,Bank transfer (automatic),25.25,7.518715788554135
No,No,No,1,Yes,Fiber optic,No,No,No,No,No,No,Month-to-month,Yes,Mailed check,74.25,4.3208159036289855
Yes,Yes,No,29,No,Fiber optic,Yes,No,Yes,No,No,Yes,One year,No,Bank transfer (automatic),90.1,7.885216366086096
No,Yes,No,23,No,DSL,Yes,No,Yes,Yes,No,Yes,One year,Yes,Bank transfer (automatic),68.75,7.4327500446623205
No,Yes,Yes,52,No,No,No internet service,No internet service,No internet service,No internet service,No internet service,No internet service,Two year,No,Mailed check,19.2,6.962006693814053
Yes,No,No,25,Yes,Fiber optic,No,Yes,No,No,No,Yes,Month-to-month,Yes,Electronic check,89.7,7.69099450306862
No,No,No,64,Yes,Fiber optic,Yes,Yes,Yes,Yes,Yes,Yes,Two year,Yes,Bank transfer (automatic),115.1,8.900419507186433
Yes,No,No,16,Yes,Fiber optic,No,No,No,No,Yes,Yes,Month-to-month,Yes,Electronic check,96.4,7.366571562587296
Yes,No,No,1,No,Fiber optic,No,No,No,No,No,No,Month-to-month,Yes,Bank transfer (automatic),69.5,4.255612709818223
No,No,No,24,Yes,Fiber optic,No,Yes,No,No,Yes,Yes,Month-to-month,Yes,Bank transfer (automatic),99.65,7.785658550451497
No,Yes,No,2,Yes,Fiber optic,No,No,Yes,No,Yes,No,Month-to-month,Yes,Electronic check,91.45,5.15010733938285
No,Yes,Yes,34,No,DSL,Yes,Yes,Yes,Yes,Yes,Yes,Two year,No,Mailed check,84.75,7.95171776930749
Yes,Yes,No,36,Yes,Fiber optic,No,No,No,No,No,Yes,Month-to-month,Yes,Credit card (automatic),85.25,8.049985649472504
No,Yes,Yes,53,Yes,DSL,No,No,Yes,Yes,Yes,Yes,One year,Yes,Mailed check,78.75,8.279811253665487
No,Yes,Yes,47,No,No,No internet service,No internet service,No internet service,No internet service,No internet service,No internet service,Two year,No,Credit card (automatic),20.25,6.773537936862329
No,No,Yes,72,No,No,No internet service,No internet service,No internet service,No internet service,No internet service,No internet service,Two year,No,Credit card (automatic),19.9,7.33344776077027
No,Yes,Yes,72,Yes,Fiber optic,Yes,Yes,No,Yes,No,Yes,Two year,Yes,Credit card (automatic),97.75,8.852607726010682
No,No,No,1,No,No,No internet service,No internet service,No internet service,No internet service,No internet service,No internet service,Month-to-month,No,Mailed check,19.4,3.0155349008501706
No,No,No,9,Yes,Fiber optic,No,No,No,No,No,Yes,Month-to-month,Yes,Electronic check,83.3,6.689972333910023
No,No,No,8,No,Fiber optic,No,No,No,No,Yes,No,Month-to-month,Yes,Bank transfer (automatic),80.1,6.522533877351015
Yes,No,No,45,No,DSL,Yes,No,Yes,No,No,Yes,One year,No,Credit card (automatic),62.7,7.934692530943356
No,No,No,7,No,Fiber optic,No,No,Yes,Yes,Yes,Yes,Month-to-month,Yes,Electronic check,100.4,6.573680166960646
No,Yes,No,71,Yes,No,No internet service,No internet service,No internet service,No internet service,No internet service,No internet service,Two year,Yes,Credit card (automatic),24.45,7.428095495116713
Yes,No,No,41,No,Fiber optic,No,No,Yes,Yes,Yes,Yes,One year,Yes,Bank transfer (automatic),101.1,8.298340421519184
No,Yes,Yes,67,No phone service,DSL,Yes,No,No,No,Yes,Yes,Two year,No,Credit card (automatic),50.9,8.09640630201026
No,Yes,No,69,Yes,Fiber optic,Yes,Yes,Yes,Yes,No,Yes,One year,Yes,Credit card (automatic),107.2,8.898106010421563
Yes,Yes,No,70,Yes,DSL,Yes,Yes,Yes,Yes,Yes,Yes,Two year,Yes,Bank transfer (automatic),92.2,8.775773382222358
No,No,No,25,Yes,No,No internet service,No internet service,No internet service,No internet service,No internet service,No internet service,One year,No,Bank transfer (automatic),25.3,6.518188126026746
No,No,No,72,Yes,Fiber optic,Yes,Yes,Yes,Yes,Yes,Yes,Two year,No,Bank transfer (automatic),113.4,9.007624252726995
No,Yes,Yes,34,No phone service,DSL,No,No,No,Yes,Yes,No,Two year,Yes,Electronic check,40.55,7.190562991017657
No,Yes,Yes,65,Yes,No,No internet service,No internet service,No internet service,No internet service,No internet service,No internet service,Two year,No,Credit card (automatic),26.0,7.412069751132471
No,No,No,70,Yes,Fiber optic,Yes,Yes,Yes,Yes,Yes,Yes,Two year,Yes,Credit card (automatic),111.95,8.961487910566197
No,Yes,Yes,72,No phone service,DSL,Yes,No,Yes,No,Yes,Yes,Two year,Yes,Credit card (automatic),53.8,8.282343894409381
No,No,Yes,35,No,DSL,No,No,No,Yes,Yes,Yes,One year,Yes,Mailed check,72.1,7.822504823837463
No,No,No,13,Yes,Fiber optic,Yes,No,No,No,Yes,Yes,Month-to-month,No,Mailed check,98.15,7.115785192486299
No,Yes,No,12,Yes,DSL,Yes,No,Yes,No,Yes,Yes,One year,No,Electronic check,78.85,6.7773618150485415
No,Yes,Yes,62,No,DSL,Yes,No,Yes,Yes,Yes,No,One year,Yes,Bank transfer (automatic),70.75,8.358068494986478
No,No,No,25,No,DSL,Yes,No,No,Yes,Yes,Yes,Month-to-month,Yes,Credit card (automatic),76.15,7.597872874981718
No,No,No,52,No phone service,DSL,Yes,Yes,No,Yes,No,No,Two year,No,Mailed check,39.1,7.592416555891784
Yes,No,No,8,No,Fiber optic,No,No,No,No,No,No,Month-to-month,Yes,Credit card (automatic),69.95,6.334522195087529
No,No,No,2,No,No,No internet service,No internet service,No internet service,No internet service,No internet service,No internet service,Month-to-month,No,Mailed check,20.05,3.5467396869528134
No,Yes,Yes,56,No,No,No internet service,No internet service,No internet service,No internet service,No internet service,No internet service,Two year,No,Mailed check,20.05,6.994941640661053
No,No,No,12,No,No,No internet service,No internet service,No internet service,No internet service,No internet service,No internet service,Month-to-month,No,Bank transfer (automatic),19.45,5.431317368009281
No,Yes,No,47,Yes,No,No internet service,No internet service,No internet service,No internet service,No internet service,No internet service,One year,No,Electronic check,26.9,7.132377736175746
Yes,No,No,2,No,No,No internet service,No internet service,No internet service,No internet service,No internet service,No internet service,Month-to-month,No,Electronic check,19.2,3.6428355156125294
No,No,No,18,No,DSL,No,No,Yes,No,No,No,Month-to-month,Yes,Mailed check,50.0,6.795370148387346
No,No,No,8,No,DSL,Yes,No,No,No,Yes,No,Month-to-month,Yes,Electronic check,60.0,6.1918511112995755
No,Yes,No,45,Yes,Fiber optic,Yes,No,Yes,No,No,No,Month-to-month,Yes,Mailed check,84.55,8.220120498111084
No,No,No,3,No,DSL,No,No,No,No,No,No,Month-to-month,No,Mailed check,45.45,4.960744524482791
No,No,No,38,No,No,No internet service,No internet service,No internet service,No internet service,No internet service,No internet service,One year,No,Mailed check,20.05,6.520915634997138
No,Yes,No,72,Yes,Fiber optic,Yes,Yes,Yes,Yes,Yes,Yes,Two year,Yes,Electronic check,115.55,9.039113045987753
No,No,No,46,Yes,Fiber optic,Yes,Yes,No,No,No,Yes,Month-to-month,Yes,Electronic check,93.7,8.33226022786578
No,Yes,Yes,71,Yes,Fiber optic,Yes,Yes,Yes,No,Yes,No,Two year,Yes,Credit card (automatic),99.0,8.862575614167206
No,Yes,Yes,66,No phone service,DSL,No,No,No,Yes,Yes,Yes,Two year,No,Bank transfer (automatic),50.55,8.121346675973896
Yes,No,No,25,Yes,Fiber optic,No,Yes,Yes,No,Yes,Yes,Month-to-month,No,Mailed check,105.95,7.884670632672727
No,No,No,18,Yes,DSL,No,No,Yes,Yes,Yes,Yes,One year,Yes,Credit card (automatic),82.0,7.2629441192155655
No,Yes,Yes,13,Yes,No,No internet service,No internet service,No internet service,No internet service,No internet service,No internet service,Two year,Yes,Bank transfer (automatic),25.0,5.809642865355678
No,Yes,Yes,65,Yes,DSL,Yes,Yes,Yes,Yes,Yes,Yes,Two year,No,Bank transfer (automatic),91.55,8.693655952267212
No,Yes,No,60,Yes,Fiber optic,No,Yes,Yes,No,Yes,No,Month-to-month,Yes,Electronic check,95.75,8.65589370110576
No,Yes,Yes,15,No,No,No internet service,No internet service,No internet service,No internet service,No internet service,No internet service,Two year,No,Mailed check,19.35,5.634253745337369
No,Yes,No,72,Yes,No,No internet service,No internet service,No internet service,No internet service,No internet service,No internet service,Two year,No,Credit card (automatic),24.85,7.535216613812627
No,Yes,No,30,Yes,Fiber optic,No,No,No,No,Yes,Yes,Month-to-month,Yes,Credit card (automatic),94.05,7.961178412059873
No,Yes,Yes,42,No,Fiber optic,No,No,Yes,Yes,Yes,Yes,Two year,Yes,Electronic check,100.4,8.367451112743733
No,Yes,No,71,Yes,No,No internet service,No internet service,No internet service,No internet service,No internet service,No internet service,Two year,No,Bank transfer (automatic),25.0,7.469654172932128
No,No,No,1,No,DSL,No,No,No,No,No,Yes,Month-to-month,Yes,Mailed check,54.75,4.020877410340228
Yes,No,No,39,Yes,Fiber optic,No,No,No,No,Yes,Yes,Month-to-month,Yes,Bank transfer (automatic),95.65,8.232187534167865
No,No,No,35,No,No,No internet service,No internet service,No internet service,No internet service,No internet service,No internet service,Month-to-month,No,Bank transfer (automatic),19.25,6.427539684659985
No,Yes,Yes,53,No,Fiber optic,No,Yes,Yes,Yes,Yes,Yes,Month-to-month,Yes,Bank transfer (automatic),108.25,8.688807631066505
No,No,No,1,Yes,Fiber optic,No,No,No,No,Yes,Yes,Month-to-month,Yes,Electronic check,94.6,4.560172820057356
Yes,Yes,Yes,31,No,Fiber optic,No,No,Yes,Yes,Yes,Yes,Month-to-month,Yes,Electronic check,98.9,7.976698425988199
No,No,No,48,No,No,No internet service,No internet service,No internet service,No internet service,No internet service,No internet service,Two year,No,Credit card (automatic),20.15,6.891575082753099
Yes,No,Yes,30,Yes,Fiber optic,No,No,No,Yes,Yes,Yes,Month-to-month,Yes,Electronic check,101.3,7.998167371084906
No,No,No,10,No,No,No internet service,No internet service,No internet service,No internet service,No internet service,No internet service,Month-to-month,No,Credit card (automatic),20.0,5.296816240421769
No,No,Yes,12,Yes,Fiber optic,No,Yes,Yes,No,Yes,Yes,Month-to-month,Yes,Electronic check,105.3,7.15199473859108
Yes,No,No,57,No,DSL,Yes,No,Yes,Yes,Yes,No,Two year,No,Bank transfer (automatic),69.85,8.295049140435111
No,Yes,No,58,No,DSL,Yes,Yes,No,No,Yes,No,Month-to-month,Yes,Credit card (automatic),65.25,8.240807078706307
No,No,No,37,No,No,No internet service,No internet service,No internet service,No internet service,No internet service,No internet service,Two year,No,Mailed check,19.8,6.702328848473085
No,Yes,Yes,44,No,No,No internet service,No internet service,No internet service,No internet service,No internet service,No internet service,Month-to-month,No,Mailed check,19.6,6.660895201050611
No,No,Yes,27,No,No,No internet service,No internet service,No internet service,No internet service,No internet service,No internet service,One year,No,Credit card (automatic),20.05,6.316984165039059
No,No,No,8,No,DSL,No,No,No,Yes,No,No,Month-to-month,No,Electronic check,49.4,6.014326216251244
Yes,No,No,3,Yes,Fiber optic,No,No,No,No,No,No,Month-to-month,Yes,Electronic check,76.05,5.450179715857283
Yes,Yes,No,25,No,Fiber optic,No,Yes,Yes,No,No,Yes,Month-to-month,No,Bank transfer (automatic),88.4,7.69263807638357
No,Yes,Yes,57,Yes,Fiber optic,No,Yes,No,No,Yes,Yes,Month-to-month,Yes,Electronic check,100.6,8.632787166159483
No,No,No,12,No,No,No internet service,No internet service,No internet service,No internet service,No internet service,No internet service,Month-to-month,No,Mailed check,19.45,5.510399970502822
No,Yes,Yes,62,No,No,No internet service,No internet service,No internet service,No internet service,No internet service,No internet service,Two year,No,Bank transfer (automatic),20.3,7.167924829132794
No,Yes,No,65,Yes,Fiber optic,No,Yes,Yes,Yes,Yes,Yes,Two year,Yes,Bank transfer (automatic),107.65,8.865572824200845
No,Yes,No,71,Yes,DSL,No,No,Yes,Yes,Yes,Yes,Two year,Yes,Bank transfer (automatic),80.45,8.641753211351645
No,Yes,Yes,21,No,DSL,No,Yes,No,No,Yes,No,One year,Yes,Credit card (automatic),58.85,7.103692059858131
No,Yes,No,71,Yes,Fiber optic,Yes,Yes,Yes,No,Yes,Yes,One year,Yes,Electronic check,109.6,8.968924646624515
No,No,No,7,No,Fiber optic,No,No,Yes,No,No,No,Month-to-month,Yes,Electronic check,75.15,6.26530121273771
No,No,No,72,No,DSL,Yes,Yes,Yes,Yes,No,Yes,Two year,Yes,Credit card (automatic),73.0,8.569064318826127
No,No,No,1,No,Fiber optic,No,No,No,No,No,No,Month-to-month,No,Electronic check,70.1,4.264087336809195
No,Yes,Yes,72,Yes,Fiber optic,No,Yes,Yes,Yes,No,Yes,Two year,Yes,Bank transfer (automatic),98.65,8.87212962502125
No,Yes,Yes,64,Yes,Fiber optic,No,Yes,Yes,Yes,Yes,Yes,One year,Yes,Electronic check,111.45,8.891229550020741
No,No,No,72,Yes,Fiber optic,Yes,Yes,Yes,Yes,Yes,Yes,Two year,Yes,Electronic check,114.9,9.047550817627512
No,No,No,29,Yes,Fiber optic,No,No,Yes,No,Yes,Yes,Month-to-month,No,Bank transfer (automatic),100.55,7.965458763806616
No,No,No,13,No,No,No internet service,No internet service,No internet service,No internet service,No internet service,No internet service,Two year,Yes,Mailed check,20.4,5.569488886872828
No,No,No,31,Yes,Fiber optic,Yes,Yes,No,No,Yes,Yes,Month-to-month,No,Electronic check,104.35,8.072966464754737
Yes,No,No,1,No,Fiber optic,No,No,No,No,No,No,Month-to-month,Yes,Electronic check,69.75,4.259152536523347
No,Yes,Yes,7,No phone service,DSL,Yes,No,No,Yes,No,No,Month-to-month,Yes,Electronic check,34.5,5.635682061952269
No,Yes,No,61,Yes,Fiber optic,No,Yes,Yes,No,Yes,Yes,Month-to-month,Yes,Electronic check,105.55,8.745515310770877
No,No,Yes,39,No phone service,DSL,No,No,Yes,No,No,No,Month-to-month,No,Credit card (automatic),30.1,7.032006241319994
No,Yes,No,10,No,Fiber optic,No,No,No,No,No,No,Month-to-month,Yes,Electronic check,70.3,6.605568520327474
No,Yes,Yes,14,Yes,DSL,No,Yes,No,Yes,Yes,Yes,Month-to-month,No,Credit card (automatic),80.45,7.037071550452193
No,No,No,1,Yes,Fiber optic,No,Yes,No,No,No,No,Month-to-month,Yes,Mailed check,80.2,4.396915247167632
No,Yes,Yes,67,Yes,Fiber optic,Yes,No,No,Yes,No,Yes,One year,Yes,Credit card (automatic),94.35,8.7550204081156
No,No,No,72,Yes,DSL,Yes,Yes,Yes,Yes,Yes,Yes,Two year,Yes,Bank transfer (automatic),91.35,8.809594112567959
No,Yes,Yes,6,No,DSL,No,No,No,No,No,No,Month-to-month,Yes,Bank transfer (automatic),44.6,5.5675808534758
No,No,No,1,No,No,No internet service,No internet service,No internet service,No internet service,No internet service,No internet service,Month-to-month,Yes,Mailed check,19.6,3.0252910757955354
No,Yes,Yes,25,No,No,No internet service,No internet service,No internet service,No internet service,No internet service,No internet service,One year,No,Electronic check,19.9,6.227425602132806
Yes,No,No,33,Yes,Fiber optic,No,Yes,Yes,Yes,Yes,Yes,Month-to-month,Yes,Electronic check,110.45,8.20424801033883
No,No,No,18,No,DSL,Yes,No,Yes,Yes,Yes,No,Month-to-month,Yes,Electronic check,68.35,7.170734738793546
No,Yes,No,71,No,DSL,No,Yes,Yes,Yes,Yes,Yes,Two year,Yes,Credit card (automatic),79.1,8.624404992387447
Yes,Yes,Yes,28,Yes,DSL,No,No,No,No,No,No,One year,Yes,Electronic check,51.0,7.2318657080474695
No,No,Yes,2,Yes,Fiber optic,Yes,No,No,No,No,No,Month-to-month,No,Credit card (automatic),80.55,5.242275975664412
No,Yes,Yes,17,Yes,DSL,No,Yes,Yes,Yes,No,No,Month-to-month,Yes,Mailed check,66.7,6.982909132582561
No,No,No,56,Yes,Fiber optic,Yes,Yes,No,No,No,No,Month-to-month,Yes,Electronic check,86.4,8.501754627727045
No,Yes,No,60,No phone service,DSL,Yes,Yes,Yes,No,No,Yes,One year,No,Electronic check,50.05,7.976767097873956
No,No,No,33,Yes,No,No internet service,No internet service,No internet service,No internet service,No internet service,No internet service,Two year,No,Credit card (automatic),25.7,6.717925606697861
No,No,No,1,No,Fiber optic,Yes,Yes,No,Yes,No,No,Month-to-month,Yes,Mailed check,83.4,4.4355674016019115
No,No,No,2,No,Fiber optic,No,No,No,No,No,No,Month-to-month,No,Credit card (automatic),70.7,4.953712146696635
No,Yes,No,63,Yes,Fiber optic,Yes,No,No,Yes,No,No,Two year,Yes,Credit card (automatic),84.65,8.590220579949715
Yes,Yes,No,7,Yes,Fiber optic,No,No,Yes,No,Yes,Yes,Month-to-month,Yes,Electronic check,99.25,6.501965118050027
No,No,No,55,No,DSL,No,Yes,Yes,No,No,Yes,Two year,Yes,Mailed check,64.75,8.193704305153153
No,Yes,No,65,Yes,Fiber optic,Yes,Yes,No,Yes,Yes,No,One year,Yes,Bank transfer (automatic),100.15,8.801544723771562
No,Yes,No,1,No,Fiber optic,No,No,No,Yes,Yes,No,Month-to-month,Yes,Electronic check,84.8,4.4520190064939165
No,No,No,63,Yes,No,No internet service,No internet service,No internet service,No internet service,No internet service,No internet service,Two year,No,Mailed check,25.25,7.352633389447137
Yes,Yes,No,70,Yes,Fiber optic,Yes,Yes,Yes,Yes,Yes,Yes,Two year,Yes,Credit card (automatic),113.0,8.985770804383893
No,Yes,Yes,36,No phone service,DSL,Yes,No,Yes,Yes,No,No,Two year,No,Credit card (automatic),40.65,7.344945126784543
No,No,No,52,No,Fiber optic,No,Yes,Yes,Yes,Yes,Yes,One year,Yes,Bank transfer (automatic),105.0,8.59929838608508
No,No,No,22,Yes,DSL,Yes,No,No,No,No,No,Month-to-month,Yes,Electronic check,54.45,7.028511667617919
No,No,No,22,No,Fiber optic,No,Yes,Yes,Yes,No,Yes,Month-to-month,Yes,Bank transfer (automatic),94.95,7.670335234257419
Yes,No,No,5,No,DSL,Yes,Yes,No,Yes,No,No,Month-to-month,No,Credit card (automatic),59.9,5.665907522227275
No,Yes,No,47,No,Fiber optic,No,No,Yes,No,No,Yes,Month-to-month,Yes,Electronic check,85.3,8.305644657320753
No,No,No,33,Yes,Fiber optic,No,No,No,No,No,Yes,Month-to-month,Yes,Electronic check,83.35,7.922569205214853
No,No,No,18,No phone service,DSL,No,Yes,Yes,No,No,No,Month-to-month,Yes,Credit card (automatic),33.5,6.398594934535208
No,No,No,1,No,No,No internet service,No internet service,No internet service,No internet service,No internet service,No internet service,Month-to-month,No,Credit card (automatic),19.8,3.0349529867072724
No,No,No,56,No,DSL,No,Yes,Yes,Yes,Yes,Yes,Two year,Yes,Credit card (automatic),81.8,8.419679585851359
No,No,No,2,No,No,No internet service,No internet service,No internet service,No internet service,No internet service,No internet service,Month-to-month,Yes,Mailed check,20.0,3.735285826928092
No,No,No,35,Yes,DSL,Yes,No,Yes,No,No,No,Month-to-month,Yes,Electronic check,59.6,7.647738334379114
No,Yes,No,64,Yes,No,No internet service,No internet service,No internet service,No internet service,No internet service,No internet service,Two year,No,Credit card (automatic),25.0,7.3688442908382985
No,No,No,15,Yes,Fiber optic,Yes,No,Yes,No,No,No,Month-to-month,Yes,Credit card (automatic),84.35,7.172923301551579
No,No,No,24,No,Fiber optic,No,No,No,No,Yes,Yes,Month-to-month,Yes,Electronic check,90.35,7.714007905647355
No,No,No,1,No,DSL,No,No,No,No,No,Yes,Month-to-month,No,Mailed check,55.55,4.03512520256213
No,Yes,Yes,70,No,DSL,Yes,No,No,Yes,Yes,Yes,Two year,No,Credit card (automatic),75.35,8.60130453403489
No,Yes,No,1,No,Fiber optic,No,No,No,No,Yes,Yes,Month-to-month,Yes,Electronic check,90.75,4.51906748693468
No,No,Yes,4,Yes,Fiber optic,No,Yes,No,No,Yes,No,Month-to-month,No,Mailed check,89.6,5.904407714539809
No,No,No,39,No,DSL,No,No,No,Yes,No,Yes,One year,No,Electronic check,59.3,7.700815665511677
No,No,No,29,Yes,DSL,Yes,No,No,No,No,Yes,Month-to-month,Yes,Electronic check,66.1,7.556506377239256
No,Yes,Yes,14,No,No,No internet service,No internet service,No internet service,No internet service,No internet service,No internet service,Two year,No,Mailed check,18.8,5.547323577387973
No,No,No,61,Yes,DSL,Yes,No,Yes,Yes,Yes,Yes,Two year,No,Credit card (automatic),86.45,8.55184579431566
No,No,Yes,13,No,DSL,Yes,No,No,No,No,No,Month-to-month,Yes,Credit card (automatic),52.1,6.509737371509022
No,No,No,66,No phone service,DSL,Yes,Yes,Yes,Yes,No,No,Two year,Yes,Mailed check,47.4,8.064086009830232
No,No,No,2,No phone service,DSL,No,No,Yes,No,Yes,Yes,Month-to-month,Yes,Electronic check,49.25,4.514698282824016
No,Yes,No,59,Yes,Fiber optic,Yes,Yes,Yes,No,Yes,Yes,One year,Yes,Credit card (automatic),109.15,8.788555315000922
No,Yes,Yes,62,Yes,Fiber optic,Yes,Yes,No,No,Yes,No,One year,Yes,Credit card (automatic),94.95,8.664379677441863
Yes,Yes,No,33,No,Fiber optic,Yes,Yes,No,Yes,No,Yes,One year,Yes,Electronic check,93.55,8.02502574946878
No,No,Yes,66,No,DSL,No,Yes,Yes,Yes,Yes,Yes,Two year,Yes,Credit card (automatic),79.5,8.55585605669363
No,No,No,72,Yes,Fiber optic,Yes,Yes,Yes,Yes,Yes,Yes,Two year,No,Credit card (automatic),115.05,9.036701015565063
No,No,Yes,1,No,No,No internet service,No internet service,No internet service,No internet service,No internet service,No internet service,Month-to-month,No,Mailed check,19.75,3.0325462466767075
No,No,No,19,Yes,Fiber optic,Yes,Yes,No,No,No,Yes,Month-to-month,Yes,Electronic check,95.15,7.49011055388705
No,Yes,Yes,51,Yes,Fiber optic,Yes,No,No,Yes,Yes,No,One year,Yes,Mailed check,95.15,8.517403169369324
No,No,No,63,Yes,Fiber optic,No,Yes,No,Yes,Yes,Yes,Month-to-month,No,Electronic check,105.4,8.81197996559795
No,No,No,27,No,No,No internet service,No internet service,No internet service,No internet service,No internet service,No internet service,One year,No,Bank transfer (automatic),20.1,6.334344780024526
No,No,No,22,Yes,Fiber optic,Yes,No,No,No,Yes,Yes,Month-to-month,Yes,Bank transfer (automatic),101.35,7.748503163607648
Yes,No,No,4,No,No,No internet service,No internet service,No internet service,No internet service,No internet service,No internet service,Month-to-month,No,Mailed check,20.05,4.5266679578331335
No,Yes,Yes,42,No,No,No internet service,No internet service,No internet service,No internet service,No internet service,No internet service,Two year,No,Mailed check,20.7,6.721244961566728
No,No,No,29,No,No,No internet service,No internet service,No internet service,No internet service,No internet service,No internet service,One year,No,Mailed check,20.35,6.427054640188066
No,No,No,4,No,Fiber optic,No,No,No,No,No,No,Month-to-month,Yes,Credit card (automatic),70.05,5.590613776550563
No,No,No,30,No,No,No internet service,No internet service,No internet service,No internet service,No internet service,No internet service,One year,No,Mailed check,19.7,6.439430240114957
No,Yes,No,4,Yes,Fiber optic,No,No,No,No,No,No,Month-to-month,Yes,Electronic check,74.65,5.711750644305378
No,Yes,Yes,71,No,DSL,Yes,Yes,Yes,Yes,Yes,Yes,Two year,No,Bank transfer (automatic),85.45,8.704651532315344
No,Yes,No,46,No phone service,DSL,Yes,No,Yes,Yes,No,No,Two year,No,Credit card (automatic),40.4,7.519529701076345
No,No,No,4,Yes,DSL,No,No,No,No,No,No,Month-to-month,No,Mailed check,50.4,5.335613151291733
No,No,No,7,Yes,Fiber optic,Yes,No,No,No,No,No,Month-to-month,Yes,Mailed check,79.65,6.406384813986902
No,No,No,69,Yes,Fiber optic,No,Yes,No,Yes,Yes,Yes,One year,Yes,Bank transfer (automatic),105.2,8.907483746153455
No,Yes,No,72,Yes,Fiber optic,Yes,Yes,Yes,No,Yes,No,Two year,No,Bank transfer (automatic),100.65,8.900419507186433
Yes,No,No,19,Yes,Fiber optic,No,No,Yes,No,No,No,Month-to-month,Yes,Electronic check,79.85,7.294886680401797
No,No,No,28,No,Fiber optic,No,No,Yes,Yes,No,Yes,Month-to-month,No,Electronic check,91.0,7.873654887408308
No,Yes,No,5,Yes,Fiber optic,No,Yes,No,No,No,No,Month-to-month,Yes,Electronic check,78.75,6.0236896944027185
Yes,Yes,No,72,Yes,Fiber optic,Yes,Yes,Yes,Yes,Yes,Yes,Two year,Yes,Credit card (automatic),116.75,9.021362712396742
Yes,Yes,Yes,8,No,Fiber optic,No,No,No,No,Yes,No,Month-to-month,Yes,Credit card (automatic),80.45,6.37067123405378
No,No,No,7,No,DSL,Yes,No,No,No,No,Yes,One year,Yes,Electronic check,59.1,5.914178453147908
No,No,No,22,No,DSL,Yes,No,No,No,No,No,Month-to-month,Yes,Electronic check,49.8,6.956593061065437
No,No,No,72,No,No,No internet service,No internet service,No internet service,No internet service,No internet service,No internet service,Two year,No,Bank transfer (automatic),19.3,7.2554500213400885
No,Yes,Yes,8,No,No,No internet service,No internet service,No internet service,No internet service,No internet service,No internet service,Month-to-month,No,Credit card (automatic),19.65,5.140200498450899
No,Yes,No,52,Yes,DSL,Yes,Yes,Yes,Yes,No,Yes,One year,Yes,Credit card (automatic),81.4,8.379183213454793
No,No,No,68,No phone service,DSL,Yes,No,Yes,Yes,No,No,Two year,No,Mailed check,38.9,7.908460685998653
No,Yes,No,71,Yes,DSL,Yes,Yes,Yes,Yes,Yes,Yes,Two year,No,Bank transfer (automatic),87.95,8.75878158590973
No,No,No,2,No,No,No internet service,No internet service,No internet service,No internet service,No internet service,No internet service,Month-to-month,No,Mailed check,19.85,3.9627161197436642
Yes,No,No,34,Yes,Fiber optic,No,Yes,No,Yes,Yes,No,Month-to-month,Yes,Electronic check,96.35,8.068167968555693
No,No,No,35,No phone service,DSL,No,No,No,No,No,No,Month-to-month,No,Electronic check,24.15,6.7013459266590925
No,Yes,Yes,61,No,No,No internet service,No internet service,No internet service,No internet service,No internet service,No internet service,One year,No,Credit card (automatic),19.1,7.042985228242241
No,No,No,1,No,DSL,No,No,No,No,No,No,Month-to-month,No,Electronic check,44.0,3.8066624897703196
No,No,No,1,Yes,DSL,No,No,No,No,No,No,Month-to-month,Yes,Mailed check,50.1,3.933784497209659
No,Yes,Yes,53,No,DSL,No,No,Yes,No,No,Yes,One year,No,Credit card (automatic),60.6,8.101071503119543
No,Yes,No,72,Yes,No,No internet service,No internet service,No internet service,No internet service,No internet service,No internet service,Two year,No,Bank transfer (automatic),25.65,7.543273346705446
No,Yes,No,2,No,Fiber optic,No,No,Yes,No,No,No,Month-to-month,No,Electronic check,76.4,5.02912987673242
No,No,No,3,No,Fiber optic,No,No,Yes,Yes,Yes,Yes,Month-to-month,Yes,Electronic check,98.7,5.685788211283922
Yes,No,No,13,Yes,Fiber optic,Yes,No,No,No,Yes,Yes,Month-to-month,Yes,Electronic check,100.8,7.177095157186053
Yes,Yes,No,41,No phone service,DSL,No,Yes,Yes,No,Yes,Yes,Month-to-month,Yes,Electronic check,53.95,7.703639536993195
No,Yes,No,24,No,No,No internet service,No internet service,No internet service,No internet service,No internet service,No internet service,One year,No,Credit card (automatic),20.4,6.181671598175927
No,Yes,Yes,28,No,Fiber optic,No,No,No,No,Yes,Yes,One year,Yes,Bank transfer (automatic),90.1,7.863247493055429
No,No,No,8,No phone service,DSL,Yes,No,No,No,No,No,Month-to-month,No,Mailed check,29.35,5.381968939043647
No,No,No,54,Yes,Fiber optic,No,No,Yes,Yes,No,Yes,Two year,Yes,Bank transfer (automatic),95.1,8.53027722096416
No,No,No,41,Yes,No,No internet service,No internet service,No internet service,No internet service,No internet service,No internet service,Month-to-month,Yes,Bank transfer (automatic),25.25,6.90520202219442
No,Yes,No,19,No,DSL,No,No,No,No,No,No,Month-to-month,No,Mailed check,44.9,6.734175402124937
No,Yes,Yes,72,Yes,DSL,Yes,Yes,Yes,Yes,Yes,Yes,Two year,No,Bank transfer (automatic),92.65,8.814924599721019
No,No,No,62,No phone service,DSL,Yes,Yes,Yes,Yes,No,No,Two year,Yes,Bank transfer (automatic),43.7,7.870662385484872
Yes,Yes,Yes,56,No,DSL,Yes,No,No,Yes,Yes,Yes,Two year,Yes,Credit card (automatic),72.6,8.315162682938405
No,No,No,15,Yes,DSL,No,No,No,No,No,No,Month-to-month,No,Electronic check,51.55,6.641834698311869
Yes,No,No,10,No,Fiber optic,No,No,No,No,No,Yes,Month-to-month,Yes,Electronic check,79.25,6.6777759166586454
No,Yes,Yes,32,No,No,No internet service,No internet service,No internet service,No internet service,No internet service,No internet service,Two year,No,Mailed check,18.95,6.42154096368842
No,No,No,21,No,No,No internet service,No internet service,No internet service,No internet service,No internet service,No internet service,Month-to-month,No,Credit card (automatic),20.5,6.001043521888305
No,Yes,Yes,62,No,No,No internet service,No internet service,No internet service,No internet service,No internet service,No internet service,One year,No,Bank transfer (automatic),19.95,7.127533172820045
No,No,No,2,No phone service,DSL,No,No,No,No,No,No,Month-to-month,No,Electronic check,24.5,3.858622228701031
No,No,Yes,27,No,No,No internet service,No internet service,No internet service,No internet service,No internet service,No internet service,Two year,No,Mailed check,20.6,6.367929863365841
No,No,No,5,Yes,Fiber optic,No,No,No,No,Yes,Yes,Month-to-month,Yes,Bank transfer (automatic),94.85,6.139453424821431
No,No,No,25,No phone service,DSL,Yes,Yes,Yes,No,Yes,Yes,One year,No,Electronic check,61.05,7.3403166127520025
No,No,No,2,Yes,Fiber optic,No,No,No,No,No,Yes,Month-to-month,Yes,Electronic check,85.7,5.14049328135447
No,No,No,49,Yes,Fiber optic,No,Yes,No,Yes,Yes,Yes,One year,Yes,Bank transfer (automatic),106.65,8.550453871110667
No,No,No,63,Yes,Fiber optic,Yes,Yes,Yes,No,Yes,Yes,Month-to-month,No,Credit card (automatic),108.25,8.821894609662555
No,No,Yes,4,No,No,No internet service,No internet service,No internet service,No internet service,No internet service,No internet service,Month-to-month,No,Credit card (automatic),20.4,4.5591262474866845
No,Yes,No,1,No,DSL,No,No,No,No,Yes,No,Month-to-month,Yes,Mailed check,55.3,4.030694535145645
No,No,No,11,No,No,No internet service,No internet service,No internet service,No internet service,No internet service,No internet service,Month-to-month,No,Mailed check,20.25,5.342334251964811
Yes,No,No,52,Yes,Fiber optic,No,No,No,No,No,No,Month-to-month,Yes,Bank transfer (automatic),72.95,8.250815885458286
Yes,Yes,No,60,Yes,Fiber optic,No,Yes,No,No,No,Yes,Month-to-month,No,Electronic check,89.45,8.574631566063502
No,No,No,64,Yes,Fiber optic,No,No,Yes,Yes,Yes,Yes,One year,Yes,Credit card (automatic),104.65,8.837942467572214
No,Yes,Yes,43,No,DSL,Yes,No,Yes,No,Yes,Yes,Two year,No,Bank transfer (automatic),75.2,8.088055075743789
No,Yes,No,61,Yes,Fiber optic,No,No,No,Yes,Yes,Yes,One year,No,Bank transfer (automatic),101.15,8.761691106636867
No,No,No,1,No,DSL,No,No,No,No,No,No,Month-to-month,No,Mailed check,44.4,3.8155121050473024
Yes,No,No,5,No,Fiber optic,No,No,No,No,Yes,Yes,Month-to-month,Yes,Electronic check,89.5,6.171074096398463
No,No,No,66,Yes,DSL,Yes,Yes,Yes,Yes,No,No,Two year,No,Bank transfer (automatic),68.75,8.40033347936539
No,Yes,No,67,No,Fiber optic,Yes,Yes,Yes,Yes,Yes,Yes,Two year,Yes,Electronic check,111.05,8.898645622392184
No,Yes,No,42,No,Fiber optic,No,No,Yes,Yes,Yes,Yes,Two year,Yes,Credit card (automatic),99.0,8.327484416188264
Yes,Yes,No,1,Yes,Fiber optic,No,No,No,No,Yes,No,Month-to-month,Yes,Electronic check,86.05,4.466482666214198
No,Yes,Yes,31,No,No,No internet service,No internet service,No internet service,No internet service,No internet service,No internet service,Two year,No,Mailed check,21.0,6.549221465558405
No,No,No,7,No,No,No internet service,No internet service,No internet service,No internet service,No internet service,No internet service,Month-to-month,Yes,Mailed check,19.4,5.13373749123024
No,No,No,4,No phone service,DSL,No,No,No,No,Yes,Yes,Month-to-month,Yes,Electronic check,44.55,5.1664987919271885
No,Yes,Yes,34,Yes,DSL,No,No,Yes,No,Yes,Yes,One year,No,Bank transfer (automatic),77.2,7.921100123670543
No,No,No,3,No,No,No internet service,No internet service,No internet service,No internet service,No internet service,No internet service,One year,Yes,Mailed check,19.45,4.2520603082138555
No,Yes,Yes,19,No phone service,DSL,No,No,No,No,No,No,Month-to-month,Yes,Mailed check,24.85,6.07718342251052
No,Yes,Yes,31,No phone service,DSL,Yes,No,No,Yes,No,No,Month-to-month,No,Bank transfer (automatic),35.4,6.983326465829211
No,No,No,1,Yes,Fiber optic,No,No,No,No,Yes,Yes,Month-to-month,No,Mailed check,95.65,4.57109620565434
No,No,No,3,No phone service,DSL,Yes,No,Yes,Yes,No,No,Month-to-month,No,Mailed check,41.35,4.684443366882599
No,Yes,No,46,No,No,No internet service,No internet service,No internet service,No internet service,No internet service,No internet service,Month-to-month,No,Electronic check,19.6,6.747821241065812
No,No,No,1,No,No,No internet service,No internet service,No internet service,No internet service,No internet service,No internet service,Month-to-month,No,Mailed check,20.95,3.08876713952118
No,Yes,Yes,69,Yes,Fiber optic,Yes,No,Yes,No,No,No,One year,No,Bank transfer (automatic),84.45,8.674128561819776
No,No,No,5,No,No,No internet service,No internet service,No internet service,No internet service,No internet service,No internet service,Month-to-month,No,Mailed check,20.25,4.707726774313183
No,No,No,1,No,No,No internet service,No internet service,No internet service,No internet service,No internet service,No internet service,Month-to-month,No,Bank transfer (automatic),19.65,3.027715319407042
No,No,No,26,No,No,No internet service,No internet service,No internet service,No internet service,No internet service,No internet service,One year,Yes,Credit card (automatic),20.65,6.3910792415379705
Yes,No,No,10,No phone service,DSL,No,No,No,No,No,Yes,Month-to-month,Yes,Electronic check,34.7,5.801513963149536
No,No,No,25,No,Fiber optic,No,No,Yes,Yes,Yes,Yes,Two year,No,Bank transfer (automatic),99.3,7.82982925561202
No,Yes,Yes,64,No,Fiber optic,Yes,Yes,No,No,No,No,Month-to-month,No,Electronic check,81.05,8.544097989465381
No,Yes,Yes,30,Yes,DSL,Yes,Yes,Yes,Yes,No,No,Month-to-month,No,Electronic check,67.6,7.60150227961405
No,No,No,13,No,Fiber optic,No,No,No,No,No,No,Month-to-month,Yes,Electronic check,70.15,6.838137212101267
No,Yes,No,64,Yes,Fiber optic,Yes,Yes,Yes,Yes,Yes,Yes,One year,Yes,Electronic check,115.0,8.908850069873543
No,No,Yes,46,Yes,Fiber optic,No,No,Yes,Yes,No,No,Month-to-month,Yes,Bank transfer (automatic),84.8,8.283961424743229
No,No,No,12,No,No,No internet service,No internet service,No internet service,No internet service,No internet service,No internet service,One year,No,Mailed check,19.7,5.567962751513666
No,No,No,15,No,No,No internet service,No internet service,No internet service,No internet service,No internet service,No internet service,Month-to-month,No,Bank transfer (automatic),19.75,5.698099691520703
No,Yes,Yes,17,Yes,Fiber optic,No,No,No,No,Yes,Yes,Month-to-month,Yes,Electronic check,92.55,7.323896527087536
No,Yes,Yes,13,No,DSL,Yes,No,Yes,No,No,Yes,Month-to-month,Yes,Mailed check,63.15,6.706617807930542
No,Yes,Yes,67,Yes,DSL,Yes,Yes,No,Yes,Yes,No,Two year,No,Credit card (automatic),74.0,8.490726005201067
No,Yes,No,24,No phone service,DSL,No,No,Yes,No,No,No,Month-to-month,No,Electronic check,29.1,6.535241271013659
No,No,No,6,No,DSL,No,No,No,Yes,No,No,Month-to-month,No,Mailed check,50.05,5.667637028019848
Yes,Yes,No,53,Yes,DSL,Yes,No,No,Yes,No,No,One year,Yes,Electronic check,60.05,8.080438634361066
Yes,Yes,No,16,No,Fiber optic,No,Yes,No,No,No,No,Month-to-month,Yes,Credit card (automatic),74.3,7.072633922164371
No,No,No,10,No,No,No internet service,No internet service,No internet service,No internet service,No internet service,No internet service,Month-to-month,No,Electronic check,20.0,5.2278949022514904
No,No,No,13,No,Fiber optic,No,Yes,No,No,No,No,One year,Yes,Mailed check,74.65,6.874456993580623
No,No,No,9,Yes,Fiber optic,No,No,No,No,Yes,No,Month-to-month,Yes,Electronic check,85.35,6.632791978938131
No,No,No,25,No,DSL,Yes,Yes,Yes,Yes,Yes,No,One year,No,Mailed check,74.3,7.530909087721548
Yes,No,No,7,No phone service,DSL,No,Yes,No,Yes,No,Yes,Month-to-month,Yes,Electronic check,44.4,5.586499314041468
No,Yes,Yes,38,Yes,DSL,Yes,No,Yes,Yes,Yes,Yes,Two year,Yes,Bank transfer (automatic),85.4,8.101071503119543
No,Yes,No,43,Yes,Fiber optic,Yes,Yes,No,No,No,Yes,Month-to-month,Yes,Electronic check,94.1,8.320764596619602
No,No,Yes,4,No,Fiber optic,No,No,Yes,Yes,Yes,Yes,Month-to-month,Yes,Bank transfer (automatic),98.1,5.984691662820553
No,No,No,25,Yes,Fiber optic,No,Yes,Yes,Yes,Yes,Yes,Two year,No,Electronic check,108.9,7.940957555763793
No,No,Yes,27,No,DSL,Yes,Yes,No,No,No,No,One year,No,Mailed check,56.2,7.357906904712707
No,Yes,Yes,72,Yes,No,No internet service,No internet service,No internet service,No internet service,No internet service,No internet service,Two year,No,Mailed check,26.1,7.524264366252684
No,No,Yes,71,Yes,Fiber optic,Yes,Yes,No,No,No,No,One year,Yes,Credit card (automatic),85.45,8.70449399781289
No,No,No,24,Yes,Fiber optic,No,No,Yes,No,Yes,No,Month-to-month,Yes,Credit card (automatic),88.95,7.637113841504655
No,No,No,50,Yes,Fiber optic,Yes,Yes,No,Yes,Yes,Yes,Two year,Yes,Electronic check,109.65,8.621940519112746
No,No,No,57,No,DSL,Yes,No,Yes,No,Yes,Yes,Two year,Yes,Bank transfer (automatic),74.35,8.370628663834355
No,No,No,15,No,DSL,No,Yes,No,No,No,No,Month-to-month,No,Electronic check,48.85,6.603672785162575
No,No,No,4,Yes,Fiber optic,Yes,No,No,No,No,No,Month-to-month,Yes,Electronic check,80.1,5.820527935180591
No,No,No,28,No,DSL,Yes,Yes,No,No,No,No,Month-to-month,No,Electronic check,56.05,7.328864051078322
Yes,No,No,9,Yes,Fiber optic,No,No,No,No,No,No,Month-to-month,Yes,Electronic check,74.55,6.435990099116741
No,Yes,No,55,Yes,Fiber optic,Yes,No,No,No,Yes,No,Month-to-month,Yes,Bank transfer (automatic),89.8,8.509281980144902
No,No,No,3,Yes,Fiber optic,No,No,Yes,No,Yes,Yes,Month-to-month,Yes,Electronic check,100.95,5.801967306564932
No,No,No,10,No,Fiber optic,No,No,Yes,No,Yes,Yes,Month-to-month,Yes,Electronic check,94.9,6.956402575803658
No,No,Yes,55,No,No,No internet service,No internet service,No internet service,No internet service,No internet service,No internet service,One year,No,Bank transfer (automatic),19.1,6.910252159180724
No,Yes,Yes,20,No,No,No internet service,No internet service,No internet service,No internet service,No internet service,No internet service,Month-to-month,No,Mailed check,20.35,6.094923255476212
No,Yes,Yes,62,Yes,Fiber optic,No,Yes,No,Yes,Yes,Yes,One year,Yes,Credit card (automatic),106.05,8.810534221719697
Yes,Yes,No,32,Yes,Fiber optic,No,No,Yes,Yes,Yes,Yes,Month-to-month,Yes,Electronic check,104.9,8.11747652928772
No,No,No,43,No,No,No internet service,No internet service,No internet service,No internet service,No internet service,No internet service,Two year,Yes,Bank transfer (automatic),19.65,6.659614381150889
No,Yes,No,9,No phone service,DSL,No,No,No,No,No,No,One year,No,Bank transfer (automatic),24.1,5.563753830052498
No,Yes,No,60,No,DSL,Yes,Yes,No,Yes,No,No,Two year,No,Bank transfer (automatic),59.85,8.156065491514608
No,Yes,No,58,Yes,DSL,Yes,Yes,Yes,No,Yes,Yes,Two year,Yes,Electronic check,86.1,8.495254283897484
No,No,Yes,7,No,No,No internet service,No internet service,No internet service,No internet service,No internet service,No internet service,One year,No,Mailed check,19.45,4.925440448033024
No,Yes,Yes,2,No,Fiber optic,Yes,No,No,No,Yes,Yes,Month-to-month,No,Electronic check,97.1,5.2211663073596215
Yes,No,No,37,No phone service,DSL,No,Yes,Yes,No,No,No,Month-to-month,No,Electronic check,36.65,7.182352111885263
Yes,Yes,Yes,65,Yes,Fiber optic,No,No,Yes,Yes,Yes,Yes,One year,Yes,Bank transfer (automatic),103.9,8.819975676590616
No,Yes,Yes,39,No,No,No internet service,No internet service,No internet service,No internet service,No internet service,No internet service,Two year,No,Mailed check,19.75,6.631935899072868
No,Yes,No,66,Yes,Fiber optic,No,Yes,No,Yes,Yes,Yes,One year,Yes,Electronic check,104.05,8.837971491357209
No,No,No,68,Yes,No,No internet service,No internet service,No internet service,No internet service,No internet service,No internet service,Two year,No,Mailed check,24.55,7.41360856112157
No,Yes,Yes,62,No phone service,DSL,Yes,Yes,No,Yes,Yes,No,Two year,No,Bank transfer (automatic),48.7,8.009545844905304
No,No,No,3,No,Fiber optic,No,No,Yes,Yes,Yes,No,Month-to-month,Yes,Mailed check,88.35,5.572344128176816
No,Yes,No,72,Yes,Fiber optic,Yes,Yes,Yes,No,Yes,Yes,Two year,Yes,Electronic check,109.55,9.007746717702165
No,Yes,No,41,No,No,No internet service,No internet service,No internet service,No internet service,No internet service,No internet service,Two year,No,Credit card (automatic),20.65,6.775993747799883
No,Yes,Yes,29,No,Fiber optic,Yes,No,No,No,Yes,Yes,Month-to-month,No,Credit card (automatic),94.65,7.88237152115192
No,No,No,4,No,DSL,Yes,Yes,No,No,No,No,Month-to-month,No,Electronic check,55.2,5.401099561191063
No,No,No,53,Yes,No,No internet service,No internet service,No internet service,No internet service,No internet service,No internet service,One year,No,Bank transfer (automatic),24.05,7.172347828208886
Yes,Yes,No,1,Yes,Fiber optic,No,No,No,No,No,No,Month-to-month,Yes,Electronic check,74.4,4.32280727501391
No,Yes,Yes,41,Yes,DSL,Yes,Yes,Yes,Yes,No,Yes,Month-to-month,No,Credit card (automatic),79.9,8.109886388428702
No,Yes,No,39,No,No,No internet service,No internet service,No internet service,No internet service,No internet service,No internet service,Two year,Yes,Bank transfer (automatic),20.45,6.673297967767654
No,Yes,No,63,No,No,No internet service,No internet service,No internet service,No internet service,No internet service,No internet service,Two year,No,Mailed check,19.25,7.121777355846786
No,No,No,15,Yes,No,No internet service,No internet service,No internet service,No internet service,No internet service,No internet service,Month-to-month,Yes,Electronic check,26.35,5.939118066735773
No,Yes,No,13,No,DSL,No,No,No,No,No,No,One year,No,Electronic check,43.8,6.3862899201118015
No,No,No,1,No,DSL,No,Yes,No,No,No,No,Month-to-month,Yes,Mailed check,50.15,3.9347624923976356
No,No,No,1,No,No,No internet service,No internet service,No internet service,No internet service,No internet service,No internet service,Two year,No,Mailed check,20.45,3.065724645374026
Yes,No,No,8,No,Fiber optic,No,No,No,No,No,No,Month-to-month,Yes,Electronic check,69.7,6.331234910353912
No,No,No,60,No,DSL,Yes,Yes,Yes,No,No,No,Two year,No,Electronic check,61.4,8.19953289544477
Yes,Yes,No,12,Yes,Fiber optic,No,Yes,Yes,No,Yes,No,Month-to-month,Yes,Electronic check,98.1,6.967155622263585
No,Yes,No,40,Yes,DSL,No,Yes,No,Yes,Yes,No,One year,No,Credit card (automatic),70.75,7.980280232886928
No,No,No,66,No,DSL,Yes,Yes,Yes,No,No,No,Two year,Yes,Bank transfer (automatic),61.15,8.298651535121714
No,Yes,Yes,42,No,No,No internet service,No internet service,No internet service,No internet service,No internet service,No internet service,One year,No,Mailed check,20.25,6.752153546887564
Yes,No,No,66,Yes,DSL,Yes,Yes,No,Yes,No,No,One year,Yes,Credit card (automatic),63.85,8.336953466106552
No,No,No,49,Yes,Fiber optic,No,Yes,No,No,Yes,Yes,Month-to-month,No,Electronic check,98.7,8.501378800521875
No,No,No,1,No,No,No internet service,No internet service,No internet service,No internet service,No internet service,No internet service,Month-to-month,No,Mailed check,20.5,3.068052935133617
No,No,No,41,No,No,No internet service,No internet service,No internet service,No internet service,No internet service,No internet service,Two year,No,Mailed check,20.0,6.698637899401019
No,Yes,Yes,41,No,No,No internet service,No internet service,No internet service,No internet service,No internet service,No internet service,Two year,No,Bank transfer (automatic),19.3,6.6507963791731965
No,Yes,Yes,23,No,Fiber optic,Yes,Yes,No,Yes,No,No,Month-to-month,No,Mailed check,84.4,7.56933439007442
No,No,No,3,No phone service,DSL,No,No,No,No,No,No,Month-to-month,No,Electronic check,25.1,4.39197696552705
No,No,No,4,No phone service,DSL,Yes,No,Yes,Yes,No,Yes,Month-to-month,No,Mailed check,48.25,5.31443674842792
No,Yes,Yes,52,No,No,No internet service,No internet service,No internet service,No internet service,No internet service,No internet service,Two year,No,Mailed check,19.85,6.976814814913632
Yes,Yes,No,4,Yes,Fiber optic,Yes,No,No,No,Yes,Yes,Month-to-month,Yes,Electronic check,99.6,5.85406855366702
No,No,No,11,No,Fiber optic,No,Yes,Yes,Yes,No,Yes,Month-to-month,Yes,Electronic check,94.2,6.908654874224973
No,Yes,No,2,No,DSL,Yes,No,No,No,No,Yes,Month-to-month,Yes,Mailed check,62.15,4.73707525686803
No,Yes,No,26,Yes,Fiber optic,No,Yes,No,No,No,No,Month-to-month,No,Bank transfer (automatic),79.3,7.60926737587371
No,Yes,Yes,24,No,DSL,Yes,No,Yes,No,No,No,One year,Yes,Credit card (automatic),56.25,7.282932986151845
No,No,No,12,No,No,No internet service,No internet service,No internet service,No internet service,No internet service,No internet service,Month-to-month,No,Mailed check,20.3,5.512218336495314
Yes,Yes,No,60,Yes,Fiber optic,No,No,No,Yes,Yes,Yes,Month-to-month,Yes,Electronic check,99.0,8.702659797354265
No,Yes,Yes,64,Yes,DSL,Yes,Yes,Yes,Yes,Yes,Yes,Two year,Yes,Mailed check,90.6,8.668789182231155
No,Yes,No,66,No,DSL,Yes,Yes,Yes,Yes,Yes,Yes,Two year,Yes,Bank transfer (automatic),85.9,8.629860944069652
No,No,No,60,Yes,Fiber optic,No,No,Yes,No,No,No,One year,Yes,Bank transfer (automatic),79.2,8.469262657658687
No,Yes,Yes,17,Yes,DSL,Yes,No,Yes,No,Yes,No,One year,Yes,Bank transfer (automatic),70.35,7.092282734325254
No,Yes,Yes,42,No,No,No internet service,No internet service,No internet service,No internet service,No internet service,No internet service,Two year,No,Mailed check,19.35,6.7665372770665995
No,No,No,1,Yes,DSL,No,No,No,No,No,No,Month-to-month,Yes,Electronic check,50.15,3.9347624923976356
No,Yes,Yes,47,No,DSL,No,Yes,No,Yes,No,Yes,Two year,No,Bank transfer (automatic),63.8,8.009113793318273
No,Yes,No,10,No,No,No internet service,No internet service,No internet service,No internet service,No internet service,No internet service,Month-to-month,Yes,Mailed check,20.55,5.536349530355997
Yes,Yes,No,70,Yes,DSL,Yes,Yes,Yes,Yes,Yes,Yes,Two year,Yes,Credit card (automatic),88.55,8.749494680515213
Yes,No,No,67,Yes,Fiber optic,No,No,Yes,No,Yes,Yes,Month-to-month,Yes,Credit card (automatic),101.4,8.830842673315583
No,No,No,1,No,Fiber optic,No,No,No,No,No,Yes,Month-to-month,Yes,Electronic check,81.95,4.418238016636454
No,Yes,No,7,No,Fiber optic,No,No,No,No,No,No,Month-to-month,Yes,Electronic check,69.35,6.11390339430056
No,No,No,1,No,DSL,No,No,No,No,No,No,Month-to-month,No,Mailed check,44.6,3.8199077165203406
No,No,No,4,No,DSL,No,Yes,No,Yes,Yes,No,Month-to-month,Yes,Bank transfer (automatic),63.75,5.4258306868469965
No,Yes,Yes,66,Yes,Fiber optic,Yes,Yes,Yes,No,Yes,Yes,Two year,No,Bank transfer (automatic),109.25,8.865523414819405
No,No,No,12,No,Fiber optic,No,Yes,No,No,No,Yes,Month-to-month,Yes,Electronic check,84.6,6.925938949415766
No,No,No,24,No,No,No internet service,No internet service,No internet service,No internet service,No internet service,No internet service,One year,No,Credit card (automatic),20.45,6.26975894288704
No,No,No,26,No,Fiber optic,No,Yes,No,No,Yes,No,Month-to-month,Yes,Electronic check,85.75,7.67205965385841
No,No,No,6,No,Fiber optic,No,No,No,No,Yes,Yes,Month-to-month,Yes,Electronic check,91.1,6.123150487933357
No,Yes,No,57,Yes,Fiber optic,No,No,Yes,Yes,Yes,Yes,Two year,No,Electronic check,107.95,8.694644574811246
No,Yes,No,14,Yes,Fiber optic,No,No,No,No,Yes,No,Month-to-month,Yes,Electronic check,86.1,7.1200805228604676
No,Yes,Yes,42,Yes,No,No internet service,No internet service,No internet service,No internet service,No internet service,No internet service,Two year,No,Electronic check,22.95,6.9228901665664075
No,No,No,25,Yes,Fiber optic,No,No,No,No,Yes,Yes,Month-to-month,Yes,Bank transfer (automatic),94.7,7.767729595377388
No,Yes,No,64,No,No,No internet service,No internet service,No internet service,No internet service,No internet service,No internet service,Two year,No,Credit card (automatic),19.45,7.112042155446042
No,Yes,No,22,Yes,Fiber optic,No,No,No,No,No,Yes,Month-to-month,Yes,Electronic check,85.1,7.536203925603146
No,No,No,19,No,No,No internet service,No internet service,No internet service,No internet service,No internet service,No internet service,One year,Yes,Credit card (automatic),19.7,5.959715848793402
No,Yes,Yes,61,Yes,Fiber optic,No,Yes,No,No,Yes,Yes,Month-to-month,Yes,Electronic check,99.15,8.70135472108808
No,Yes,No,22,No,Fiber optic,No,No,Yes,No,Yes,No,Month-to-month,Yes,Bank transfer (automatic),87.0,7.523832412465023
Yes,Yes,No,70,Yes,Fiber optic,No,Yes,Yes,No,Yes,Yes,Month-to-month,Yes,Electronic check,102.95,8.868202113728342
No,No,No,12,No,Fiber optic,No,No,No,No,No,Yes,Month-to-month,Yes,Bank transfer (automatic),79.95,6.951197836824974
No,Yes,No,31,No,DSL,Yes,No,No,Yes,No,Yes,One year,Yes,Electronic check,64.0,7.555774331924335
No,No,No,11,No,DSL,No,No,No,No,Yes,Yes,Month-to-month,Yes,Electronic check,64.9,6.575215300888529
No,Yes,Yes,68,Yes,No,No internet service,No internet service,No internet service,No internet service,No internet service,No internet service,Two year,No,Mailed check,25.75,7.430795993827386
Yes,Yes,Yes,72,Yes,DSL,Yes,Yes,Yes,Yes,Yes,Yes,Two year,Yes,Bank transfer (automatic),90.15,8.81246389721669
Yes,No,No,67,Yes,Fiber optic,Yes,Yes,Yes,Yes,Yes,Yes,Two year,Yes,Credit card (automatic),116.1,8.967102525834955
No,No,No,60,No,Fiber optic,Yes,No,Yes,Yes,Yes,Yes,Month-to-month,Yes,Bank transfer (automatic),104.95,8.738374819416906
No,No,No,1,No,DSL,No,No,No,No,No,No,Month-to-month,Yes,Mailed check,45.05,3.829727762701316
Yes,No,Yes,1,No,Fiber optic,No,No,No,No,No,No,Month-to-month,Yes,Electronic check,71.0,4.276666119016055
No,Yes,Yes,58,No phone service,DSL,Yes,Yes,Yes,No,Yes,No,One year,No,Mailed check,50.0,7.97962994879255
Yes,Yes,Yes,47,No,Fiber optic,No,No,No,No,No,No,Month-to-month,No,Bank transfer (automatic),70.55,8.104778994219867
No,No,No,1,No,Fiber optic,No,No,No,No,No,Yes,Month-to-month,Yes,Electronic check,79.7,4.390738575275903
No,No,No,22,Yes,DSL,Yes,Yes,No,No,No,No,Month-to-month,No,Electronic check,59.0,7.135448464994918
No,No,No,48,No,DSL,Yes,No,Yes,Yes,No,No,One year,Yes,Credit card (automatic),60.35,7.971569062107552
No,Yes,No,37,No,No,No internet service,No internet service,No internet service,No internet service,No internet service,No internet service,One year,Yes,Bank transfer (automatic),19.85,6.5771657055190795
No,No,No,13,No,No,No internet service,No internet service,No internet service,No internet service,No internet service,No internet service,One year,Yes,Electronic check,19.95,5.540478923698008
No,No,No,43,Yes,No,No internet service,No internet service,No internet service,No internet service,No internet service,No internet service,Two year,No,Bank transfer (automatic),26.45,7.013060793127408
No,No,No,6,No phone service,DSL,Yes,Yes,Yes,Yes,Yes,Yes,Two year,Yes,Mailed check,63.4,5.857361562584502
No,No,No,71,No phone service,DSL,Yes,Yes,Yes,Yes,Yes,No,Two year,No,Bank transfer (automatic),53.95,8.266074458271504
Yes,Yes,Yes,1,No,Fiber optic,No,No,No,No,No,No,Month-to-month,Yes,Electronic check,69.25,4.2520603082138555
No,Yes,Yes,72,Yes,Fiber optic,Yes,Yes,No,No,Yes,No,Two year,Yes,Electronic check,95.1,8.831149551779507
Yes,No,No,6,No,Fiber optic,Yes,No,No,No,No,No,Month-to-month,Yes,Electronic check,74.1,6.1134609164172335
No,Yes,Yes,12,No phone service,DSL,No,Yes,No,Yes,No,No,Month-to-month,No,Mailed check,35.5,6.071314928595715
No,No,No,25,No,Fiber optic,No,No,No,No,No,No,Month-to-month,No,Mailed check,70.95,7.477802187406246
No,Yes,No,21,No,Fiber optic,No,No,Yes,Yes,No,No,One year,No,Electronic check,79.2,7.463621187757827
No,Yes,Yes,6,No,DSL,No,No,No,Yes,No,No,Month-to-month,Yes,Mailed check,48.8,5.698267293968091
No,Yes,No,20,No,Fiber optic,No,No,No,No,Yes,Yes,Month-to-month,Yes,Mailed check,89.0,7.507388166167938
No,Yes,No,18,Yes,Fiber optic,Yes,No,No,No,Yes,Yes,Month-to-month,Yes,Electronic check,99.4,7.46390793433317
No,No,No,43,No,DSL,No,Yes,No,Yes,No,No,One year,No,Electronic check,55.45,7.8019026461706025
No,Yes,Yes,35,Yes,No,No internet service,No internet service,No internet service,No internet service,No internet service,No internet service,Two year,Yes,Credit card (automatic),25.4,6.857303735486039
No,No,No,1,No,Fiber optic,No,No,Yes,No,No,No,Month-to-month,No,Bank transfer (automatic),73.5,4.310799125385514
Yes,Yes,No,32,Yes,Fiber optic,No,Yes,Yes,No,No,Yes,Month-to-month,Yes,Electronic check,93.5,7.996923108822247
No,No,No,52,No phone service,DSL,Yes,Yes,Yes,Yes,Yes,Yes,Two year,No,Credit card (automatic),63.9,8.112512775356723
No,No,No,32,No,DSL,No,No,No,No,Yes,Yes,One year,Yes,Bank transfer (automatic),64.85,7.606859680016209
No,Yes,Yes,72,No phone service,DSL,Yes,Yes,Yes,Yes,Yes,Yes,Two year,Yes,Bank transfer (automatic),63.8,8.452185226773972
No,No,No,51,No phone service,DSL,Yes,No,No,Yes,No,Yes,Month-to-month,Yes,Credit card (automatic),44.45,7.688249196958784
No,Yes,Yes,68,No,No,No internet service,No internet service,No internet service,No internet service,No internet service,No internet service,Two year,Yes,Bank transfer (automatic),19.95,7.173383441902502
Yes,Yes,No,8,No phone service,DSL,No,Yes,Yes,No,No,Yes,Month-to-month,Yes,Mailed check,43.35,5.919968545402912
No,Yes,No,49,No phone service,DSL,No,Yes,No,No,Yes,Yes,Two year,No,Credit card (automatic),49.65,7.7877554007552545
No,Yes,No,72,No,DSL,Yes,Yes,Yes,Yes,Yes,Yes,Two year,No,Mailed check,85.1,8.7252474701058
No,No,No,9,Yes,Fiber optic,No,No,No,No,Yes,Yes,Month-to-month,Yes,Electronic check,95.5,6.72154617546099
No,Yes,No,28,No,Fiber optic,Yes,No,No,No,Yes,Yes,Month-to-month,Yes,Mailed check,92.35,7.8647656001333095
No,No,No,54,No,Fiber optic,Yes,No,Yes,No,Yes,No,Month-to-month,No,Mailed check,89.8,8.448485993406447
No,No,No,11,No,Fiber optic,No,Yes,No,No,No,No,Month-to-month,Yes,Electronic check,74.55,6.716292064270899
No,Yes,Yes,50,No,Fiber optic,No,No,Yes,Yes,Yes,Yes,One year,No,Mailed check,103.05,8.54762539853644
No,Yes,No,69,Yes,Fiber optic,Yes,Yes,Yes,Yes,Yes,Yes,Two year,Yes,Electronic check,116.0,9.009917979017747
No,No,No,1,No,Fiber optic,No,No,No,No,No,No,Month-to-month,Yes,Electronic check,69.9,4.2612704335380815
No,Yes,Yes,68,No,Fiber optic,Yes,Yes,No,Yes,No,Yes,Two year,No,Bank transfer (automatic),95.1,8.807531732329227
No,No,Yes,40,No phone service,DSL,Yes,Yes,No,Yes,No,No,One year,No,Mailed check,40.25,7.355673051345688
No,Yes,Yes,31,Yes,No,No internet service,No internet service,No internet service,No internet service,No internet service,No internet service,Two year,No,Mailed check,25.75,6.628834712198929
Yes,No,Yes,33,Yes,Fiber optic,No,Yes,Yes,No,Yes,Yes,Month-to-month,Yes,Bank transfer (automatic),105.35,8.150770896022625
Yes,Yes,No,55,Yes,Fiber optic,No,Yes,Yes,Yes,Yes,Yes,Two year,Yes,Electronic check,113.6,8.74730441204604
No,Yes,Yes,68,Yes,No,No internet service,No internet service,No internet service,No internet service,No internet service,No internet service,Two year,Yes,Bank transfer (automatic),24.0,7.417760566364225
No,Yes,Yes,12,No,No,No internet service,No internet service,No internet service,No internet service,No internet service,No internet service,Month-to-month,No,Bank transfer (automatic),19.4,5.293807211070151
No,Yes,No,71,No,DSL,Yes,Yes,Yes,Yes,Yes,Yes,Two year,Yes,Bank transfer (automatic),86.1,8.707301023010626
No,No,No,40,Yes,Fiber optic,No,Yes,Yes,No,Yes,Yes,Month-to-month,Yes,Mailed check,102.65,8.320971473449527
No,Yes,Yes,64,Yes,Fiber optic,No,Yes,Yes,No,No,Yes,One year,Yes,Electronic check,92.85,8.696468446273787
No,Yes,No,53,Yes,Fiber optic,No,Yes,No,Yes,No,Yes,One year,No,Bank transfer (automatic),97.75,8.525994347369306
Yes,No,No,12,No,Fiber optic,No,Yes,Yes,Yes,No,No,Month-to-month,Yes,Mailed check,83.8,6.938041971587009
Yes,No,No,53,No phone service,DSL,No,Yes,Yes,No,Yes,Yes,Month-to-month,Yes,Electronic check,54.45,7.957019748019907
No,Yes,No,72,Yes,Fiber optic,Yes,Yes,Yes,No,Yes,No,Two year,Yes,Credit card (automatic),97.95,8.869995646941096
No,No,No,46,No,No,No internet service,No internet service,No internet service,No internet service,No internet service,No internet service,Two year,No,Electronic check,19.95,6.811299443164508
No,No,No,40,Yes,No,No internet service,No internet service,No internet service,No internet service,No internet service,No internet service,Two year,Yes,Mailed check,24.6,6.882386187631596
No,No,No,12,No phone service,DSL,Yes,Yes,No,Yes,Yes,No,Month-to-month,Yes,Bank transfer (automatic),50.95,6.4081168446067105
No,No,No,9,No,Fiber optic,Yes,No,No,No,No,No,Month-to-month,No,Electronic check,75.6,6.496096026710645
No,Yes,Yes,51,Yes,Fiber optic,No,No,No,Yes,No,No,Month-to-month,Yes,Electronic check,80.75,8.323098603660052
No,Yes,Yes,49,No,Fiber optic,No,Yes,Yes,No,Yes,No,Month-to-month,Yes,Credit card (automatic),90.4,8.410865541568205
Yes,Yes,No,41,Yes,Fiber optic,No,No,Yes,No,Yes,Yes,Month-to-month,Yes,Electronic check,99.8,8.357094859319076
No,No,No,56,No,DSL,Yes,No,Yes,Yes,No,No,One year,Yes,Credit card (automatic),60.25,8.096741340999749
No,No,No,4,No,No,No internet service,No internet service,No internet service,No internet service,No internet service,No internet service,Month-to-month,Yes,Electronic check,20.2,4.037774210733707
No,Yes,No,20,No,DSL,Yes,No,No,Yes,No,Yes,One year,Yes,Mailed check,64.15,7.151054336499911
No,Yes,Yes,26,No,No,No internet service,No internet service,No internet service,No internet service,No internet service,No internet service,Month-to-month,Yes,Credit card (automatic),20.25,6.204456747365817
No,Yes,Yes,20,Yes,Fiber optic,No,Yes,Yes,No,Yes,Yes,Month-to-month,Yes,Bank transfer (automatic),105.85,7.7145212813268556
No,No,No,7,Yes,Fiber optic,No,No,No,No,No,No,Month-to-month,No,Mailed check,75.45,6.177425307294476
No,No,No,7,Yes,Fiber optic,No,No,No,No,Yes,Yes,Month-to-month,Yes,Electronic check,93.85,6.456141514847992
No,No,No,51,No,Fiber optic,No,Yes,Yes,No,Yes,Yes,Month-to-month,Yes,Electronic check,99.0,8.524992696048619
No,No,No,4,Yes,Fiber optic,No,Yes,No,No,No,No,Month-to-month,Yes,Mailed check,80.3,5.784440377673656
No,No,No,1,No,No,No internet service,No internet service,No internet service,No internet service,No internet service,No internet service,Month-to-month,No,Credit card (automatic),19.55,3.022860940942244
No,Yes,Yes,27,Yes,Fiber optic,Yes,Yes,No,Yes,Yes,No,Month-to-month,No,Electronic check,100.75,7.935426370838112
No,No,No,22,Yes,Fiber optic,Yes,No,No,No,Yes,Yes,Month-to-month,Yes,Electronic check,100.75,7.647786045440933
No,No,No,12,No,DSL,No,Yes,No,Yes,No,No,Month-to-month,Yes,Mailed check,53.75,6.4764337563287455
No,Yes,Yes,3,No phone service,DSL,No,No,No,Yes,No,No,Month-to-month,Yes,Mailed check,31.0,4.564868889214566
No,Yes,Yes,34,Yes,No,No internet service,No internet service,No internet service,No internet service,No internet service,No internet service,One year,Yes,Credit card (automatic),25.6,6.822360775965189
No,Yes,No,24,Yes,DSL,Yes,No,No,Yes,No,No,One year,Yes,Electronic check,58.35,7.206303104744224
No,No,No,51,Yes,Fiber optic,No,No,Yes,No,No,No,Month-to-month,No,Credit card (automatic),80.0,8.353108330605401
Yes,No,No,14,No phone service,DSL,No,No,No,No,Yes,Yes,Month-to-month,Yes,Electronic check,46.35,6.512784907966614
No,Yes,No,59,Yes,Fiber optic,Yes,Yes,Yes,Yes,Yes,Yes,Two year,No,Electronic check,113.75,8.789088810936143
No,No,No,3,No,Fiber optic,No,Yes,Yes,No,No,Yes,Month-to-month,No,Electronic check,90.4,5.596382844379506
No,Yes,Yes,65,Yes,Fiber optic,Yes,No,Yes,Yes,Yes,Yes,Two year,No,Electronic check,109.3,8.900896554409524
Yes,No,No,5,No,Fiber optic,No,No,No,No,No,No,Month-to-month,Yes,Mailed check,70.25,5.807842144580979
No,Yes,Yes,59,Yes,DSL,Yes,Yes,Yes,Yes,Yes,Yes,Two year,No,Credit card (automatic),90.3,8.555461528126088
No,Yes,Yes,72,No phone service,DSL,Yes,Yes,Yes,Yes,Yes,Yes,Two year,Yes,Credit card (automatic),65.25,8.407344842705635
No,Yes,Yes,62,No,Fiber optic,No,Yes,Yes,No,Yes,Yes,Month-to-month,Yes,Electronic check,100.15,8.745809738528788
No,No,No,28,Yes,Fiber optic,Yes,Yes,No,No,No,Yes,Month-to-month,Yes,Credit card (automatic),94.5,7.886231766410266
No,No,No,3,No,DSL,No,No,No,Yes,No,Yes,Month-to-month,No,Mailed check,60.65,5.28776185260852
No,No,Yes,19,Yes,No,No internet service,No internet service,No internet service,No internet service,No internet service,No internet service,Month-to-month,Yes,Credit card (automatic),24.1,6.087229169092361
No,No,No,1,No,No,No internet service,No internet service,No internet service,No internet service,No internet service,No internet service,Month-to-month,Yes,Mailed check,19.5,3.0204248861443626
No,No,No,24,No,Fiber optic,No,Yes,Yes,Yes,No,No,Month-to-month,Yes,Electronic check,85.95,7.653566064624934
Yes,No,No,57,No,DSL,No,No,Yes,Yes,No,No,One year,Yes,Electronic check,53.5,8.01855960841561
No,No,No,72,Yes,No,No internet service,No internet service,No internet service,No internet service,No internet service,No internet service,Two year,No,Credit card (automatic),25.45,7.5323291428868355
No,No,No,67,No,No,No internet service,No internet service,No internet service,No internet service,No internet service,No internet service,Two year,No,Bank transfer (automatic),20.5,7.266792430709889
No,Yes,Yes,52,No,No,No internet service,No internet service,No internet service,No internet service,No internet service,No internet service,One year,Yes,Credit card (automatic),20.85,6.977840886548825
No,Yes,Yes,71,Yes,DSL,Yes,Yes,Yes,Yes,Yes,Yes,Two year,No,Credit card (automatic),89.9,8.773098178053743
No,Yes,No,26,Yes,No,No internet service,No internet service,No internet service,No internet service,No internet service,No internet service,One year,No,Mailed check,26.0,6.5294918282991175
No,No,No,35,Yes,Fiber optic,Yes,Yes,Yes,Yes,Yes,Yes,Two year,Yes,Mailed check,113.2,8.272583379735432
No,Yes,Yes,55,No,Fiber optic,No,No,No,No,No,No,Two year,Yes,Credit card (automatic),69.05,8.254164706403113
No,Yes,Yes,33,No,No,No internet service,No internet service,No internet service,No internet service,No internet service,No internet service,Two year,No,Mailed check,20.1,6.509290610518717
No,Yes,No,72,Yes,Fiber optic,Yes,Yes,Yes,No,Yes,Yes,Two year,Yes,Electronic check,109.65,8.97224179971323
No,No,Yes,1,No,No,No internet service,No internet service,No internet service,No internet service,No internet service,No internet service,Month-to-month,Yes,Mailed check,19.2,3.005682604407159
No,No,No,10,No phone service,DSL,No,No,No,No,No,Yes,Month-to-month,Yes,Mailed check,33.9,5.701947458710471
Yes,Yes,No,37,No,Fiber optic,No,No,Yes,Yes,Yes,No,Month-to-month,No,Electronic check,90.0,8.123483714318926
No,No,No,12,No phone service,DSL,No,Yes,No,Yes,No,No,Month-to-month,No,Mailed check,34.0,6.094585055822462
No,Yes,Yes,1,No,No,No internet service,No internet service,No internet service,No internet service,No internet service,No internet service,One year,No,Mailed check,20.4,3.0633909220278057
No,Yes,No,62,No phone service,DSL,Yes,Yes,No,Yes,No,No,Two year,Yes,Credit card (automatic),38.6,7.760701443339011
No,No,No,1,No phone service,DSL,No,No,No,No,No,No,Month-to-month,No,Bank transfer (automatic),25.25,3.2676659890376327
No,No,No,18,Yes,DSL,Yes,No,Yes,No,No,No,Month-to-month,Yes,Mailed check,60.6,7.053888187930098
Yes,Yes,No,69,Yes,Fiber optic,No,Yes,No,No,Yes,No,Month-to-month,Yes,Electronic check,89.95,8.72325568859199
No,No,No,2,No,Fiber optic,No,Yes,No,No,No,No,Month-to-month,Yes,Electronic check,74.75,4.982235819574558
No,Yes,Yes,19,No,No,No internet service,No internet service,No internet service,No internet service,No internet service,No internet service,Month-to-month,No,Mailed check,20.6,6.030565060729897
No,No,No,12,Yes,Fiber optic,No,No,No,No,Yes,No,Month-to-month,Yes,Electronic check,84.45,6.966542920465225
No,No,No,9,No,No,No internet service,No internet service,No internet service,No internet service,No internet service,No internet service,Month-to-month,No,Mailed check,20.4,5.20839265902005
No,No,No,27,No,DSL,Yes,No,Yes,Yes,Yes,Yes,One year,No,Electronic check,81.7,7.702352840577568
No,No,Yes,27,Yes,Fiber optic,No,No,No,Yes,No,No,Month-to-month,Yes,Electronic check,79.5,7.687790912310173
No,Yes,Yes,1,No,Fiber optic,No,No,No,No,Yes,Yes,Month-to-month,No,Mailed check,89.15,4.501474949649326
Yes,No,No,24,No,No,No internet service,No internet service,No internet service,No internet service,No internet service,No internet service,Month-to-month,Yes,Mailed check,20.3,6.133289577244604
Yes,No,No,14,Yes,Fiber optic,No,No,No,No,No,No,Month-to-month,Yes,Electronic check,74.95,6.944810186933148
Yes,No,No,32,No,Fiber optic,No,Yes,No,No,No,No,Month-to-month,Yes,Electronic check,74.4,7.7310311946881045
No,No,No,11,No,No,No internet service,No internet service,No internet service,No internet service,No internet service,No internet service,One year,No,Mailed check,20.0,5.3610573963692225
No,No,No,1,Yes,No,No internet service,No internet service,No internet service,No internet service,No internet service,No internet service,Month-to-month,Yes,Mailed check,25.0,3.258096538021482
Yes,No,Yes,38,Yes,Fiber optic,Yes,No,No,No,No,No,Month-to-month,Yes,Mailed check,80.45,8.059481703299733
No,Yes,Yes,9,No,No,No internet service,No internet service,No internet service,No internet service,No internet service,No internet service,Two year,No,Mailed check,19.75,5.354933966966933
No,Yes,Yes,54,Yes,DSL,Yes,Yes,No,Yes,No,No,Two year,Yes,Credit card (automatic),65.65,8.17967640944743
No,No,No,29,Yes,DSL,No,No,No,No,Yes,Yes,One year,Yes,Credit card (automatic),71.0,7.640651879059365
Yes,Yes,No,44,Yes,Fiber optic,No,No,Yes,No,Yes,No,Month-to-month,Yes,Electronic check,89.2,8.304296956553577
No,Yes,Yes,59,No,DSL,Yes,Yes,Yes,Yes,Yes,Yes,Two year,Yes,Electronic check,86.75,8.553910774351401
No,No,No,3,No,DSL,No,No,No,No,No,Yes,Month-to-month,Yes,Electronic check,55.3,5.283964860323636
No,Yes,Yes,18,No,DSL,Yes,Yes,No,Yes,No,No,One year,Yes,Mailed check,61.5,6.992509944846946
Yes,No,No,67,Yes,No,No internet service,No internet service,No internet service,No internet service,No internet service,No internet service,Two year,No,Credit card (automatic),25.1,7.42246335626235
No,Yes,Yes,22,No,DSL,No,Yes,No,Yes,No,No,Month-to-month,No,Electronic check,55.15,7.095934645260251
No,No,Yes,33,No phone service,DSL,Yes,No,No,Yes,No,No,One year,No,Credit card (automatic),34.05,7.016564839839412
No,No,No,5,No,No,No internet service,No internet service,No internet service,No internet service,No internet service,No internet service,Month-to-month,No,Mailed check,19.95,4.682594082952895
No,No,No,2,No,No,No internet service,No internet service,No internet service,No internet service,No internet service,No internet service,Month-to-month,No,Mailed check,19.95,3.667400422436812
No,Yes,Yes,72,Yes,DSL,Yes,Yes,Yes,Yes,Yes,Yes,Two year,No,Credit card (automatic),89.7,8.75468136492377
No,No,Yes,9,No,No,No internet service,No internet service,No internet service,No internet service,No internet service,No internet service,Month-to-month,No,Mailed check,20.4,5.220896219579452
No,Yes,Yes,67,Yes,No,No internet service,No internet service,No internet service,No internet service,No internet service,No internet service,Two year,No,Mailed check,26.3,7.432424634568778
No,Yes,No,16,Yes,Fiber optic,No,No,No,No,Yes,No,Month-to-month,Yes,Electronic check,84.95,7.22929515215254
No,No,No,8,No,No,No internet service,No internet service,No internet service,No internet service,No internet service,No internet service,Month-to-month,Yes,Mailed check,20.7,4.931592086755803
No,No,No,5,No phone service,DSL,Yes,Yes,Yes,Yes,No,No,Month-to-month,Yes,Mailed check,43.25,5.393627546352362
No,Yes,Yes,23,Yes,DSL,No,No,No,No,No,No,One year,Yes,Credit card (automatic),48.35,6.973683459096243
No,No,No,1,No,Fiber optic,No,No,No,No,Yes,No,Month-to-month,Yes,Electronic check,79.55,4.388878109622984
Yes,Yes,No,50,No,Fiber optic,No,No,No,No,No,No,Month-to-month,Yes,Electronic check,71.05,8.144925887411512
No,No,No,17,No,No,No internet service,No internet service,No internet service,No internet service,No internet service,No internet service,Two year,No,Credit card (automatic),19.45,5.913638131643475
No,Yes,No,68,Yes,Fiber optic,Yes,Yes,Yes,No,Yes,Yes,Two year,Yes,Bank transfer (automatic),110.8,8.92991192823571
No,No,No,1,Yes,Fiber optic,No,No,No,No,Yes,No,Month-to-month,No,Electronic check,84.5,4.448516375942715
Yes,Yes,No,25,No,Fiber optic,No,No,No,No,No,No,Month-to-month,Yes,Electronic check,69.3,7.503344755947277
No,No,No,67,No phone service,DSL,Yes,No,Yes,Yes,Yes,No,One year,Yes,Bank transfer (automatic),49.35,8.108427642841393
No,No,No,32,No,No,No internet service,No internet service,No internet service,No internet service,No internet service,No internet service,One year,No,Credit card (automatic),20.35,6.563150059130735
Yes,Yes,No,67,Yes,Fiber optic,Yes,Yes,No,No,Yes,Yes,One year,Yes,Electronic check,105.6,8.869700462659624
Yes,Yes,No,72,No phone service,DSL,Yes,Yes,Yes,Yes,Yes,Yes,Two year,Yes,Credit card (automatic),64.45,8.442922129040952
No,Yes,No,71,Yes,Fiber optic,No,Yes,Yes,Yes,Yes,Yes,Two year,Yes,Credit card (automatic),108.6,8.947923106104142
No,No,Yes,1,No,DSL,No,Yes,No,No,No,No,Month-to-month,Yes,Electronic check,49.9,3.929862923556477
No,No,No,46,No phone service,DSL,No,Yes,No,No,No,No,Month-to-month,No,Bank transfer (automatic),30.3,7.230635562083883
Yes,No,No,2,No phone service,DSL,No,No,Yes,No,No,No,Month-to-month,Yes,Electronic check,30.4,4.3776420363560575
No,No,No,1,No,DSL,No,No,No,No,No,No,Month-to-month,Yes,Mailed check,45.4,3.8372994592322094
No,Yes,No,48,No,DSL,No,Yes,Yes,No,No,Yes,One year,Yes,Electronic check,65.65,8.037753179223479
No,Yes,No,61,Yes,Fiber optic,No,No,Yes,Yes,Yes,Yes,One year,Yes,Bank transfer (automatic),103.3,8.782529956699463
No,Yes,No,32,No,Fiber optic,No,Yes,No,No,No,Yes,Month-to-month,No,Bank transfer (automatic),84.15,7.8582348545929905
No,No,No,2,No,DSL,No,No,No,No,No,No,Month-to-month,No,Electronic check,44.45,4.4272389774954295
No,No,No,3,No,No,No internet service,No internet service,No internet service,No internet service,No internet service,No internet service,Month-to-month,No,Electronic check,19.75,4.091841432003982
No,No,No,5,No,Fiber optic,No,No,No,Yes,No,Yes,Month-to-month,Yes,Credit card (automatic),85.4,6.056549793763916
No,Yes,Yes,71,Yes,DSL,Yes,Yes,Yes,Yes,Yes,Yes,Two year,No,Bank transfer (automatic),89.9,8.755217473419737
No,Yes,No,37,Yes,DSL,Yes,No,No,No,No,No,Month-to-month,Yes,Mailed check,55.05,7.616652769633315
No,Yes,Yes,65,Yes,Fiber optic,No,No,Yes,Yes,Yes,Yes,Two year,Yes,Bank transfer (automatic),104.1,8.810019509518233
No,No,Yes,67,Yes,Fiber optic,No,Yes,No,Yes,Yes,Yes,One year,Yes,Bank transfer (automatic),106.6,8.888163468445018
No,No,Yes,49,Yes,Fiber optic,No,No,No,No,No,No,Month-to-month,No,Credit card (automatic),75.2,8.21047779567805
No,Yes,Yes,50,Yes,DSL,Yes,No,No,Yes,Yes,No,Two year,Yes,Credit card (automatic),70.5,8.156983435957374
No,Yes,Yes,25,No,No,No internet service,No internet service,No internet service,No internet service,No internet service,No internet service,One year,No,Electronic check,19.6,6.0213873607592365
No,No,Yes,17,Yes,DSL,No,No,Yes,No,No,No,One year,Yes,Mailed check,55.85,6.844282856026563
No,Yes,Yes,64,Yes,No,No internet service,No internet service,No internet service,No internet service,No internet service,No internet service,Two year,Yes,Mailed check,24.05,7.352537249467252
No,Yes,No,25,No phone service,DSL,No,No,Yes,No,Yes,No,One year,Yes,Credit card (automatic),38.1,6.878738329911644
Yes,No,No,23,Yes,Fiber optic,No,Yes,Yes,No,Yes,Yes,Month-to-month,Yes,Electronic check,106.4,7.817826711042375
Yes,Yes,No,24,No phone service,DSL,No,No,Yes,Yes,No,No,Month-to-month,No,Mailed check,34.25,6.720461380561624
No,No,No,37,Yes,Fiber optic,No,No,Yes,No,Yes,Yes,Month-to-month,Yes,Electronic check,100.05,8.245791209537222
No,No,No,21,No,Fiber optic,No,No,No,No,No,No,Month-to-month,Yes,Electronic check,68.65,7.3093462255417005
No,No,No,1,No,DSL,No,No,No,No,No,No,Month-to-month,Yes,Mailed check,45.8,3.845883202923601
No,No,No,10,Yes,Fiber optic,No,No,No,No,No,No,Month-to-month,Yes,Mailed check,75.75,6.657112053965342
No,No,No,6,No,Fiber optic,No,Yes,No,No,No,Yes,Month-to-month,Yes,Electronic check,84.4,6.323193408835633
No,Yes,No,51,Yes,Fiber optic,Yes,Yes,No,No,No,Yes,One year,Yes,Credit card (automatic),96.4,8.499446648928267
No,No,No,10,No,No,No internet service,No internet service,No internet service,No internet service,No internet service,No internet service,Month-to-month,Yes,Mailed check,20.55,5.23830193413805
No,No,No,6,No phone service,DSL,Yes,Yes,No,Yes,No,Yes,Month-to-month,No,Credit card (automatic),50.95,5.73204593992906
No,Yes,Yes,47,Yes,DSL,Yes,Yes,Yes,Yes,Yes,Yes,Two year,Yes,Mailed check,90.5,8.370860206954506
No,Yes,Yes,61,Yes,DSL,Yes,Yes,Yes,Yes,No,Yes,One year,Yes,Electronic check,79.4,8.480850732113407
No,No,No,52,No phone service,DSL,Yes,Yes,Yes,No,Yes,Yes,Two year,Yes,Bank transfer (automatic),58.75,8.019464757127501
No,Yes,Yes,35,Yes,DSL,Yes,Yes,No,No,No,No,Month-to-month,Yes,Credit card (automatic),59.45,7.6675793178063625
No,Yes,No,71,Yes,Fiber optic,No,Yes,Yes,No,Yes,Yes,One year,Yes,Bank transfer (automatic),105.7,8.919071875988982
No,No,No,6,No,DSL,Yes,Yes,No,No,No,No,Month-to-month,No,Electronic check,56.25,5.966403116512611
No,Yes,No,45,No,DSL,Yes,No,Yes,No,No,No,Two year,No,Credit card (automatic),53.3,7.7394680343809945
Yes,No,No,2,Yes,Fiber optic,No,No,No,No,Yes,No,Month-to-month,Yes,Electronic check,85.55,5.238832719713145
No,No,No,4,No,DSL,No,Yes,No,No,Yes,Yes,Month-to-month,Yes,Bank transfer (automatic),68.65,5.569298247276406
No,No,No,2,No phone service,DSL,No,No,No,No,No,No,Month-to-month,No,Mailed check,24.3,3.6750340472918834
No,No,No,4,No,Fiber optic,No,No,No,No,Yes,No,Month-to-month,No,Electronic check,77.85,5.704448919199361
No,No,No,51,Yes,DSL,Yes,No,No,Yes,No,No,One year,No,Credit card (automatic),59.9,8.021124808625153
No,Yes,Yes,60,Yes,No,No internet service,No internet service,No internet service,No internet service,No internet service,No internet service,One year,No,Credit card (automatic),23.95,7.318141591409369
No,No,No,9,No,No,No internet service,No internet service,No internet service,No internet service,No internet service,No internet service,One year,Yes,Mailed check,20.15,5.104125637183595
No,No,No,3,Yes,Fiber optic,No,Yes,Yes,No,Yes,Yes,Month-to-month,Yes,Bank transfer (automatic),105.35,5.781514823196553
No,No,No,17,Yes,Fiber optic,No,No,Yes,Yes,No,Yes,Month-to-month,Yes,Bank transfer (automatic),95.65,7.403061091090091
No,No,No,8,Yes,Fiber optic,No,No,No,No,Yes,No,Month-to-month,Yes,Electronic check,87.05,6.637389084295587
No,Yes,Yes,46,No,DSL,Yes,No,Yes,Yes,Yes,Yes,Two year,No,Mailed check,81.0,8.255139878598271
No,No,No,68,No,DSL,Yes,Yes,Yes,Yes,Yes,Yes,Two year,Yes,Credit card (automatic),82.45,8.63898595513537
No,No,No,1,No,DSL,No,No,No,No,Yes,No,Month-to-month,Yes,Mailed check,53.5,3.9982007016691985
No,Yes,No,4,No,No,No internet service,No internet service,No internet service,No internet service,No internet service,No internet service,One year,No,Bank transfer (automatic),20.5,4.382651439442724
No,No,No,1,No phone service,DSL,No,No,No,No,No,No,Month-to-month,Yes,Mailed check,25.1,3.261935314328648
No,No,Yes,28,No,DSL,No,Yes,No,Yes,No,No,One year,Yes,Credit card (automatic),54.4,7.324885418620805
No,No,No,39,No,DSL,No,Yes,No,No,Yes,No,One year,Yes,Credit card (automatic),58.6,7.707736888455909
No,No,No,11,No,Fiber optic,No,No,Yes,No,No,Yes,Month-to-month,No,Electronic check,84.8,6.790940524390302
No,Yes,No,71,No phone service,DSL,No,Yes,Yes,Yes,Yes,Yes,Two year,Yes,Credit card (automatic),61.4,8.36900635911107
No,No,Yes,2,No,No,No internet service,No internet service,No internet service,No internet service,No internet service,No internet service,Month-to-month,No,Mailed check,20.4,3.7819143200811256
Yes,Yes,No,30,No,Fiber optic,No,Yes,Yes,No,No,No,Month-to-month,Yes,Mailed check,79.65,7.7690194406690765
No,No,No,17,No,No,No internet service,No internet service,No internet service,No internet service,No internet service,No internet service,One year,No,Mailed check,20.15,5.871131387648096
No,Yes,No,55,Yes,Fiber optic,No,Yes,Yes,No,Yes,No,Month-to-month,Yes,Credit card (automatic),94.45,8.531904448281932
No,No,No,58,Yes,Fiber optic,Yes,No,No,No,No,No,Month-to-month,Yes,Bank transfer (automatic),79.8,8.41800249212582
No,No,No,5,No,DSL,Yes,No,No,Yes,No,No,Month-to-month,No,Electronic check,54.2,5.734150011272598
Yes,No,No,1,No,No,No internet service,No internet service,No internet service,No internet service,No internet service,No internet service,Month-to-month,Yes,Electronic check,19.45,3.017982882488811
Yes,No,No,9,Yes,Fiber optic,No,No,No,No,No,No,Month-to-month,Yes,Electronic check,74.05,6.521283647366507
No,No,No,26,No,DSL,No,No,No,Yes,No,No,Month-to-month,No,Bank transfer (automatic),49.15,7.121494750221053
No,No,No,50,No,No,No internet service,No internet service,No internet service,No internet service,No internet service,No internet service,Two year,No,Credit card (automatic),19.4,6.932399109894897
No,Yes,No,72,Yes,Fiber optic,Yes,Yes,Yes,Yes,Yes,Yes,Two year,Yes,Bank transfer (automatic),113.65,9.0099057597553
No,No,Yes,43,No,Fiber optic,Yes,Yes,No,Yes,Yes,Yes,One year,Yes,Credit card (automatic),106.0,8.419205430087825
No,No,No,56,Yes,No,No internet service,No internet service,No internet service,No internet service,No internet service,No internet service,Two year,Yes,Bank transfer (automatic),25.95,7.275899202024019
No,No,No,1,No,No,No internet service,No internet service,No internet service,No internet service,No internet service,No internet service,Month-to-month,No,Mailed check,19.1,3.0007198150650303
No,Yes,Yes,72,Yes,Fiber optic,No,Yes,Yes,No,Yes,Yes,Two year,Yes,Electronic check,103.4,8.905668113604712
No,Yes,No,72,Yes,Fiber optic,Yes,Yes,No,Yes,No,Yes,Two year,Yes,Bank transfer (automatic),100.55,8.89919859325925
No,Yes,No,36,Yes,Fiber optic,No,No,No,No,Yes,Yes,Month-to-month,Yes,Electronic check,95.4,8.153407310299562
No,No,No,5,No,DSL,No,No,Yes,Yes,Yes,Yes,Month-to-month,No,Bank transfer (automatic),75.15,5.975462189630476
No,No,No,13,Yes,Fiber optic,No,Yes,Yes,No,No,No,Month-to-month,Yes,Electronic check,84.45,6.965646757397915
Yes,No,No,44,No,Fiber optic,No,Yes,Yes,No,No,Yes,One year,No,Credit card (automatic),89.15,8.291985010219811
Yes,Yes,Yes,70,Yes,Fiber optic,No,Yes,Yes,Yes,Yes,Yes,One year,Yes,Electronic check,107.9,8.91956685927668
No,No,No,44,No,No,No internet service,No internet service,No internet service,No internet service,No internet service,No internet service,One year,No,Credit card (automatic),19.5,6.729226520426879
Yes,Yes,No,32,Yes,Fiber optic,No,No,No,No,Yes,No,Month-to-month,Yes,Credit card (automatic),85.95,7.87458702235001
No,Yes,No,69,Yes,No,No internet service,No internet service,No internet service,No internet service,No internet service,No internet service,Two year,Yes,Credit card (automatic),24.95,7.449701591405918
Yes,No,No,16,No,DSL,No,No,No,Yes,Yes,No,Month-to-month,No,Electronic check,59.4,6.932350325837517
Yes,Yes,Yes,68,No,No,No internet service,No internet service,No internet service,No internet service,No internet service,No internet service,One year,No,Bank transfer (automatic),19.5,7.085524824408029
No,No,No,16,No,Fiber optic,No,No,No,No,No,No,Month-to-month,Yes,Credit card (automatic),69.95,7.095478885065086
No,Yes,Yes,68,No,DSL,Yes,Yes,No,Yes,Yes,Yes,Two year,No,Bank transfer (automatic),82.85,8.661717687848864
No,No,No,4,No,No,No internet service,No internet service,No internet service,No internet service,No internet service,No internet service,Month-to-month,No,Mailed check,19.0,4.380775852772229
No,Yes,Yes,26,No phone service,DSL,Yes,Yes,No,Yes,No,No,Month-to-month,No,Credit card (automatic),38.85,6.933569213875117
No,No,No,29,No phone service,DSL,No,Yes,No,No,No,No,Month-to-month,Yes,Electronic check,30.6,6.75384623662486
No,No,Yes,5,No,No,No internet service,No internet service,No internet service,No internet service,No internet service,No internet service,Month-to-month,No,Credit card (automatic),20.35,4.812184355372417
No,Yes,No,70,Yes,Fiber optic,No,Yes,Yes,No,Yes,No,One year,Yes,Bank transfer (automatic),95.0,8.795415662587395
No,Yes,No,24,No,DSL,Yes,No,No,Yes,Yes,Yes,One year,No,Bank transfer (automatic),74.4,7.446526754398526
Yes,Yes,No,72,Yes,DSL,Yes,Yes,Yes,Yes,No,Yes,Two year,No,Bank transfer (automatic),78.45,8.645278531179455
No,No,No,1,No,Fiber optic,No,No,No,Yes,No,No,Month-to-month,Yes,Mailed check,74.3,4.321480134805848
No,Yes,No,70,No phone service,DSL,No,Yes,Yes,Yes,No,Yes,One year,Yes,Bank transfer (automatic),51.05,8.198680708571853
No,Yes,Yes,36,No,No,No internet service,No internet service,No internet service,No internet service,No internet service,No internet service,Month-to-month,No,Bank transfer (automatic),19.2,6.556636300614086
Yes,No,No,38,Yes,Fiber optic,No,No,No,Yes,Yes,Yes,Month-to-month,Yes,Electronic check,99.55,8.225570029731195
No,No,No,17,No,Fiber optic,No,No,No,No,No,No,Month-to-month,Yes,Electronic check,70.0,7.04359650189355
No,Yes,Yes,41,Yes,Fiber optic,No,Yes,Yes,Yes,Yes,Yes,One year,Yes,Bank transfer (automatic),109.1,8.401838455053209
No,No,No,1,No,DSL,No,No,No,No,No,No,Month-to-month,Yes,Electronic check,45.3,3.835141961092188
No,No,No,2,No phone service,DSL,No,No,No,Yes,No,No,Month-to-month,No,Bank transfer (automatic),29.85,4.338597076746545
No,No,No,14,No,Fiber optic,No,No,Yes,No,No,No,Month-to-month,No,Electronic check,76.45,7.019788482657914
Yes,No,No,2,No,Fiber optic,No,Yes,Yes,Yes,No,Yes,Month-to-month,Yes,Credit card (automatic),95.1,5.199877293734784
No,No,No,1,No,No,No internet service,No internet service,No internet service,No internet service,No internet service,No internet service,Month-to-month,No,Mailed check,19.8,3.0349529867072724
No,Yes,Yes,13,Yes,DSL,No,Yes,Yes,Yes,Yes,No,Month-to-month,Yes,Electronic check,72.8,6.8363129815277714
No,No,No,6,No,No,No internet service,No internet service,No internet service,No internet service,No internet service,No internet service,Month-to-month,No,Mailed check,18.95,4.710880640410205
No,No,No,4,No,Fiber optic,No,Yes,No,No,No,No,Month-to-month,Yes,Bank transfer (automatic),76.65,5.812935788552724
No,Yes,Yes,5,No,Fiber optic,No,Yes,No,Yes,Yes,Yes,Month-to-month,Yes,Mailed check,99.15,6.144292924507166
No,Yes,No,15,No,Fiber optic,Yes,No,Yes,No,Yes,Yes,Month-to-month,No,Electronic check,101.75,7.420818397688319
No,No,No,47,No,Fiber optic,Yes,No,No,No,No,No,Month-to-month,No,Credit card (automatic),75.45,8.17360368702614
No,No,No,8,No,DSL,No,No,Yes,Yes,No,Yes,Month-to-month,No,Mailed check,64.1,6.224657434275193
No,No,No,17,No phone service,DSL,No,No,No,No,No,No,Month-to-month,Yes,Mailed check,25.65,6.089498287379348
No,Yes,Yes,15,No,Fiber optic,Yes,No,No,No,No,No,Month-to-month,No,Mailed check,75.1,7.049732157877687
No,No,No,26,No,Fiber optic,Yes,No,Yes,Yes,No,Yes,One year,Yes,Bank transfer (automatic),95.85,7.814540980841987
No,No,No,23,Yes,DSL,Yes,No,No,No,No,No,Month-to-month,No,Electronic check,54.4,7.131098810299013
Yes,No,No,4,No,Fiber optic,No,Yes,No,No,No,No,Month-to-month,No,Electronic check,72.75,5.7644070964726355
No,No,Yes,29,No,No,No internet service,No internet service,No internet service,No internet service,No internet service,No internet service,One year,No,Mailed check,19.85,6.2842274403022484
No,No,No,25,No,No,No internet service,No internet service,No internet service,No internet service,No internet service,No internet service,Month-to-month,No,Mailed check,19.05,6.1362140309941795
No,No,No,9,No,DSL,No,No,No,No,No,No,Month-to-month,No,Mailed check,44.95,6.068425588244111
No,Yes,No,18,No,DSL,No,No,Yes,No,No,No,Month-to-month,Yes,Mailed check,49.55,6.779182998182373
Yes,No,No,3,Yes,Fiber optic,No,No,No,No,Yes,Yes,Month-to-month,Yes,Electronic check,94.85,5.819340815290474
No,Yes,Yes,69,No phone service,DSL,Yes,Yes,Yes,Yes,No,No,Two year,No,Bank transfer (automatic),46.25,8.046357215866406
No,No,No,14,No,No,No internet service,No internet service,No internet service,No internet service,No internet service,No internet service,One year,No,Mailed check,19.35,5.786283696167945
No,No,No,19,Yes,DSL,No,No,No,No,Yes,Yes,Month-to-month,No,Mailed check,69.6,7.241043881786327
Yes,No,No,39,Yes,Fiber optic,No,Yes,No,No,No,Yes,Month-to-month,No,Electronic check,90.7,8.135713128558534
No,No,No,31,No,Fiber optic,No,Yes,Yes,No,Yes,Yes,Month-to-month,Yes,Electronic check,101.4,8.053457875183252
No,Yes,Yes,24,No,No,No internet service,No internet service,No internet service,No internet service,No internet service,No internet service,One year,No,Mailed check,20.25,6.08847782127798
No,Yes,No,14,No,DSL,No,No,No,Yes,No,No,Month-to-month,No,Bank transfer (automatic),48.8,6.500388363584376
No,Yes,No,64,No,DSL,Yes,Yes,Yes,Yes,No,Yes,Two year,Yes,Mailed check,74.35,8.468118486769002
No,No,No,50,No,No,No internet service,No internet service,No internet service,No internet service,No internet service,No internet service,One year,Yes,Mailed check,19.35,6.9411900550683745
No,Yes,Yes,52,No,DSL,No,Yes,Yes,Yes,Yes,No,One year,Yes,Electronic check,68.75,8.15589328308458
No,No,No,28,Yes,Fiber optic,No,Yes,No,No,Yes,Yes,One year,No,Electronic check,100.2,7.897091990724349
No,No,No,21,No,No,No internet service,No internet service,No internet service,No internet service,No internet service,No internet service,Two year,Yes,Credit card (automatic),20.85,6.078215473516637
No,No,Yes,25,No,Fiber optic,No,Yes,No,No,Yes,Yes,Month-to-month,Yes,Electronic check,95.9,7.803741257515928
No,Yes,No,17,No,No,No internet service,No internet service,No internet service,No internet service,No internet service,No internet service,One year,No,Mailed check,19.35,5.730099782973574
No,Yes,No,58,No phone service,DSL,No,No,No,No,Yes,Yes,One year,Yes,Credit card (automatic),45.0,7.8974265756562785
Yes,Yes,No,17,No,Fiber optic,No,No,No,No,No,Yes,Month-to-month,No,Bank transfer (automatic),81.5,7.193084585850321
No,Yes,No,51,Yes,No,No internet service,No internet service,No internet service,No internet service,No internet service,No internet service,Two year,No,Mailed check,25.5,7.156371626269378
No,Yes,Yes,72,No phone service,DSL,Yes,No,Yes,Yes,Yes,No,Two year,No,Mailed check,48.9,8.168486417126681
No,Yes,No,52,No,Fiber optic,Yes,No,No,No,Yes,No,Month-to-month,No,Electronic check,84.1,8.377850661075554
No,No,No,27,No,No,No internet service,No internet service,No internet service,No internet service,No internet service,No internet service,Two year,Yes,Mailed check,19.6,6.331768718195769
No,No,No,3,No,No,No internet service,No internet service,No internet service,No internet service,No internet service,No internet service,Month-to-month,No,Mailed check,20.0,4.168214410788556
No,Yes,No,64,Yes,DSL,Yes,Yes,Yes,Yes,No,Yes,Two year,Yes,Mailed check,81.3,8.542919415987118
No,Yes,No,45,No,Fiber optic,No,No,No,Yes,Yes,Yes,Two year,Yes,Credit card (automatic),95.2,8.363295812838842
Yes,Yes,No,3,No phone service,DSL,No,No,No,No,Yes,No,Month-to-month,Yes,Mailed check,36.45,4.550714000192032
No,Yes,No,71,Yes,DSL,No,Yes,Yes,Yes,Yes,Yes,Two year,Yes,Credit card (automatic),83.3,8.681944627016728
Yes,No,No,1,No phone service,DSL,No,No,No,No,No,No,Month-to-month,No,Mailed check,25.05,3.260017768199376
No,Yes,Yes,58,No,No,No internet service,No internet service,No internet service,No internet service,No internet service,No internet service,Two year,No,Credit card (automatic),20.3,7.057682767965088
No,Yes,Yes,34,No,Fiber optic,No,Yes,Yes,No,Yes,No,Month-to-month,Yes,Electronic check,89.85,8.03681594174294
No,No,No,8,No,DSL,Yes,No,No,No,No,No,Month-to-month,Yes,Electronic check,49.85,5.904134937669595
No,Yes,Yes,15,No,No,No internet service,No internet service,No internet service,No internet service,No internet service,No internet service,Month-to-month,No,Mailed check,19.8,5.612945607984424
No,Yes,Yes,66,No phone service,DSL,No,No,Yes,Yes,Yes,Yes,Two year,No,Bank transfer (automatic),54.65,8.197814032221203
Yes,No,No,12,No phone service,DSL,No,Yes,No,No,No,No,Month-to-month,Yes,Credit card (automatic),29.35,5.945944031806173
No,No,No,58,No,No,No internet service,No internet service,No internet service,No internet service,No internet service,No internet service,Two year,Yes,Bank transfer (automatic),19.15,6.943604931875834
No,Yes,Yes,3,No,No,No internet service,No internet service,No internet service,No internet service,No internet service,No internet service,Two year,No,Mailed check,19.1,3.970291913552122
Yes,Yes,No,43,No phone service,DSL,No,Yes,Yes,No,Yes,Yes,Month-to-month,No,Credit card (automatic),55.55,7.759272795513524
No,No,No,9,No,Fiber optic,No,Yes,Yes,No,No,No,Month-to-month,No,Electronic check,80.55,6.484482552224008
No,No,No,3,No,No,No internet service,No internet service,No internet service,No internet service,No internet service,No internet service,One year,No,Mailed check,20.25,4.279440045898781
No,Yes,Yes,22,No,DSL,No,Yes,No,No,Yes,Yes,One year,Yes,Bank transfer (automatic),69.5,7.312686911484158
No,Yes,No,40,Yes,Fiber optic,No,Yes,Yes,No,Yes,Yes,One year,Yes,Bank transfer (automatic),106.0,8.337982789955662
No,No,No,68,Yes,No,No internet service,No internet service,No internet service,No internet service,No internet service,No internet service,Two year,No,Bank transfer (automatic),25.5,7.508129059389727
No,Yes,No,54,Yes,Fiber optic,No,Yes,Yes,No,Yes,Yes,Month-to-month,Yes,Electronic check,104.3,8.571520378892371
No,No,No,50,Yes,DSL,No,Yes,No,Yes,Yes,Yes,Two year,Yes,Mailed check,79.6,8.300329878059179
No,No,No,1,No,DSL,No,No,No,No,No,Yes,Month-to-month,Yes,Electronic check,55.25,4.029806041084529
No,Yes,No,72,Yes,DSL,Yes,Yes,Yes,Yes,Yes,Yes,Two year,No,Bank transfer (automatic),88.05,8.782905690439021
No,No,Yes,40,No,No,No internet service,No internet service,No internet service,No internet service,No internet service,No internet service,One year,Yes,Bank transfer (automatic),20.4,6.752153546887564
No,Yes,Yes,72,Yes,Fiber optic,Yes,Yes,Yes,Yes,Yes,Yes,Two year,Yes,Bank transfer (automatic),117.6,9.025202854082744
No,No,No,6,No,No,No internet service,No internet service,No internet service,No internet service,No internet service,No internet service,Month-to-month,No,Mailed check,20.0,4.702296896718814
No,No,No,5,No,No,No internet service,No internet service,No internet service,No internet service,No internet service,No internet service,Month-to-month,Yes,Credit card (automatic),19.65,4.5331369830882595
No,Yes,No,48,Yes,DSL,No,Yes,Yes,No,No,Yes,One year,Yes,Credit card (automatic),70.55,8.137834330392552
No,No,No,1,Yes,Fiber optic,No,No,No,No,Yes,Yes,Month-to-month,Yes,Electronic check,93.85,4.552296696381023
No,Yes,Yes,64,No,DSL,Yes,No,No,Yes,Yes,No,One year,No,Mailed check,65.8,8.31115254800169
No,No,No,17,No,No,No internet service,No internet service,No internet service,No internet service,No internet service,No internet service,One year,No,Credit card (automatic),20.05,5.825705078613006
No,Yes,No,40,No,Fiber optic,No,Yes,Yes,No,No,No,Month-to-month,Yes,Electronic check,80.0,8.061407999408058
No,Yes,Yes,41,No phone service,DSL,Yes,No,Yes,No,No,No,One year,No,Credit card (automatic),35.4,7.253753428256754
Yes,No,No,51,Yes,Fiber optic,No,Yes,No,No,No,No,One year,Yes,Bank transfer (automatic),79.6,8.287956112213468
No,Yes,No,41,Yes,Fiber optic,No,Yes,No,No,No,No,Month-to-month,Yes,Electronic check,80.25,8.143226750367445
No,Yes,Yes,1,No,DSL,No,No,Yes,No,No,No,Month-to-month,No,Mailed check,50.45,3.9406104622800586
No,No,No,2,No,No,No internet service,No internet service,No internet service,No internet service,No internet service,No internet service,Month-to-month,Yes,Mailed check,20.45,3.7716108517114013
No,No,No,68,No,Fiber optic,No,Yes,Yes,No,No,No,One year,No,Credit card (automatic),79.6,8.605652686043875
No,Yes,Yes,24,Yes,No,No internet service,No internet service,No internet service,No internet service,No internet service,No internet service,Two year,No,Mailed check,24.7,6.350449321333605
No,Yes,No,70,Yes,DSL,Yes,No,Yes,Yes,No,Yes,Two year,No,Credit card (automatic),77.3,8.61235790609557
No,No,No,3,No phone service,DSL,No,No,No,Yes,No,No,Month-to-month,Yes,Electronic check,29.75,4.583435693842085
No,No,No,2,No,DSL,No,No,No,No,No,No,Month-to-month,No,Bank transfer (automatic),44.9,4.718945200246936
No,Yes,No,3,No phone service,DSL,No,Yes,No,No,No,No,Month-to-month,No,Credit card (automatic),29.8,4.558078578454241
No,No,No,7,Yes,DSL,No,No,No,Yes,Yes,Yes,Month-to-month,Yes,Electronic check,74.65,6.257859140416507
No,No,No,13,No,DSL,Yes,No,No,No,Yes,Yes,Month-to-month,Yes,Electronic check,71.95,6.829631562200558
No,No,No,7,No,No,No internet service,No internet service,No internet service,No internet service,No internet service,No internet service,Month-to-month,No,Mailed check,20.75,4.956531035103055
No,Yes,Yes,12,No,DSL,No,No,No,No,Yes,No,Month-to-month,Yes,Mailed check,56.3,6.445164109451856
No,Yes,Yes,53,Yes,Fiber optic,No,Yes,Yes,No,Yes,Yes,One year,Yes,Electronic check,105.25,8.626460067304281
No,No,No,12,Yes,Fiber optic,No,No,No,No,Yes,Yes,Month-to-month,Yes,Electronic check,94.2,6.953779717293417
No,Yes,Yes,63,No,No,No internet service,No internet service,No internet service,No internet service,No internet service,No internet service,Two year,No,Mailed check,19.55,7.12817512437475
No,No,No,15,No,DSL,Yes,Yes,Yes,Yes,Yes,Yes,Month-to-month,No,Mailed check,84.45,7.161505626889247
No,Yes,Yes,36,No,DSL,Yes,Yes,No,No,No,No,One year,No,Mailed check,53.65,7.570623648156153
Yes,Yes,No,4,No phone service,DSL,No,No,Yes,No,No,No,Month-to-month,Yes,Electronic check,29.9,4.781222129768451
No,Yes,Yes,24,No,No,No internet service,No internet service,No internet service,No internet service,No internet service,No internet service,Two year,No,Mailed check,19.7,6.117105517060953
No,No,No,61,No phone service,DSL,Yes,Yes,Yes,Yes,No,No,One year,No,Credit card (automatic),43.7,7.900099232641693
No,No,No,16,Yes,DSL,No,Yes,No,No,No,No,Month-to-month,No,Electronic check,55.3,6.775765554519185
No,Yes,Yes,65,No,No,No internet service,No internet service,No internet service,No internet service,No internet service,No internet service,Two year,Yes,Credit card (automatic),19.85,7.1452355663964
No,Yes,Yes,26,No,No,No internet service,No internet service,No internet service,No internet service,No internet service,No internet service,Two year,No,Credit card (automatic),19.65,6.206374293495088
No,No,No,16,No,DSL,No,No,No,Yes,No,No,Month-to-month,Yes,Mailed check,49.45,6.684611727667927
No,Yes,No,54,Yes,Fiber optic,Yes,Yes,No,No,Yes,Yes,One year,No,Bank transfer (automatic),106.55,8.659439002954457
No,No,No,1,No,No,No internet service,No internet service,No internet service,No internet service,No internet service,No internet service,Month-to-month,No,Mailed check,20.1,3.0492730404820207
No,No,Yes,5,No,No,No internet service,No internet service,No internet service,No internet service,No internet service,No internet service,Two year,No,Mailed check,20.45,4.681204872264089
No,No,No,19,No phone service,DSL,No,Yes,No,No,No,Yes,Month-to-month,Yes,Electronic check,39.7,6.5667427508187055
No,No,No,10,Yes,DSL,Yes,No,No,No,No,No,Month-to-month,Yes,Credit card (automatic),54.5,6.344231866215697
No,Yes,Yes,23,No,Fiber optic,No,Yes,Yes,Yes,No,No,Month-to-month,No,Electronic check,83.8,7.550266843573502
No,No,No,3,No,DSL,No,No,No,No,Yes,No,Month-to-month,No,Mailed check,55.15,5.076110876055167
No,No,No,72,Yes,Fiber optic,No,Yes,Yes,Yes,Yes,Yes,Two year,Yes,Bank transfer (automatic),111.6,8.988914095301467
Yes,Yes,No,10,Yes,Fiber optic,No,No,No,No,No,Yes,Month-to-month,Yes,Electronic check,86.65,6.754196090855834
No,Yes,Yes,10,No,DSL,No,Yes,Yes,No,No,No,Month-to-month,Yes,Mailed check,55.55,6.314091376907141
No,Yes,No,11,No,No,No internet service,No internet service,No internet service,No internet service,No internet service,No internet service,One year,Yes,Mailed check,20.55,5.225477820371079
Yes,No,No,37,Yes,Fiber optic,Yes,Yes,No,No,Yes,Yes,Month-to-month,Yes,Bank transfer (automatic),106.75,8.30838391178518
No,Yes,Yes,17,Yes,DSL,Yes,No,No,Yes,No,No,One year,Yes,Mailed check,62.1,7.000926809869932
No,Yes,Yes,36,Yes,Fiber optic,Yes,No,Yes,No,Yes,Yes,Month-to-month,Yes,Credit card (automatic),104.5,8.21228357329783
Yes,No,No,17,No,Fiber optic,No,Yes,Yes,No,Yes,Yes,Month-to-month,Yes,Electronic check,101.8,7.469340554773917
Yes,Yes,Yes,66,Yes,Fiber optic,Yes,Yes,No,Yes,Yes,Yes,One year,Yes,Credit card (automatic),110.6,8.883480785438028
No,Yes,Yes,61,No,DSL,Yes,Yes,Yes,Yes,Yes,Yes,One year,No,Bank transfer (automatic),84.9,8.568931386820651
No,No,No,22,No,Fiber optic,No,Yes,No,No,Yes,Yes,Month-to-month,Yes,Mailed check,93.2,7.677076153764925
No,No,No,1,No phone service,DSL,No,No,No,No,No,No,Month-to-month,Yes,Electronic check,24.4,3.2347491740244907
No,No,No,6,No,Fiber optic,No,No,No,No,No,No,Month-to-month,No,Credit card (automatic),70.55,6.075231081953549
No,No,No,31,No,Fiber optic,No,Yes,No,Yes,No,No,Month-to-month,Yes,Electronic check,78.45,7.798174203288721
No,Yes,Yes,68,No,DSL,Yes,Yes,Yes,Yes,Yes,Yes,Two year,Yes,Credit card (automatic),85.0,8.632083157290193
No,Yes,Yes,34,Yes,Fiber optic,No,No,Yes,No,Yes,No,Month-to-month,No,Electronic check,87.45,7.963860125783483
No,Yes,Yes,52,No,Fiber optic,No,Yes,Yes,Yes,No,No,Month-to-month,No,Bank transfer (automatic),85.8,8.397125046886137
No,No,Yes,10,No,Fiber optic,No,No,Yes,Yes,Yes,No,Month-to-month,Yes,Electronic check,91.1,6.872490729881826
No,Yes,Yes,29,No,Fiber optic,No,No,No,No,No,No,Month-to-month,Yes,Electronic check,70.75,7.588728658610374
No,Yes,Yes,72,No,No,No internet service,No internet service,No internet service,No internet service,No internet service,No internet service,Two year,No,Bank transfer (automatic),20.1,7.2874580358668615
No,Yes,Yes,47,No,No,No internet service,No internet service,No internet service,No internet service,No internet service,No internet service,One year,No,Mailed check,20.05,6.859142599061444
No,Yes,Yes,24,Yes,DSL,Yes,No,No,No,Yes,Yes,One year,No,Mailed check,74.8,7.507799841279758
No,No,No,65,Yes,No,No internet service,No internet service,No internet service,No internet service,No internet service,No internet service,One year,No,Credit card (automatic),24.8,7.378976916154964
No,No,No,4,Yes,Fiber optic,No,No,No,Yes,Yes,Yes,Month-to-month,Yes,Mailed check,100.85,5.992089351876824
Yes,Yes,No,12,Yes,Fiber optic,No,Yes,No,No,Yes,Yes,Month-to-month,Yes,Electronic check,101.35,7.106237217225485
No,No,No,1,Yes,Fiber optic,Yes,No,No,No,No,No,Month-to-month,Yes,Electronic check,81.7,4.415219602029645
No,No,No,33,No,Fiber optic,No,No,No,No,No,No,Month-to-month,No,Electronic check,68.25,7.683472739442721
No,No,No,34,No,Fiber optic,No,Yes,Yes,Yes,Yes,Yes,Month-to-month,Yes,Electronic check,105.1,8.198584448283961
No,Yes,No,14,No,No,No internet service,No internet service,No internet service,No internet service,No internet service,No internet service,Two year,No,Mailed check,20.4,5.681536865708881
No,No,No,4,No,Fiber optic,No,No,No,No,No,Yes,Month-to-month,Yes,Electronic check,79.15,5.762837237437516
No,Yes,Yes,13,No,No,No internet service,No internet service,No internet service,No internet service,No internet service,No internet service,One year,No,Mailed check,20.0,5.391579997007726
No,Yes,Yes,65,Yes,DSL,No,Yes,No,Yes,Yes,Yes,Two year,Yes,Bank transfer (automatic),79.4,8.531667925170549
No,Yes,Yes,23,No,DSL,Yes,No,No,Yes,No,No,One year,No,Credit card (automatic),57.2,7.2614708482882175
No,Yes,No,55,No,DSL,Yes,Yes,Yes,No,No,No,Two year,No,Electronic check,58.6,8.029302538932743
No,Yes,No,49,No,Fiber optic,No,Yes,No,No,Yes,Yes,Two year,Yes,Electronic check,94.8,8.453539611935604
No,Yes,No,60,Yes,Fiber optic,No,Yes,Yes,No,Yes,Yes,One year,No,Bank transfer (automatic),102.5,8.725604757969933
No,Yes,Yes,69,No,No,No internet service,No internet service,No internet service,No internet service,No internet service,No internet service,One year,Yes,Credit card (automatic),20.35,7.274929907801973
No,No,No,40,Yes,Fiber optic,No,No,No,No,Yes,No,Month-to-month,Yes,Electronic check,84.9,8.122682860031595
No,Yes,No,67,No,DSL,Yes,Yes,No,Yes,No,Yes,Two year,Yes,Credit card (automatic),69.2,8.449481641543167
Yes,No,No,35,Yes,Fiber optic,No,No,No,No,Yes,Yes,Month-to-month,Yes,Electronic check,95.45,8.153364146384588
No,Yes,Yes,19,Yes,Fiber optic,No,No,No,Yes,Yes,Yes,One year,Yes,Electronic check,100.95,7.537190263570481
No,Yes,Yes,13,No,No,No internet service,No internet service,No internet service,No internet service,No internet service,No internet service,Two year,No,Mailed check,20.85,5.610753025341008
No,No,Yes,41,Yes,Fiber optic,No,Yes,No,No,Yes,No,Month-to-month,Yes,Bank transfer (automatic),88.5,8.201399668803381
No,No,No,4,No phone service,DSL,Yes,No,Yes,No,No,No,Month-to-month,No,Mailed check,35.0,4.91815444130209
No,Yes,Yes,24,No,DSL,Yes,No,No,Yes,No,No,Month-to-month,No,Electronic check,55.15,7.186030747734346
No,No,No,5,No phone service,DSL,No,Yes,No,No,Yes,Yes,Month-to-month,Yes,Credit card (automatic),50.95,5.439816928821736
No,No,No,5,Yes,DSL,No,Yes,No,No,No,Yes,Month-to-month,Yes,Electronic check,64.0,5.9168756901169095
No,Yes,Yes,1,No,Fiber optic,No,No,No,No,No,No,Month-to-month,Yes,Mailed check,69.1,4.249922794040544
No,Yes,Yes,72,Yes,DSL,Yes,Yes,Yes,Yes,Yes,No,Two year,No,Bank transfer (automatic),80.2,8.650884571242125
No,No,No,24,No,DSL,No,No,Yes,No,No,No,Month-to-month,Yes,Credit card (automatic),49.3,7.118218777138972
No,Yes,No,42,Yes,DSL,Yes,No,Yes,Yes,Yes,Yes,Two year,No,Credit card (automatic),84.35,8.181048901014783
No,No,No,4,No,No,No internet service,No internet service,No internet service,No internet service,No internet service,No internet service,Month-to-month,No,Mailed check,20.05,4.4343818650078095
No,No,No,68,Yes,Fiber optic,Yes,Yes,Yes,Yes,Yes,Yes,One year,Yes,Credit card (automatic),117.2,8.99180493696654
No,Yes,Yes,33,No,No,No internet service,No internet service,No internet service,No internet service,No internet service,No internet service,One year,No,Mailed check,20.1,6.363717521010033
No,No,No,31,Yes,Fiber optic,No,Yes,Yes,No,Yes,Yes,One year,Yes,Electronic check,103.45,8.02860187653372
No,No,No,4,Yes,Fiber optic,No,Yes,No,No,No,No,Month-to-month,No,Bank transfer (automatic),77.95,5.725380874208697
Yes,Yes,No,69,Yes,Fiber optic,No,Yes,Yes,Yes,Yes,Yes,Two year,Yes,Electronic check,109.95,8.940530961059032
Yes,No,No,38,Yes,Fiber optic,No,No,No,No,Yes,Yes,Month-to-month,No,Electronic check,94.75,8.203577736937952
No,Yes,Yes,3,No,Fiber optic,No,Yes,No,Yes,No,No,Month-to-month,Yes,Electronic check,80.0,5.49017662782248
No,Yes,Yes,48,Yes,DSL,No,Yes,No,Yes,Yes,Yes,Two year,No,Electronic check,79.65,8.2613456469289
No,Yes,No,15,Yes,No,No internet service,No internet service,No internet service,No internet service,No internet service,No internet service,Two year,No,Mailed check,25.2,5.963322241161702
No,No,No,25,No,No,No internet service,No internet service,No internet service,No internet service,No internet service,No internet service,One year,No,Credit card (automatic),19.9,6.270042805310292
Yes,No,No,1,No,Fiber optic,No,No,No,No,Yes,No,Month-to-month,No,Electronic check,78.45,4.375127892982725
No,No,No,48,No phone service,DSL,Yes,Yes,No,No,Yes,No,Month-to-month,Yes,Electronic check,44.8,7.652331994648445
No,No,No,1,No,No,No internet service,No internet service,No internet service,No internet service,No internet service,No internet service,Month-to-month,No,Mailed check,20.3,3.0587070727153796
No,No,No,1,No,No,No internet service,No internet service,No internet service,No internet service,No internet service,No internet service,Month-to-month,No,Electronic check,19.2,3.005682604407159
No,No,No,37,No,Fiber optic,No,Yes,Yes,No,No,No,One year,No,Electronic check,80.05,8.013045222403488
Yes,Yes,No,66,Yes,Fiber optic,No,Yes,Yes,Yes,Yes,Yes,One year,Yes,Bank transfer (automatic),107.35,8.861201248001143
No,Yes,No,26,No phone service,DSL,Yes,Yes,Yes,No,Yes,No,One year,No,Bank transfer (automatic),47.85,7.082968296538797
No,Yes,No,63,No,DSL,Yes,Yes,No,Yes,Yes,No,One year,No,Credit card (automatic),70.8,8.400614430330057
No,No,No,10,No phone service,DSL,No,No,Yes,No,No,No,Month-to-month,No,Mailed check,29.5,5.546153530452618
No,No,No,2,No,DSL,Yes,No,No,No,Yes,Yes,Month-to-month,Yes,Electronic check,70.75,4.996536369716754
Yes,Yes,No,18,No,DSL,Yes,No,No,No,No,Yes,Month-to-month,Yes,Credit card (automatic),59.1,6.919733255741544
No,Yes,No,64,Yes,No,No internet service,No internet service,No internet service,No internet service,No internet service,No internet service,Two year,No,Mailed check,25.55,7.447722142094264
Yes,No,No,9,Yes,Fiber optic,No,No,No,No,No,Yes,Month-to-month,Yes,Electronic check,84.45,6.637913124658687
No,No,Yes,28,No,No,No internet service,No internet service,No internet service,No internet service,No internet service,No internet service,Month-to-month,No,Mailed check,20.25,6.2847869330434385
No,No,No,1,No,Fiber optic,No,No,Yes,No,No,No,Month-to-month,No,Electronic check,75.55,4.337944122103693
No,No,No,4,Yes,Fiber optic,No,No,No,No,No,Yes,Month-to-month,Yes,Electronic check,85.65,5.828651456702071
Yes,No,No,38,No,DSL,No,Yes,Yes,Yes,Yes,No,One year,Yes,Credit card (automatic),70.15,7.823385792960413
No,Yes,No,66,Yes,Fiber optic,No,Yes,Yes,No,No,Yes,One year,No,Electronic check,95.3,8.744233141898457
No,No,No,1,No,Fiber optic,No,No,No,No,No,No,Month-to-month,Yes,Electronic check,70.25,4.26619481914876
No,Yes,No,18,No,DSL,No,No,No,Yes,No,No,Month-to-month,Yes,Mailed check,50.3,6.8131698364922695
Yes,No,No,51,Yes,Fiber optic,No,No,Yes,No,Yes,Yes,Month-to-month,Yes,Electronic check,97.8,8.499904601278695
No,No,No,1,No,DSL,No,No,No,No,No,No,Month-to-month,No,Mailed check,46.3,3.856510295497887
No,No,Yes,12,No,No,No internet service,No internet service,No internet service,No internet service,No internet service,No internet service,Two year,No,Bank transfer (automatic),19.35,5.362699625477305
No,No,No,41,Yes,Fiber optic,No,Yes,Yes,No,Yes,Yes,Month-to-month,Yes,Electronic check,106.3,8.399411405759073
No,No,No,12,Yes,No,No internet service,No internet service,No internet service,No internet service,No internet service,No internet service,Month-to-month,No,Electronic check,25.0,5.7595324897606925
No,Yes,Yes,55,No,No,No internet service,No internet service,No internet service,No internet service,No internet service,No internet service,Two year,No,Mailed check,20.3,6.984762615342921
No,No,No,7,Yes,Fiber optic,No,No,No,No,No,No,Month-to-month,Yes,Electronic check,75.35,6.337975512372476
No,No,No,12,No,Fiber optic,No,No,Yes,Yes,No,Yes,Month-to-month,Yes,Electronic check,89.4,7.000015357407435
No,Yes,Yes,68,Yes,DSL,Yes,Yes,Yes,Yes,Yes,Yes,Two year,No,Credit card (automatic),88.0,8.726302724966574
Yes,No,No,5,Yes,Fiber optic,No,No,No,No,Yes,No,Month-to-month,Yes,Credit card (automatic),83.15,6.102670445181327
Yes,No,No,49,No,DSL,No,No,No,No,No,No,Month-to-month,No,Mailed check,43.8,7.653044143945029
No,No,No,40,No phone service,DSL,Yes,Yes,Yes,No,Yes,Yes,One year,No,Credit card (automatic),62.05,7.829053452666831
No,No,No,16,No,No,No internet service,No internet service,No internet service,No internet service,No internet service,No internet service,One year,No,Bank transfer (automatic),20.1,5.7670702138921195
No,No,No,10,Yes,Fiber optic,No,No,No,No,No,No,Month-to-month,Yes,Mailed check,74.15,6.700485076824218
No,Yes,No,72,Yes,Fiber optic,No,Yes,Yes,No,Yes,Yes,One year,Yes,Electronic check,101.35,8.898932386196364
Yes,No,No,2,Yes,Fiber optic,No,No,No,No,No,Yes,Month-to-month,Yes,Electronic check,84.05,5.231375960794155
No,Yes,Yes,23,No,No,No internet service,No internet service,No internet service,No internet service,No internet service,No internet service,Two year,No,Mailed check,20.9,6.12029741895095
Yes,No,No,71,Yes,Fiber optic,No,Yes,Yes,No,Yes,Yes,One year,Yes,Electronic check,105.9,8.925713627253408
No,Yes,No,11,Yes,Fiber optic,No,No,Yes,No,Yes,Yes,Month-to-month,Yes,Electronic check,99.5,6.964088352322298
No,No,No,1,No,DSL,No,No,No,No,No,No,Month-to-month,Yes,Mailed check,44.15,3.8099902798629945
No,No,No,16,No,DSL,No,Yes,No,Yes,No,No,Month-to-month,Yes,Mailed check,53.9,6.727611349435956
No,No,No,1,Yes,Fiber optic,No,No,No,No,No,Yes,Month-to-month,Yes,Mailed check,85.45,4.4595662121293
No,Yes,No,12,No,Fiber optic,No,Yes,No,No,No,Yes,Month-to-month,Yes,Credit card (automatic),85.05,6.908554959152701
No,No,No,54,No phone service,DSL,Yes,No,No,Yes,No,Yes,One year,No,Bank transfer (automatic),44.1,7.770940549169187
No,Yes,No,68,Yes,Fiber optic,No,Yes,Yes,Yes,No,No,Two year,No,Credit card (automatic),90.2,8.748090603702874
No,Yes,Yes,4,Yes,DSL,No,No,No,No,No,No,Month-to-month,No,Mailed check,50.85,5.482927968145463
No,No,Yes,1,No,DSL,No,No,Yes,No,No,Yes,Month-to-month,No,Electronic check,59.2,4.097672352314776
No,No,No,27,No,DSL,Yes,No,No,Yes,No,No,Month-to-month,No,Mailed check,53.45,7.287868390487399
No,No,No,21,No,No,No internet service,No internet service,No internet service,No internet service,No internet service,No internet service,Month-to-month,Yes,Mailed check,19.95,6.0340449946431
No,No,No,13,No,Fiber optic,No,No,Yes,No,Yes,No,Month-to-month,Yes,Electronic check,83.2,6.967532483017997
Yes,No,No,64,Yes,DSL,No,Yes,Yes,Yes,No,Yes,Month-to-month,No,Credit card (automatic),74.65,8.490921082077374
No,No,No,1,No,DSL,Yes,Yes,No,No,No,No,Month-to-month,Yes,Electronic check,54.9,4.023564380161053
No,Yes,No,57,No phone service,DSL,No,Yes,Yes,Yes,Yes,Yes,Two year,Yes,Bank transfer (automatic),57.5,8.091612106923195
No,Yes,No,21,Yes,Fiber optic,Yes,No,Yes,No,Yes,Yes,Month-to-month,Yes,Electronic check,103.9,7.720993939799903
No,No,No,19,No,No,No internet service,No internet service,No internet service,No internet service,No internet service,No internet service,Two year,No,Mailed check,19.65,5.88374012852081
No,Yes,No,31,No,Fiber optic,No,No,Yes,No,Yes,Yes,One year,Yes,Electronic check,93.8,7.986436932161368
No,No,No,52,Yes,DSL,Yes,Yes,Yes,Yes,Yes,Yes,Two year,Yes,Mailed check,89.25,8.445353414193193
No,No,No,46,Yes,Fiber optic,No,Yes,Yes,No,No,Yes,One year,Yes,Electronic check,94.15,8.391505244109847
Yes,No,No,11,Yes,DSL,Yes,No,No,No,No,No,Month-to-month,Yes,Electronic check,55.6,6.366126746061101
No,Yes,Yes,53,No phone service,DSL,Yes,Yes,Yes,No,No,Yes,Month-to-month,Yes,Bank transfer (automatic),48.7,7.822524854484353
No,Yes,Yes,11,No,No,No internet service,No internet service,No internet service,No internet service,No internet service,No internet service,Month-to-month,Yes,Mailed check,19.25,5.200153117760806
Yes,No,No,57,Yes,Fiber optic,No,Yes,No,Yes,Yes,Yes,Month-to-month,Yes,Bank transfer (automatic),104.9,8.685238323291383
Yes,No,No,2,Yes,Fiber optic,No,No,No,No,No,No,Month-to-month,Yes,Mailed check,75.45,5.071416766356115
Yes,No,No,2,No,DSL,Yes,Yes,No,No,No,No,Month-to-month,No,Mailed check,54.85,4.65586330030361
No,Yes,Yes,71,No,No,No internet service,No internet service,No internet service,No internet service,No internet service,No internet service,Two year,No,Bank transfer (automatic),19.9,7.237310792989951
No,Yes,Yes,1,No,No,No internet service,No internet service,No internet service,No internet service,No internet service,No internet service,Month-to-month,Yes,Mailed check,19.4,3.0155349008501706
No,Yes,No,68,Yes,No,No internet service,No internet service,No internet service,No internet service,No internet service,No internet service,Two year,No,Credit card (automatic),25.05,7.396457985660357
No,Yes,No,72,No,DSL,Yes,Yes,Yes,Yes,Yes,Yes,Two year,No,Mailed check,84.45,8.705181992336072
No,No,No,2,No,No,No internet service,No internet service,No internet service,No internet service,No internet service,No internet service,Month-to-month,No,Mailed check,19.3,3.8155121050473024
Yes,Yes,No,1,Yes,Fiber optic,No,No,No,No,Yes,Yes,Month-to-month,Yes,Electronic check,95.1,4.565389315976247
No,No,No,41,No,DSL,Yes,No,Yes,Yes,Yes,Yes,One year,Yes,Bank transfer (automatic),79.85,8.108247031471418
No,Yes,Yes,72,Yes,No,No internet service,No internet service,No internet service,No internet service,No internet service,No internet service,Two year,No,Credit card (automatic),25.55,7.53299828092821
No,Yes,No,6,Yes,Fiber optic,No,No,No,No,No,No,Month-to-month,Yes,Electronic check,75.5,6.0844994130751715
No,Yes,Yes,4,No,Fiber optic,No,No,Yes,No,No,No,Month-to-month,Yes,Electronic check,73.75,5.788276797632642
No,No,No,12,Yes,Fiber optic,No,No,No,No,Yes,Yes,Month-to-month,Yes,Electronic check,96.05,7.046734306263588
No,Yes,No,58,Yes,DSL,Yes,No,No,Yes,No,Yes,One year,Yes,Electronic check,68.4,8.287339678576929
No,No,No,7,No,No,No internet service,No internet service,No internet service,No internet service,No internet service,No internet service,Month-to-month,No,Mailed check,20.65,5.055608659738987
No,Yes,No,65,No,DSL,Yes,No,Yes,No,No,No,Month-to-month,Yes,Mailed check,55.15,8.20907709237769
No,No,No,1,No,Fiber optic,No,No,No,No,No,No,Month-to-month,Yes,Mailed check,70.6,4.2710950739666
No,Yes,No,56,No,No,No internet service,No internet service,No internet service,No internet service,No internet service,No internet service,One year,No,Credit card (automatic),19.95,7.027979776288506
No,No,No,4,No,No,No internet service,No internet service,No internet service,No internet service,No internet service,No internet service,Month-to-month,No,Mailed check,19.0,4.310127759130018
No,Yes,Yes,58,No,DSL,No,No,No,No,No,No,One year,Yes,Mailed check,44.1,7.789061113953332
No,Yes,No,62,Yes,Fiber optic,No,No,Yes,Yes,Yes,Yes,Two year,Yes,Bank transfer (automatic),107.6,8.84126022931745
No,No,No,26,Yes,DSL,Yes,Yes,No,No,No,No,One year,No,Electronic check,61.55,7.367045473785209
No,No,No,62,Yes,Fiber optic,Yes,Yes,Yes,No,No,No,Month-to-month,No,Bank transfer (automatic),90.7,8.628278290335924
No,Yes,Yes,58,No,Fiber optic,Yes,Yes,No,No,Yes,Yes,One year,No,Credit card (automatic),99.25,8.673795150117357
No,Yes,No,68,Yes,DSL,Yes,Yes,Yes,Yes,Yes,Yes,Two year,Yes,Electronic check,91.7,8.768060853245206
No,Yes,Yes,61,Yes,Fiber optic,Yes,Yes,Yes,No,No,Yes,One year,Yes,Credit card (automatic),100.7,8.702784397077815
No,No,No,42,Yes,DSL,No,No,Yes,Yes,Yes,Yes,Two year,Yes,Credit card (automatic),78.45,8.12397280972451
No,No,No,18,Yes,Fiber optic,No,No,No,No,Yes,No,Month-to-month,No,Bank transfer (automatic),84.3,7.338823154469806
No,No,No,56,No,No,No internet service,No internet service,No internet service,No internet service,No internet service,No internet service,Two year,Yes,Bank transfer (automatic),19.55,6.98615047640951
No,No,No,4,Yes,Fiber optic,No,Yes,No,No,No,Yes,Month-to-month,Yes,Electronic check,88.95,5.875492370855561
No,No,No,4,No,No,No internet service,No internet service,No internet service,No internet service,No internet service,No internet service,Month-to-month,No,Credit card (automatic),20.45,4.429029488269218
No,No,Yes,35,No,DSL,Yes,Yes,No,No,No,No,One year,No,Credit card (automatic),55.6,7.6095896166895365
No,Yes,Yes,64,Yes,Fiber optic,Yes,No,No,Yes,No,No,Month-to-month,Yes,Bank transfer (automatic),86.8,8.580778133041347
No,No,No,31,No,No,No internet service,No internet service,No internet service,No internet service,No internet service,No internet service,One year,No,Mailed check,20.95,6.5283233479207885
Yes,Yes,No,67,No,No,No internet service,No internet service,No internet service,No internet service,No internet service,No internet service,Two year,Yes,Bank transfer (automatic),20.05,7.142076130886472
No,No,No,4,No,DSL,No,Yes,No,No,No,No,Month-to-month,No,Credit card (automatic),50.7,5.025852259901116
Yes,Yes,No,70,Yes,Fiber optic,Yes,Yes,Yes,Yes,Yes,Yes,Two year,Yes,Electronic check,113.65,8.951006012706504
No,No,No,3,No,DSL,No,No,No,No,Yes,No,Month-to-month,No,Credit card (automatic),53.4,5.245443876940969
Yes,Yes,No,53,Yes,Fiber optic,No,Yes,No,No,Yes,Yes,Month-to-month,Yes,Electronic check,101.9,8.621625276215486
No,Yes,Yes,2,No,DSL,Yes,Yes,No,Yes,No,No,Two year,No,Mailed check,59.5,4.879006851617819
No,Yes,Yes,29,No,Fiber optic,No,No,No,No,Yes,Yes,Month-to-month,Yes,Credit card (automatic),87.8,7.871978664611595
No,No,No,47,No phone service,DSL,Yes,No,Yes,Yes,No,No,Two year,No,Mailed check,41.9,7.5370303829476715
No,Yes,Yes,68,Yes,Fiber optic,No,No,No,No,Yes,No,One year,Yes,Electronic check,83.0,8.645902978761542
No,No,Yes,12,No,DSL,Yes,No,No,No,Yes,Yes,Month-to-month,Yes,Mailed check,69.85,6.731614581263264
No,Yes,Yes,8,No,DSL,No,Yes,No,Yes,No,No,Month-to-month,No,Bank transfer (automatic),56.3,5.997695096858618
No,Yes,No,54,Yes,Fiber optic,Yes,Yes,Yes,No,Yes,Yes,Month-to-month,No,Electronic check,109.55,8.719309205538357
No,Yes,Yes,69,No,Fiber optic,No,Yes,No,Yes,Yes,No,Two year,Yes,Mailed check,92.15,8.776768956245249
No,No,No,26,Yes,DSL,Yes,Yes,No,No,Yes,No,Month-to-month,Yes,Bank transfer (automatic),69.5,7.496125107144836
No,Yes,No,72,Yes,Fiber optic,Yes,Yes,Yes,Yes,No,No,Two year,Yes,Bank transfer (automatic),97.0,8.86858218932573
No,No,No,70,No phone service,DSL,Yes,No,Yes,Yes,Yes,Yes,Two year,Yes,Bank transfer (automatic),58.35,8.34646418065809
No,No,Yes,1,No,DSL,Yes,No,No,No,No,No,Month-to-month,No,Mailed check,50.6,3.9435216724875173
No,No,No,10,No,Fiber optic,No,No,No,No,Yes,Yes,Month-to-month,Yes,Electronic check,89.5,6.7616885028473535
No,Yes,Yes,28,No,Fiber optic,No,No,No,No,No,No,One year,Yes,Bank transfer (automatic),70.4,7.59749666640725
No,No,No,1,No,Fiber optic,No,No,No,No,No,No,Month-to-month,Yes,Electronic check,69.8,4.259859000699674
No,Yes,No,21,Yes,Fiber optic,No,No,No,No,Yes,Yes,Month-to-month,Yes,Electronic check,94.3,7.575251262656555
Yes,Yes,No,51,Yes,Fiber optic,Yes,No,Yes,No,Yes,No,Month-to-month,Yes,Bank transfer (automatic),93.8,8.466310339101604
No,Yes,Yes,53,No,No,No internet service,No internet service,No internet service,No internet service,No internet service,No internet service,One year,No,Bank transfer (automatic),19.55,6.916615907414333
No,No,Yes,53,No,Fiber optic,Yes,Yes,Yes,No,No,Yes,One year,No,Electronic check,95.95,8.524744607569072
No,Yes,No,24,Yes,Fiber optic,No,No,Yes,No,Yes,Yes,Month-to-month,Yes,Electronic check,101.05,7.7802195073157385
No,Yes,No,70,Yes,DSL,Yes,Yes,Yes,Yes,Yes,Yes,Two year,Yes,Credit card (automatic),94.8,8.833470009323106
No,No,No,61,Yes,Fiber optic,Yes,Yes,Yes,No,Yes,Yes,One year,Yes,Electronic check,107.75,8.783074341309122
No,No,No,11,No,DSL,Yes,No,No,Yes,No,No,One year,Yes,Mailed check,54.6,6.427862916986031
No,No,No,2,No,Fiber optic,No,No,No,No,No,No,Month-to-month,Yes,Credit card (automatic),71.3,5.067330637772801
No,No,No,25,No,No,No internet service,No internet service,No internet service,No internet service,No internet service,No internet service,One year,Yes,Bank transfer (automatic),19.5,6.248622977009469
No,No,No,41,Yes,DSL,No,Yes,No,No,No,No,One year,Yes,Credit card (automatic),56.3,7.768533300926033
No,Yes,No,18,Yes,Fiber optic,No,No,No,No,Yes,Yes,Month-to-month,Yes,Electronic check,94.7,7.431862313054042
Yes,Yes,No,72,Yes,Fiber optic,No,Yes,Yes,No,Yes,Yes,Two year,Yes,Bank transfer (automatic),104.15,8.947799591930734
No,Yes,Yes,71,Yes,DSL,Yes,Yes,Yes,Yes,Yes,Yes,Two year,Yes,Credit card (automatic),90.55,8.738743474151883
No,Yes,Yes,34,No,DSL,Yes,Yes,Yes,No,No,No,One year,Yes,Mailed check,60.8,7.622199068331163
No,No,No,29,No,Fiber optic,No,No,Yes,Yes,Yes,Yes,Month-to-month,Yes,Credit card (automatic),98.8,7.940263377047203
Yes,Yes,No,40,No,Fiber optic,Yes,Yes,Yes,Yes,Yes,No,One year,Yes,Credit card (automatic),98.15,8.323074319142645
No,Yes,No,36,No phone service,DSL,Yes,No,Yes,No,No,No,One year,No,Mailed check,35.35,7.184591244493121
No,Yes,No,46,Yes,Fiber optic,No,Yes,No,Yes,Yes,Yes,One year,Yes,Electronic check,103.15,8.43286548289217
No,No,No,58,Yes,Fiber optic,Yes,Yes,Yes,No,Yes,Yes,One year,Yes,Electronic check,107.75,8.75364775679012
No,No,No,39,Yes,Fiber optic,No,Yes,No,No,No,No,One year,No,Credit card (automatic),81.4,8.075504873150548
No,Yes,Yes,4,No,DSL,No,No,No,Yes,No,Yes,Month-to-month,No,Credit card (automatic),61.45,5.440467758652715
No,Yes,Yes,52,Yes,Fiber optic,No,Yes,Yes,No,Yes,No,One year,Yes,Credit card (automatic),95.7,8.512612717042128
Yes,Yes,No,70,Yes,Fiber optic,No,Yes,Yes,No,Yes,Yes,One year,Yes,Electronic check,104.8,8.89699171277515
Yes,Yes,No,65,No,Fiber optic,No,No,No,No,No,No,One year,Yes,Bank transfer (automatic),70.95,8.424244221759855
No,No,No,1,No,DSL,No,No,No,No,No,No,Month-to-month,Yes,Mailed check,44.95,3.827553848801696
No,Yes,No,70,Yes,Fiber optic,No,No,Yes,No,Yes,Yes,One year,Yes,Electronic check,97.65,8.851305502745825
Yes,Yes,Yes,29,No phone service,DSL,No,Yes,Yes,No,No,No,Month-to-month,Yes,Mailed check,35.65,6.933569213875117
No,No,No,1,No,Fiber optic,No,No,No,No,Yes,Yes,Month-to-month,Yes,Electronic check,90.55,4.51688527112052
No,No,No,67,Yes,DSL,Yes,No,Yes,Yes,Yes,Yes,Two year,Yes,Mailed check,85.25,8.650884571242125
No,No,No,1,No,No,No internet service,No internet service,No internet service,No internet service,No internet service,No internet service,Month-to-month,Yes,Mailed check,19.5,3.0204248861443626
No,No,No,26,No,Fiber optic,No,No,No,No,Yes,Yes,Month-to-month,Yes,Bank transfer (automatic),88.8,7.729889165705791
No,Yes,Yes,30,Yes,No,No internet service,No internet service,No internet service,No internet service,No internet service,No internet service,Two year,Yes,Mailed check,25.1,6.672728905756154
No,Yes,No,48,No,Fiber optic,No,No,Yes,Yes,Yes,Yes,Month-to-month,Yes,Credit card (automatic),100.05,8.483636407887394
No,Yes,Yes,55,No,DSL,Yes,Yes,No,No,No,No,Month-to-month,No,Electronic check,55.7,8.04968245233619
No,No,No,7,Yes,Fiber optic,No,No,No,No,No,Yes,Month-to-month,Yes,Mailed check,85.2,6.402828887147136
No,No,No,37,Yes,Fiber optic,Yes,No,No,No,Yes,No,Month-to-month,Yes,Electronic check,91.15,8.122742204571173
No,Yes,No,31,No,Fiber optic,No,Yes,No,No,No,Yes,Month-to-month,Yes,Bank transfer (automatic),83.85,7.8917607325243315
No,No,No,4,No,DSL,No,No,No,No,No,No,Month-to-month,Yes,Electronic check,45.9,5.302060352826871
No,Yes,Yes,72,Yes,No,No internet service,No internet service,No internet service,No internet service,No internet service,No internet service,Two year,Yes,Credit card (automatic),25.1,7.490975980163478
Yes,No,No,5,No,Fiber optic,No,No,No,No,Yes,Yes,Month-to-month,Yes,Electronic check,91.4,6.110912862083427
No,Yes,Yes,1,No,No,No internet service,No internet service,No internet service,No internet service,No internet service,No internet service,Month-to-month,No,Mailed check,19.7,3.0301337002713233
Yes,No,No,15,No,Fiber optic,No,No,No,No,Yes,Yes,Month-to-month,Yes,Electronic check,91.5,7.245155656176172
No,Yes,Yes,8,No,DSL,Yes,No,No,No,No,No,Month-to-month,Yes,Credit card (automatic),51.3,6.022478600637151
No,No,No,35,No,No,No internet service,No internet service,No internet service,No internet service,No internet service,No internet service,One year,No,Mailed check,21.1,6.60934924316738
Yes,No,No,56,Yes,Fiber optic,No,Yes,Yes,No,Yes,Yes,Month-to-month,No,Electronic check,104.75,8.672888392142482
No,Yes,No,42,Yes,Fiber optic,No,No,Yes,Yes,Yes,Yes,Month-to-month,Yes,Bank transfer (automatic),106.15,8.414872495266398
Yes,Yes,Yes,65,Yes,Fiber optic,Yes,Yes,No,No,No,No,Month-to-month,Yes,Electronic check,85.75,8.646368861639983
No,Yes,Yes,2,No,No,No internet service,No internet service,No internet service,No internet service,No internet service,No internet service,One year,No,Mailed check,20.3,3.493472657771326
Yes,Yes,No,65,Yes,Fiber optic,Yes,No,No,No,Yes,Yes,One year,Yes,Electronic check,100.75,8.806221856804648
No,No,No,18,Yes,Fiber optic,No,No,No,No,No,No,Month-to-month,Yes,Electronic check,74.15,7.205449561560643
No,No,No,23,Yes,DSL,Yes,No,Yes,No,Yes,Yes,One year,Yes,Electronic check,78.55,7.519719518716397
No,No,No,4,No,DSL,No,No,No,No,No,No,Month-to-month,Yes,Mailed check,45.3,5.288014473552139
No,Yes,No,70,No,No,No internet service,No internet service,No internet service,No internet service,No internet service,No internet service,Two year,No,Credit card (automatic),19.85,7.268780745658128
No,No,No,4,Yes,DSL,No,No,No,No,No,No,Month-to-month,No,Electronic check,50.7,5.373192901193144
No,No,No,19,No,DSL,No,No,No,No,No,No,Month-to-month,Yes,Bank transfer (automatic),45.0,6.764865951431896
No,No,No,18,No,Fiber optic,No,Yes,Yes,No,No,No,Month-to-month,No,Electronic check,77.8,7.2149458178219605
Yes,Yes,No,38,No,Fiber optic,Yes,No,No,No,No,Yes,Month-to-month,Yes,Electronic check,83.45,8.054570257703245
No,No,No,2,Yes,Fiber optic,No,No,No,No,No,No,Month-to-month,Yes,Credit card (automatic),73.25,4.883180638743141
No,No,No,47,Yes,Fiber optic,Yes,Yes,No,No,Yes,No,One year,No,Bank transfer (automatic),94.8,8.419988217623041
No,Yes,Yes,52,No,No,No internet service,No internet service,No internet service,No internet service,No internet service,No internet service,Two year,No,Bank transfer (automatic),20.1,6.984484811840811
No,No,No,9,Yes,DSL,No,No,No,No,No,Yes,Month-to-month,No,Mailed check,59.9,6.297845696992248
No,Yes,No,26,Yes,DSL,Yes,Yes,Yes,Yes,Yes,Yes,One year,Yes,Credit card (automatic),90.1,7.746538420389285
No,Yes,Yes,8,No,DSL,No,No,Yes,No,No,No,Month-to-month,Yes,Electronic check,51.05,6.030805445346439
No,Yes,No,44,No,DSL,No,Yes,Yes,Yes,Yes,No,One year,Yes,Electronic check,70.95,8.086856329672903
No,No,No,3,No phone service,DSL,No,Yes,No,No,No,No,Month-to-month,No,Mailed check,29.2,4.600157644164547
No,No,No,2,No,DSL,No,No,No,No,No,No,Month-to-month,Yes,Bank transfer (automatic),46.6,4.487512142519859
No,Yes,Yes,9,Yes,Fiber optic,No,No,No,No,Yes,No,Month-to-month,Yes,Bank transfer (automatic),85.35,6.6275783060161295
Yes,No,No,1,Yes,Fiber optic,No,No,No,No,No,No,Month-to-month,Yes,Electronic check,75.35,4.335328031664641
No,No,No,25,No,Fiber optic,Yes,No,No,No,No,No,Month-to-month,No,Bank transfer (automatic),74.3,7.577249930876854
Yes,Yes,No,2,No,Fiber optic,No,No,No,No,No,No,Month-to-month,Yes,Electronic check,69.3,5.042133961155627
No,No,No,43,No,Fiber optic,Yes,No,No,No,No,No,Month-to-month,Yes,Electronic check,75.2,8.070781080974667
No,No,No,1,No,No,No internet service,No internet service,No internet service,No internet service,No internet service,No internet service,Month-to-month,No,Mailed check,20.9,3.086486636822455
No,Yes,No,58,Yes,Fiber optic,No,Yes,Yes,No,No,Yes,One year,Yes,Electronic check,94.3,8.632510968596284
No,Yes,Yes,59,Yes,DSL,Yes,No,Yes,Yes,Yes,No,Two year,Yes,Mailed check,76.45,8.416377886177422
No,No,No,44,No phone service,DSL,Yes,No,Yes,No,Yes,Yes,One year,Yes,Electronic check,54.0,7.8002654821908886
No,No,No,66,Yes,Fiber optic,No,Yes,No,Yes,Yes,Yes,One year,Yes,Electronic check,104.25,8.833695929676212
No,Yes,Yes,68,No,No,No internet service,No internet service,No internet service,No internet service,No internet service,No internet service,Two year,No,Bank transfer (automatic),19.95,7.228896305177583
No,No,No,9,No phone service,DSL,No,No,No,No,No,No,Month-to-month,Yes,Electronic check,24.95,5.253581472706645
No,No,No,19,Yes,Fiber optic,Yes,No,Yes,No,No,No,Month-to-month,Yes,Electronic check,84.75,7.410316849329665
No,No,No,4,No,No,No internet service,No internet service,No internet service,No internet service,No internet service,No internet service,Month-to-month,No,Mailed check,19.75,4.373238128640803
No,No,No,70,Yes,Fiber optic,Yes,Yes,Yes,Yes,Yes,Yes,Two year,Yes,Bank transfer (automatic),113.65,8.979700039891599
No,No,No,1,No,DSL,No,No,No,No,No,No,Month-to-month,Yes,Mailed check,44.9,3.8264651170664994
No,No,No,8,Yes,Fiber optic,No,No,No,No,No,No,Month-to-month,Yes,Electronic check,75.25,6.35905470278722
No,No,No,53,Yes,No,No internet service,No internet service,No internet service,No internet service,No internet service,No internet service,Two year,No,Mailed check,24.6,7.154615356913663
Yes,No,No,51,Yes,No,No internet service,No internet service,No internet service,No internet service,No internet service,No internet service,One year,No,Bank transfer (automatic),25.0,7.140215296933696
No,Yes,Yes,11,No,No,No internet service,No internet service,No internet service,No internet service,No internet service,No internet service,Month-to-month,No,Bank transfer (automatic),20.95,5.592292098622838
No,Yes,Yes,60,Yes,Fiber optic,Yes,No,Yes,Yes,Yes,Yes,Two year,Yes,Electronic check,110.6,8.792982322368012
No,No,No,17,No,DSL,Yes,Yes,No,No,No,No,Month-to-month,Yes,Credit card (automatic),55.5,6.840706944229009
No,No,No,3,No,DSL,No,No,No,No,No,No,Month-to-month,Yes,Electronic check,43.3,4.825509809969567
No,Yes,No,70,No,Fiber optic,Yes,Yes,Yes,Yes,Yes,Yes,One year,Yes,Bank transfer (automatic),109.5,8.927400371440925
No,No,No,1,No,No,No internet service,No internet service,No internet service,No internet service,No internet service,No internet service,Month-to-month,No,Mailed check,19.45,3.017982882488811
Yes,No,No,43,Yes,Fiber optic,No,No,No,No,Yes,No,Month-to-month,Yes,Electronic check,84.85,8.201550505605104
No,Yes,No,16,No,No,No internet service,No internet service,No internet service,No internet service,No internet service,No internet service,Month-to-month,No,Mailed check,19.6,5.754000190816819
No,Yes,Yes,57,No,DSL,Yes,Yes,No,No,No,No,One year,No,Electronic check,53.45,8.024207485778577
No,Yes,Yes,37,No,No,No internet service,No internet service,No internet service,No internet service,No internet service,No internet service,One year,No,Credit card (automatic),19.8,6.519221031533954
No,Yes,No,72,Yes,Fiber optic,Yes,Yes,Yes,Yes,Yes,Yes,Two year,No,Credit card (automatic),112.1,8.983057013472635
Yes,No,No,11,Yes,Fiber optic,No,No,No,No,No,Yes,Month-to-month,Yes,Credit card (automatic),84.8,6.811079166716676
Yes,Yes,No,50,Yes,Fiber optic,No,Yes,Yes,No,Yes,No,Month-to-month,Yes,Electronic check,95.05,8.494886230893696
Yes,No,No,5,No,DSL,No,No,Yes,No,No,No,Month-to-month,No,Electronic check,50.35,5.473320542534312
No,Yes,No,1,Yes,Fiber optic,No,No,No,No,No,No,Month-to-month,Yes,Bank transfer (automatic),74.6,4.3254562831854875
No,No,No,16,No,No,No internet service,No internet service,No internet service,No internet service,No internet service,No internet service,Month-to-month,Yes,Mailed check,19.7,5.838895948463375
Yes,Yes,No,2,No,Fiber optic,No,No,Yes,No,No,No,Month-to-month,Yes,Electronic check,74.2,4.9494688588587685
No,No,No,17,Yes,DSL,No,No,Yes,Yes,Yes,No,Month-to-month,Yes,Mailed check,69.0,7.011213987350367
No,No,No,16,No,No,No internet service,No internet service,No internet service,No internet service,No internet service,No internet service,One year,No,Credit card (automatic),19.35,5.692215838284736
No,No,No,15,No,DSL,No,No,Yes,No,No,Yes,Month-to-month,Yes,Electronic check,59.45,6.795314199636388
No,No,No,10,No,No,No internet service,No internet service,No internet service,No internet service,No internet service,No internet service,One year,Yes,Mailed check,19.8,5.294560317670324
No,No,Yes,46,No,Fiber optic,Yes,Yes,No,Yes,Yes,Yes,One year,Yes,Bank transfer (automatic),105.2,8.481327643396213
No,Yes,Yes,64,Yes,Fiber optic,No,Yes,Yes,Yes,Yes,Yes,Two year,Yes,Credit card (automatic),109.2,8.816134144137433
No,No,No,1,Yes,Fiber optic,No,Yes,No,No,No,No,Month-to-month,Yes,Mailed check,79.15,4.383899879055562
No,Yes,Yes,25,No,DSL,No,Yes,Yes,No,No,No,One year,No,Mailed check,53.65,7.212626271854599
No,Yes,Yes,71,No,Fiber optic,Yes,Yes,Yes,Yes,Yes,No,Two year,No,Credit card (automatic),100.2,8.883224230278994
No,No,No,8,No,DSL,No,No,No,No,No,No,Month-to-month,Yes,Mailed check,45.15,6.08541015995051
No,Yes,Yes,72,No,Fiber optic,Yes,Yes,Yes,Yes,Yes,Yes,Two year,Yes,Bank transfer (automatic),108.65,8.952521262624083
No,Yes,No,49,No phone service,DSL,Yes,No,No,No,Yes,No,Month-to-month,No,Bank transfer (automatic),40.65,7.636148939729152
No,Yes,Yes,29,No phone service,DSL,Yes,Yes,Yes,Yes,No,Yes,One year,Yes,Credit card (automatic),55.35,7.401200738916591
No,Yes,No,72,Yes,Fiber optic,Yes,Yes,Yes,Yes,No,Yes,Two year,No,Bank transfer (automatic),105.6,8.933598239562736
No,Yes,No,31,Yes,Fiber optic,No,Yes,Yes,No,Yes,No,Month-to-month,No,Electronic check,93.8,8.013177659578796
No,No,No,50,Yes,Fiber optic,No,No,No,No,Yes,Yes,Month-to-month,Yes,Electronic check,95.7,8.46183903128416
No,Yes,No,71,Yes,DSL,Yes,No,Yes,Yes,Yes,Yes,Two year,No,Electronic check,83.2,8.720476833793706
Yes,Yes,No,70,Yes,DSL,Yes,Yes,Yes,Yes,Yes,Yes,Two year,No,Credit card (automatic),90.05,8.753750376351865
No,No,No,71,Yes,Fiber optic,Yes,No,No,Yes,No,Yes,One year,No,Credit card (automatic),97.65,8.808197239990303
No,Yes,Yes,61,No,DSL,Yes,Yes,Yes,Yes,No,No,Two year,Yes,Bank transfer (automatic),68.05,8.333090048539852
No,No,No,32,No,Fiber optic,No,No,No,Yes,Yes,Yes,Month-to-month,Yes,Electronic check,96.2,8.066019167214423
No,No,Yes,1,No,Fiber optic,No,No,No,No,No,Yes,Month-to-month,Yes,Electronic check,79.6,4.389498649512583
No,No,No,68,Yes,Fiber optic,Yes,Yes,Yes,No,No,Yes,Two year,Yes,Bank transfer (automatic),102.1,8.87491658553894
No,No,No,62,Yes,No,No internet service,No internet service,No internet service,No internet service,No internet service,No internet service,Two year,No,Bank transfer (automatic),23.4,7.265884165434008
No,No,Yes,7,No,Fiber optic,No,No,No,No,No,No,Month-to-month,Yes,Electronic check,71.05,6.160468652321543
No,No,No,20,Yes,Fiber optic,No,No,No,No,Yes,No,Month-to-month,Yes,Electronic check,85.25,7.4590508353018405
No,Yes,Yes,6,No,No,No internet service,No internet service,No internet service,No internet service,No internet service,No internet service,One year,No,Mailed check,19.45,4.740574822994295
Yes,No,No,33,No phone service,DSL,Yes,Yes,Yes,No,Yes,Yes,Month-to-month,Yes,Bank transfer (automatic),59.45,7.54202786802895
No,Yes,Yes,28,Yes,Fiber optic,No,No,No,No,Yes,Yes,One year,No,Bank transfer (automatic),92.2,7.85133038388335
No,No,No,27,No,No,No internet service,No internet service,No internet service,No internet service,No internet service,No internet service,Two year,No,Credit card (automatic),19.85,6.154858094016418
No,No,No,7,No,DSL,No,No,No,No,No,No,Month-to-month,No,Mailed check,43.9,5.632644446822861
No,No,No,26,Yes,Fiber optic,No,No,No,Yes,No,No,Month-to-month,Yes,Electronic check,80.5,7.644823646600011
Yes,No,No,5,Yes,Fiber optic,No,Yes,No,No,No,Yes,Month-to-month,Yes,Electronic check,89.8,6.221782302170192
Yes,No,No,30,Yes,Fiber optic,Yes,No,No,No,No,Yes,Month-to-month,Yes,Credit card (automatic),90.5,7.862054451041998
No,No,No,63,Yes,Fiber optic,No,Yes,No,No,No,Yes,One year,No,Credit card (automatic),90.45,8.670171756013318
No,No,No,1,No,DSL,No,Yes,No,No,No,No,Month-to-month,Yes,Electronic check,50.75,3.9464244321454784
No,No,Yes,53,Yes,DSL,No,Yes,Yes,Yes,Yes,Yes,One year,Yes,Electronic check,84.6,8.400827900284972
No,Yes,Yes,14,No,Fiber optic,No,Yes,No,Yes,No,Yes,Month-to-month,Yes,Credit card (automatic),89.65,7.097838304169856
No,No,No,21,No,Fiber optic,No,Yes,No,Yes,Yes,Yes,Month-to-month,Yes,Bank transfer (automatic),99.15,7.5793723409917195
No,No,No,17,No,No,No internet service,No internet service,No internet service,No internet service,No internet service,No internet service,One year,No,Mailed check,19.95,5.741720313996593
No,Yes,Yes,16,No,No,No internet service,No internet service,No internet service,No internet service,No internet service,No internet service,Two year,No,Mailed check,20.5,5.675211517668165
No,No,No,35,No,DSL,No,No,Yes,No,No,Yes,Month-to-month,Yes,Electronic check,62.1,7.648310716937074
Yes,No,No,32,No,Fiber optic,No,No,No,No,No,Yes,Month-to-month,Yes,Electronic check,79.5,7.888334500738654
No,Yes,Yes,28,No,No,No internet service,No internet service,No internet service,No internet service,No internet service,No internet service,Month-to-month,Yes,Bank transfer (automatic),19.55,6.300418754835302
No,No,No,1,No,No,No internet service,No internet service,No internet service,No internet service,No internet service,No internet service,Month-to-month,Yes,Mailed check,20.35,3.0610517396746335
No,No,No,59,No phone service,DSL,No,No,No,Yes,Yes,Yes,Month-to-month,Yes,Electronic check,51.7,8.008631669303314
No,Yes,Yes,72,Yes,No,No internet service,No internet service,No internet service,No internet service,No internet service,No internet service,One year,Yes,Bank transfer (automatic),23.3,7.3927398809883025
No,No,No,36,No,DSL,No,Yes,No,Yes,No,Yes,One year,Yes,Mailed check,65.4,7.823805982051684
No,No,No,40,No,DSL,Yes,Yes,No,No,Yes,No,Month-to-month,No,Mailed check,65.1,7.8582541821860294
No,Yes,Yes,40,Yes,Fiber optic,No,No,Yes,No,No,No,Month-to-month,Yes,Electronic check,81.2,8.099645380565091
No,No,Yes,9,No,DSL,No,No,Yes,Yes,Yes,Yes,Month-to-month,Yes,Mailed check,72.9,6.4806578707468585
No,Yes,Yes,63,No,DSL,Yes,Yes,Yes,Yes,Yes,No,Two year,No,Credit card (automatic),74.5,8.450102081861738
No,No,No,3,No,Fiber optic,No,No,No,No,Yes,No,Month-to-month,Yes,Electronic check,80.5,5.4525394723958245
No,Yes,Yes,40,No phone service,DSL,No,Yes,Yes,Yes,Yes,Yes,One year,No,Mailed check,60.3,7.80363920107863
No,Yes,No,8,No,Fiber optic,Yes,No,No,No,No,No,Month-to-month,Yes,Mailed check,75.0,6.490875268058674
Yes,Yes,No,34,No,Fiber optic,Yes,No,No,Yes,Yes,No,One year,No,Mailed check,90.15,8.048724383729072
No,No,No,5,No phone service,DSL,Yes,No,Yes,Yes,No,No,Month-to-month,No,Mailed check,40.0,5.413652965227941
Yes,No,No,9,Yes,Fiber optic,No,Yes,No,No,Yes,Yes,Month-to-month,Yes,Credit card (automatic),99.45,6.824808358161211
No,Yes,No,9,Yes,DSL,No,Yes,Yes,No,No,Yes,Month-to-month,Yes,Credit card (automatic),69.05,6.484558896843658
No,Yes,Yes,31,Yes,DSL,No,No,No,No,No,Yes,Month-to-month,No,Bank transfer (automatic),59.7,7.510156846235337
No,Yes,No,50,No,No,No internet service,No internet service,No internet service,No internet service,No internet service,No internet service,One year,Yes,Bank transfer (automatic),19.85,6.850232092738471
No,No,No,2,No,Fiber optic,Yes,Yes,No,Yes,No,No,Month-to-month,Yes,Electronic check,86.25,5.207571753241291
No,No,No,1,No,DSL,No,No,No,No,No,No,Month-to-month,Yes,Electronic check,45.65,3.8426729272933526
No,No,No,8,No,Fiber optic,No,No,No,No,No,No,Month-to-month,Yes,Mailed check,70.1,6.314181903318284
No,No,No,9,No phone service,DSL,No,Yes,No,No,No,Yes,Month-to-month,No,Electronic check,40.75,5.887214525734183
Yes,No,No,2,No,Fiber optic,No,No,No,No,No,No,Month-to-month,Yes,Bank transfer (automatic),70.2,4.761746493030188
No,No,No,3,No,DSL,Yes,Yes,No,No,No,No,Month-to-month,No,Electronic check,55.35,5.113191882421348
No,Yes,No,25,No,Fiber optic,No,No,No,Yes,Yes,Yes,Month-to-month,Yes,Credit card (automatic),95.7,7.757628391986576
Yes,No,No,1,No,DSL,No,No,No,No,No,No,Month-to-month,No,Electronic check,46.3,3.856510295497887
No,Yes,Yes,45,Yes,DSL,Yes,Yes,Yes,Yes,Yes,No,Month-to-month,No,Mailed check,81.3,8.172475050581173
Yes,Yes,Yes,51,Yes,Fiber optic,No,Yes,Yes,No,No,No,Month-to-month,Yes,Electronic check,84.2,8.330152517082306
No,Yes,Yes,55,No,No,No internet service,No internet service,No internet service,No internet service,No internet service,No internet service,Month-to-month,No,Credit card (automatic),20.0,6.992326180432407
No,No,No,38,Yes,DSL,Yes,Yes,Yes,No,No,No,Month-to-month,Yes,Bank transfer (automatic),66.15,7.833362477493641
No,No,No,2,No,DSL,No,No,No,No,No,No,Month-to-month,No,Mailed check,45.85,4.406719247264253
No,Yes,Yes,38,No,No,No internet service,No internet service,No internet service,No internet service,No internet service,No internet service,Month-to-month,No,Electronic check,19.6,6.576887309080756
No,No,No,34,No,DSL,No,Yes,No,No,No,No,Month-to-month,Yes,Electronic check,49.8,7.458877959512665
No,Yes,No,70,Yes,Fiber optic,No,No,Yes,No,Yes,Yes,One year,Yes,Electronic check,101.75,8.863658190805083
No,No,No,13,No,DSL,Yes,No,No,Yes,No,No,One year,No,Mailed check,55.15,6.611906617197295
No,No,No,39,Yes,Fiber optic,No,No,No,No,No,No,Month-to-month,No,Electronic check,75.25,8.012564990558198
No,No,No,61,Yes,Fiber optic,No,Yes,Yes,No,Yes,Yes,One year,Yes,Electronic check,103.95,8.767796255626598
No,No,No,12,Yes,Fiber optic,No,No,Yes,No,Yes,Yes,Month-to-month,Yes,Bank transfer (automatic),100.15,7.060733843579218
No,No,No,41,No,Fiber optic,No,Yes,No,Yes,Yes,Yes,Two year,Yes,Credit card (automatic),99.65,8.347910261084566
No,No,No,21,Yes,Fiber optic,No,No,No,No,No,No,Month-to-month,Yes,Electronic check,73.7,7.35224877405778
Yes,No,No,55,No phone service,DSL,No,No,Yes,No,Yes,Yes,One year,Yes,Bank transfer (automatic),50.05,7.917335969569298
No,Yes,No,69,No phone service,DSL,Yes,No,Yes,Yes,Yes,Yes,Two year,No,Bank transfer (automatic),60.25,8.30807581183512
Yes,Yes,Yes,26,Yes,Fiber optic,No,Yes,Yes,No,Yes,Yes,Month-to-month,No,Electronic check,105.75,7.9051650621410845
Yes,Yes,No,69,No,Fiber optic,Yes,Yes,No,No,No,Yes,One year,No,Credit card (automatic),87.3,8.708895610015944
Yes,Yes,No,18,No phone service,DSL,No,No,Yes,No,Yes,Yes,Month-to-month,Yes,Electronic check,48.35,6.69913081376713
No,Yes,Yes,47,Yes,DSL,No,Yes,No,No,No,No,Month-to-month,No,Electronic check,54.25,7.839604349772144
No,Yes,Yes,72,No,DSL,Yes,Yes,Yes,Yes,Yes,Yes,Two year,No,Bank transfer (automatic),85.3,8.720982654825432
Yes,Yes,No,33,No phone service,DSL,No,Yes,Yes,Yes,Yes,No,Month-to-month,Yes,Electronic check,50.0,7.468427651392684
No,Yes,Yes,2,No phone service,DSL,No,No,No,No,No,No,Month-to-month,Yes,Mailed check,24.4,3.6256733782101436
No,Yes,Yes,72,Yes,DSL,Yes,Yes,Yes,Yes,Yes,Yes,Two year,No,Credit card (automatic),90.95,8.802890796113749
Yes,Yes,No,37,No,Fiber optic,No,No,No,No,No,No,Month-to-month,Yes,Bank transfer (automatic),72.25,7.854167761408815
Yes,Yes,Yes,62,Yes,Fiber optic,No,Yes,Yes,No,No,Yes,Month-to-month,Yes,Credit card (automatic),96.1,8.702900676147713
No,Yes,No,71,No,No,No internet service,No internet service,No internet service,No internet service,No internet service,No internet service,Two year,No,Credit card (automatic),19.85,7.2302734662693755
No,No,Yes,23,No,DSL,No,Yes,No,Yes,No,No,Month-to-month,Yes,Bank transfer (automatic),55.3,7.158669627241704
No,No,No,16,No,No,No internet service,No internet service,No internet service,No internet service,No internet service,No internet service,One year,No,Mailed check,20.1,5.69423706181267
No,No,No,9,No,DSL,Yes,No,Yes,Yes,Yes,No,Month-to-month,Yes,Mailed check,69.5,6.483489541410255
No,Yes,Yes,17,Yes,No,No internet service,No internet service,No internet service,No internet service,No internet service,No internet service,Two year,Yes,Mailed check,25.15,6.024899323194219
No,No,No,4,No,No,No internet service,No internet service,No internet service,No internet service,No internet service,No internet service,Month-to-month,No,Bank transfer (automatic),20.95,4.460144413937834
Yes,Yes,No,1,No,DSL,Yes,No,No,No,No,No,Month-to-month,Yes,Electronic check,49.55,3.9229629454664803
No,Yes,No,24,Yes,Fiber optic,No,No,Yes,No,No,No,Month-to-month,Yes,Mailed check,79.65,7.5651198294023105
Yes,No,No,1,No,Fiber optic,No,No,No,No,No,No,Month-to-month,Yes,Electronic check,71.25,4.2801323269925415
Yes,No,No,72,Yes,Fiber optic,Yes,Yes,Yes,Yes,Yes,Yes,Two year,No,Bank transfer (automatic),113.8,8.967861084355231
No,Yes,No,72,Yes,No,No internet service,No internet service,No internet service,No internet service,No internet service,No internet service,Two year,No,Electronic check,24.55,7.468342023957602
No,No,Yes,11,No,No,No internet service,No internet service,No internet service,No internet service,No internet service,No internet service,Month-to-month,No,Credit card (automatic),19.7,5.38081858805978
No,No,No,9,No,No,No internet service,No internet service,No internet service,No internet service,No internet service,No internet service,Month-to-month,No,Mailed check,20.25,5.190175207928333
Yes,Yes,No,2,No,DSL,No,Yes,No,No,No,No,Month-to-month,No,Credit card (automatic),50.15,4.754451888703846
Yes,Yes,No,60,Yes,Fiber optic,No,No,Yes,No,Yes,Yes,One year,Yes,Credit card (automatic),100.5,8.704502289721232
Yes,Yes,No,29,Yes,Fiber optic,No,Yes,Yes,No,No,Yes,Month-to-month,Yes,Electronic check,95.9,7.917973416887651
No,No,No,49,No,DSL,No,No,Yes,Yes,Yes,Yes,Two year,Yes,Bank transfer (automatic),74.45,8.222258213452887
Yes,No,No,30,Yes,Fiber optic,No,Yes,Yes,No,Yes,Yes,Month-to-month,Yes,Electronic check,104.1,8.046261131311923
No,Yes,No,53,No,No,No internet service,No internet service,No internet service,No internet service,No internet service,No internet service,One year,No,Credit card (automatic),19.05,6.899168518044815
No,No,Yes,39,Yes,No,No internet service,No internet service,No internet service,No internet service,No internet service,No internet service,Two year,No,Mailed check,25.0,6.913091018571656
No,No,No,9,No,No,No internet service,No internet service,No internet service,No internet service,No internet service,No internet service,Month-to-month,No,Mailed check,19.05,5.066700518029204
No,No,No,39,No,Fiber optic,No,No,Yes,Yes,No,No,One year,No,Electronic check,81.9,8.077369530671634
Yes,No,No,8,No,Fiber optic,No,No,No,No,No,No,Month-to-month,Yes,Electronic check,69.7,6.352368038126677
No,Yes,Yes,51,Yes,Fiber optic,No,No,Yes,No,No,Yes,One year,Yes,Electronic check,90.15,8.424167400407871
No,Yes,Yes,71,Yes,No,No internet service,No internet service,No internet service,No internet service,No internet service,No internet service,Two year,No,Credit card (automatic),25.35,7.522156826969486
Yes,No,No,71,Yes,No,No internet service,No internet service,No internet service,No internet service,No internet service,No internet service,Two year,Yes,Mailed check,24.65,7.47746283048435
Yes,Yes,No,70,No,No,No internet service,No internet service,No internet service,No internet service,No internet service,No internet service,Two year,Yes,Credit card (automatic),19.55,7.288278576786092
Yes,No,No,1,No phone service,DSL,No,No,No,No,No,No,Month-to-month,No,Electronic check,25.25,3.2676659890376327
No,Yes,No,38,No phone service,DSL,Yes,Yes,No,Yes,Yes,Yes,Two year,Yes,Bank transfer (automatic),60.0,7.693572794383391
No,Yes,No,28,No,Fiber optic,No,Yes,Yes,No,No,Yes,Month-to-month,No,Credit card (automatic),89.9,7.797496675622756
No,Yes,No,32,No,No,No internet service,No internet service,No internet service,No internet service,No internet service,No internet service,Month-to-month,No,Bank transfer (automatic),19.4,6.464821921259065
Yes,Yes,No,49,No,DSL,No,Yes,No,No,No,No,Two year,No,Mailed check,49.8,7.782973985080828
No,Yes,Yes,37,Yes,No,No internet service,No internet service,No internet service,No internet service,No internet service,No internet service,Two year,Yes,Bank transfer (automatic),24.1,6.760240863693588
No,No,No,10,No,DSL,No,No,Yes,Yes,No,No,Month-to-month,No,Electronic check,54.25,6.369900982828227
No,Yes,No,67,Yes,Fiber optic,Yes,Yes,Yes,No,Yes,Yes,One year,No,Credit card (automatic),109.9,8.900194534540113
No,No,No,7,No phone service,DSL,No,No,Yes,Yes,No,No,One year,Yes,Credit card (automatic),35.5,5.523658501405734
No,No,No,51,No,Fiber optic,No,No,No,No,Yes,Yes,One year,No,Credit card (automatic),87.55,8.406686121605532
No,No,No,9,No,DSL,No,No,No,No,No,No,Month-to-month,No,Electronic check,45.15,6.03416477664001
No,No,No,9,No,Fiber optic,No,No,No,No,Yes,Yes,Month-to-month,Yes,Mailed check,88.4,6.671526488119272
No,No,No,4,No,DSL,No,No,No,Yes,No,No,Month-to-month,Yes,Mailed check,50.8,5.314682720634301
No,Yes,No,71,Yes,Fiber optic,Yes,Yes,Yes,No,Yes,No,Two year,Yes,Electronic check,99.0,8.853036658975036
No,Yes,Yes,50,Yes,Fiber optic,No,No,No,No,Yes,No,Month-to-month,Yes,Bank transfer (automatic),84.4,8.32291645540301
Yes,Yes,Yes,24,No,Fiber optic,No,No,Yes,No,Yes,Yes,Two year,Yes,Electronic check,96.55,7.725087182823159
No,Yes,No,22,No,DSL,Yes,No,No,No,Yes,No,One year,Yes,Bank transfer (automatic),59.75,7.2264635231640195
No,No,No,44,Yes,Fiber optic,Yes,Yes,Yes,No,Yes,Yes,Month-to-month,Yes,Electronic check,111.5,8.500280982832304
No,Yes,Yes,33,Yes,No,No internet service,No internet service,No internet service,No internet service,No internet service,No internet service,Month-to-month,No,Bank transfer (automatic),24.25,6.732806476517595
No,No,No,1,Yes,Fiber optic,No,No,No,No,No,No,Month-to-month,Yes,Electronic check,75.1,4.33204826486764
No,Yes,No,54,Yes,DSL,No,No,No,No,Yes,Yes,One year,Yes,Credit card (automatic),70.15,8.220578003905167
No,No,No,42,Yes,Fiber optic,No,Yes,No,No,Yes,Yes,Month-to-month,Yes,Electronic check,101.75,8.36041071812334
No,No,No,1,No,DSL,No,No,No,No,No,No,Month-to-month,No,Electronic check,45.8,3.845883202923601
No,No,No,1,No,No,No internet service,No internet service,No internet service,No internet service,No internet service,No internet service,Month-to-month,No,Mailed check,20.5,3.068052935133617
No,No,No,30,No,DSL,Yes,Yes,No,Yes,Yes,No,One year,No,Electronic check,70.4,7.623519749407491
No,No,No,1,No phone service,DSL,No,No,No,Yes,No,No,Month-to-month,No,Mailed check,30.55,3.4515735889872223
No,Yes,Yes,16,Yes,DSL,Yes,Yes,No,Yes,Yes,Yes,Month-to-month,No,Electronic check,84.9,7.243691657771469
No,No,No,1,No,No,No internet service,No internet service,No internet service,No internet service,No internet service,No internet service,Month-to-month,Yes,Mailed check,20.1,3.0492730404820207
No,Yes,No,9,No phone service,DSL,No,No,No,Yes,Yes,No,Month-to-month,No,Mailed check,40.65,5.798941127829431
Yes,Yes,No,46,Yes,Fiber optic,No,No,Yes,No,Yes,Yes,Month-to-month,Yes,Electronic check,101.0,8.45127772272134
No,No,No,1,No,Fiber optic,No,No,No,No,No,No,Month-to-month,Yes,Electronic check,69.1,4.249922794040544
No,Yes,No,71,No,DSL,Yes,No,No,Yes,No,No,Two year,No,Bank transfer (automatic),54.5,8.237267626003042
No,No,No,43,Yes,Fiber optic,No,No,No,No,No,No,Month-to-month,Yes,Credit card (automatic),75.35,8.059086511982477
No,Yes,No,50,No phone service,DSL,Yes,No,No,Yes,Yes,No,One year,Yes,Bank transfer (automatic),44.45,7.691405649716715
No,No,No,13,Yes,Fiber optic,No,No,No,No,No,No,Month-to-month,Yes,Mailed check,75.0,6.908205177762502
No,Yes,Yes,19,No,Fiber optic,No,Yes,No,Yes,Yes,Yes,One year,No,Bank transfer (automatic),100.0,7.544146905719609
No,No,No,41,Yes,Fiber optic,No,No,Yes,No,Yes,Yes,Month-to-month,No,Bank transfer (automatic),98.05,8.291947432010158
Yes,No,No,1,No,Fiber optic,No,No,No,No,No,No,Month-to-month,Yes,Electronic check,71.15,4.27874728521988
No,No,No,24,No phone service,DSL,No,Yes,Yes,No,Yes,Yes,Month-to-month,Yes,Credit card (automatic),54.15,7.123874215359383
No,Yes,No,40,Yes,DSL,No,Yes,No,No,Yes,No,One year,No,Bank transfer (automatic),63.9,7.877017895622398
No,Yes,Yes,3,Yes,DSL,No,Yes,Yes,No,Yes,No,Month-to-month,Yes,Bank transfer (automatic),69.15,5.4638318050256105
No,No,No,37,Yes,DSL,Yes,No,No,No,Yes,No,One year,No,Bank transfer (automatic),64.65,7.761681125659561
No,Yes,Yes,67,Yes,Fiber optic,Yes,No,Yes,Yes,Yes,Yes,Two year,Yes,Credit card (automatic),108.75,8.875874122017708
No,Yes,Yes,32,Yes,Fiber optic,No,Yes,No,No,Yes,Yes,Month-to-month,Yes,Electronic check,98.85,8.036120525799594
No,Yes,No,6,No,DSL,No,No,No,Yes,No,No,Month-to-month,Yes,Electronic check,49.15,5.605066501717044
No,Yes,Yes,32,Yes,Fiber optic,Yes,No,No,No,Yes,No,Month-to-month,No,Electronic check,89.6,7.973431067403982
No,No,No,59,Yes,Fiber optic,No,Yes,Yes,No,No,No,Month-to-month,Yes,Electronic check,83.25,8.50716305737888
No,Yes,No,30,No,DSL,No,Yes,Yes,Yes,No,Yes,One year,No,Bank transfer (automatic),70.25,7.696167183767863
No,No,Yes,20,No,No,No internet service,No internet service,No internet service,No internet service,No internet service,No internet service,Month-to-month,Yes,Electronic check,19.4,5.928258471204189
No,Yes,Yes,27,Yes,No,No internet service,No internet service,No internet service,No internet service,No internet service,No internet service,Two year,No,Electronic check,24.5,6.637192498337745
Yes,No,No,20,Yes,Fiber optic,Yes,No,No,No,No,No,Month-to-month,Yes,Electronic check,79.15,7.327714833240754
No,No,Yes,9,No,No,No internet service,No internet service,No internet service,No internet service,No internet service,No internet service,One year,No,Mailed check,20.1,5.253581472706645
No,Yes,Yes,68,Yes,DSL,Yes,Yes,Yes,No,Yes,No,One year,Yes,Credit card (automatic),73.0,8.549466751966532
No,Yes,Yes,69,Yes,DSL,Yes,No,No,Yes,No,No,Two year,No,Credit card (automatic),61.4,8.309147590289026
No,No,No,26,Yes,Fiber optic,No,No,Yes,Yes,No,No,Month-to-month,Yes,Mailed check,84.3,7.7330704231195
No,Yes,Yes,69,No,No,No internet service,No internet service,No internet service,No internet service,No internet service,No internet service,Two year,No,Bank transfer (automatic),19.9,7.213547370606236
No,No,No,11,No,No,No internet service,No internet service,No internet service,No internet service,No internet service,No internet service,Two year,No,Mailed check,20.4,5.448675148136593
No,No,No,1,Yes,DSL,No,No,No,No,No,No,Month-to-month,No,Mailed check,50.75,3.9464244321454784
No,Yes,Yes,10,No,No,No internet service,No internet service,No internet service,No internet service,No internet service,No internet service,One year,No,Mailed check,20.45,5.494706180553427
No,Yes,Yes,55,Yes,DSL,Yes,Yes,No,Yes,No,Yes,One year,Yes,Bank transfer (automatic),75.75,8.358256074855019
No,No,No,44,No,DSL,Yes,No,No,Yes,Yes,No,One year,No,Electronic check,65.4,7.928604204740065
Yes,Yes,No,46,No,Fiber optic,No,No,No,No,No,Yes,Month-to-month,Yes,Electronic check,80.4,8.190409865342268
No,Yes,Yes,69,No,DSL,Yes,Yes,Yes,No,No,No,Two year,Yes,Bank transfer (automatic),59.75,8.311619384212086
Yes,No,No,11,No,Fiber optic,No,No,No,No,No,Yes,Month-to-month,Yes,Electronic check,78.5,6.774452431667717
No,Yes,No,11,Yes,Fiber optic,No,Yes,No,No,Yes,Yes,Month-to-month,Yes,Electronic check,102.0,7.044338260768671
No,No,No,29,No,DSL,No,No,Yes,No,No,No,Month-to-month,No,Bank transfer (automatic),48.95,7.188941297690216
No,Yes,No,57,Yes,Fiber optic,Yes,No,No,No,Yes,Yes,Month-to-month,Yes,Electronic check,99.65,8.612148762899917
No,No,No,28,No,No,No internet service,No internet service,No internet service,No internet service,No internet service,No internet service,One year,No,Credit card (automatic),18.25,6.283574302886914
No,No,No,42,No,DSL,Yes,No,Yes,No,No,No,Month-to-month,No,Credit card (automatic),54.55,7.806309647365994
No,No,No,2,No,No,No internet service,No internet service,No internet service,No internet service,No internet service,No internet service,Month-to-month,No,Mailed check,20.65,3.681351187693145
No,No,Yes,23,No phone service,DSL,Yes,Yes,No,Yes,No,No,One year,No,Bank transfer (automatic),40.65,6.854776354191251
No,Yes,Yes,18,No,No,No internet service,No internet service,No internet service,No internet service,No internet service,No internet service,Month-to-month,No,Mailed check,20.45,5.8805329864007
No,Yes,Yes,62,Yes,No,No internet service,No internet service,No internet service,No internet service,No internet service,No internet service,One year,No,Bank transfer (automatic),24.8,7.297937530225784
No,No,No,1,No,Fiber optic,No,No,No,No,No,No,Month-to-month,Yes,Mailed check,70.8,4.273884476054178
No,No,No,16,Yes,Fiber optic,No,No,No,Yes,No,Yes,Month-to-month,Yes,Credit card (automatic),89.05,7.2790429352887145
No,No,No,3,Yes,Fiber optic,No,No,No,No,Yes,Yes,Month-to-month,Yes,Electronic check,96.6,5.6798312538336875
No,No,No,67,Yes,DSL,Yes,Yes,Yes,Yes,Yes,Yes,One year,Yes,Bank transfer (automatic),88.8,8.683410772461635
No,No,No,62,No,No,No internet service,No internet service,No internet service,No internet service,No internet service,No internet service,Two year,Yes,Credit card (automatic),20.05,7.092282734325254
No,Yes,No,57,Yes,Fiber optic,No,Yes,Yes,No,Yes,Yes,Month-to-month,Yes,Credit card (automatic),104.5,8.686488608569949
No,No,No,2,No,Fiber optic,No,No,No,No,No,No,Month-to-month,Yes,Electronic check,69.8,4.994844608189932
No,Yes,Yes,23,Yes,DSL,Yes,No,Yes,Yes,Yes,No,Two year,Yes,Bank transfer (automatic),77.15,7.473296334936936
No,No,Yes,25,No phone service,DSL,Yes,No,No,Yes,No,No,Two year,No,Bank transfer (automatic),35.05,6.739869029984439
Yes,No,No,72,Yes,Fiber optic,No,Yes,Yes,Yes,Yes,Yes,Two year,Yes,Bank transfer (automatic),108.1,8.958675167894924
No,Yes,No,2,Yes,Fiber optic,No,No,No,No,Yes,No,Month-to-month,Yes,Electronic check,84.05,4.9056450802386244
No,No,No,8,No,No,No internet service,No internet service,No internet service,No internet service,No internet service,No internet service,One year,Yes,Bank transfer (automatic),20.2,4.95547488291898
No,No,No,5,Yes,DSL,No,No,No,No,No,No,Month-to-month,Yes,Mailed check,50.6,5.525253716100942
No,No,No,35,No phone service,DSL,No,No,Yes,No,Yes,Yes,Month-to-month,No,Electronic check,49.2,7.439941139869458
No,No,No,24,Yes,No,No internet service,No internet service,No internet service,No internet service,No internet service,No internet service,One year,No,Electronic check,24.6,6.3862899201118015
No,Yes,Yes,2,No,Fiber optic,No,No,No,No,No,No,Month-to-month,Yes,Electronic check,71.65,4.91815444130209
No,Yes,Yes,72,Yes,Fiber optic,Yes,Yes,Yes,Yes,No,Yes,Two year,Yes,Credit card (automatic),104.9,8.953336216423796
No,No,No,41,Yes,Fiber optic,Yes,Yes,Yes,Yes,Yes,No,Month-to-month,Yes,Electronic check,106.5,8.36250236573647
No,No,Yes,4,No,DSL,Yes,No,No,No,No,No,Month-to-month,No,Electronic check,49.35,5.396577735715557
No,No,No,26,No,Fiber optic,No,Yes,No,No,No,No,One year,No,Bank transfer (automatic),75.5,7.610407146556328
No,No,No,7,No,Fiber optic,No,Yes,No,No,Yes,Yes,Month-to-month,Yes,Electronic check,94.25,6.507277712385012
No,Yes,No,1,No,Fiber optic,No,No,No,No,No,No,Month-to-month,Yes,Electronic check,68.95,4.24778070111149
No,Yes,Yes,4,Yes,DSL,No,Yes,No,Yes,No,No,Month-to-month,Yes,Mailed check,58.5,5.419871062100613
No,No,No,48,No,DSL,No,Yes,Yes,Yes,Yes,Yes,Two year,No,Credit card (automatic),78.9,8.235493190642003
Yes,No,No,2,Yes,Fiber optic,No,No,No,No,Yes,Yes,Month-to-month,Yes,Electronic check,93.85,5.2870036066477635
Yes,Yes,No,12,No,DSL,Yes,No,Yes,Yes,Yes,Yes,One year,Yes,Electronic check,79.2,6.851026184736048
No,Yes,No,60,Yes,Fiber optic,Yes,No,Yes,Yes,Yes,Yes,Month-to-month,Yes,Bank transfer (automatic),109.45,8.790854936805346
No,No,No,55,No,DSL,Yes,No,Yes,Yes,No,No,Two year,Yes,Electronic check,59.2,8.06364541880172
No,No,No,1,No phone service,DSL,No,No,No,Yes,No,No,Month-to-month,No,Mailed check,29.15,3.4061849231731944
No,No,No,4,Yes,Fiber optic,No,No,No,No,No,No,Month-to-month,Yes,Electronic check,76.05,5.768008446955473
No,No,No,1,No phone service,DSL,No,No,No,No,No,No,Month-to-month,Yes,Mailed check,24.45,3.2367157429965316
No,No,No,42,No,DSL,No,No,Yes,Yes,No,Yes,Two year,No,Credit card (automatic),66.5,7.924343732171656
No,No,No,1,No,DSL,Yes,No,No,No,No,No,Month-to-month,No,Bank transfer (automatic),49.55,3.9229629454664803
No,No,No,7,Yes,Fiber optic,No,No,Yes,No,Yes,No,Month-to-month,Yes,Credit card (automatic),89.35,6.450233427238458
No,No,No,3,No,Fiber optic,No,No,Yes,No,No,No,Month-to-month,Yes,Credit card (automatic),73.6,5.453182077108952
No,Yes,No,72,Yes,DSL,Yes,Yes,Yes,No,Yes,Yes,Two year,Yes,Credit card (automatic),82.65,8.686150847752058
No,No,No,15,Yes,DSL,No,No,No,No,No,No,Month-to-month,Yes,Electronic check,49.0,6.620406484320476
No,Yes,No,4,No,Fiber optic,No,No,No,No,Yes,No,Month-to-month,Yes,Electronic check,80.35,5.731397641689174
No,No,No,11,Yes,No,No internet service,No internet service,No internet service,No internet service,No internet service,No internet service,One year,No,Electronic check,25.2,5.50594110620421
No,No,No,5,Yes,No,No internet service,No internet service,No internet service,No internet service,No internet service,No internet service,Month-to-month,No,Mailed check,25.45,4.910814958814044
Yes,No,No,1,No,DSL,Yes,No,Yes,No,No,No,Month-to-month,Yes,Electronic check,55.8,4.039536325727106
No,Yes,No,72,Yes,Fiber optic,Yes,No,Yes,Yes,Yes,Yes,Two year,Yes,Credit card (automatic),110.9,9.016980112267001
No,Yes,No,55,Yes,Fiber optic,No,Yes,No,No,No,No,Month-to-month,Yes,Credit card (automatic),77.75,8.358760021470783
No,Yes,Yes,40,Yes,No,No internet service,No internet service,No internet service,No internet service,No internet service,No internet service,Month-to-month,Yes,Electronic check,26.2,6.983326465829211
No,Yes,No,57,No,No,No internet service,No internet service,No internet service,No internet service,No internet service,No internet service,Two year,No,Bank transfer (automatic),19.9,7.01804363287626
No,No,No,1,No,Fiber optic,No,No,No,No,Yes,No,Month-to-month,Yes,Electronic check,79.05,4.382651439442724
No,Yes,No,1,No,Fiber optic,Yes,No,No,No,Yes,Yes,Month-to-month,Yes,Electronic check,95.0,4.564348191467836
No,No,No,1,No phone service,DSL,No,No,No,No,No,No,Month-to-month,No,Mailed check,25.2,3.265759410767051
Yes,Yes,Yes,52,Yes,DSL,No,Yes,Yes,No,Yes,Yes,One year,Yes,Electronic check,80.85,8.313987062234544
Yes,No,No,41,Yes,Fiber optic,No,No,Yes,No,Yes,Yes,Month-to-month,Yes,Electronic check,98.4,8.34015763905152
No,Yes,No,43,No,DSL,No,No,No,No,Yes,No,One year,Yes,Mailed check,56.35,7.779947822134494
No,Yes,Yes,47,No,No,No internet service,No internet service,No internet service,No internet service,No internet service,No internet service,Two year,No,Bank transfer (automatic),19.3,6.792905437303195
No,No,No,3,Yes,DSL,No,No,No,No,No,No,Month-to-month,No,Bank transfer (automatic),50.4,4.929063640402444
Yes,Yes,Yes,66,Yes,DSL,Yes,Yes,Yes,Yes,Yes,No,Two year,No,Credit card (automatic),79.4,8.547838781530624
No,Yes,Yes,55,No,DSL,No,No,Yes,Yes,No,No,Two year,Yes,Credit card (automatic),55.25,8.045876700744959
No,No,No,29,No,No,No internet service,No internet service,No internet service,No internet service,No internet service,No internet service,One year,No,Mailed check,19.1,6.2738199580540375
No,No,Yes,12,Yes,Fiber optic,No,No,No,No,Yes,No,Month-to-month,Yes,Electronic check,84.05,6.874767103155157
No,Yes,No,66,Yes,Fiber optic,No,Yes,Yes,No,Yes,Yes,Month-to-month,Yes,Electronic check,105.2,8.84474720723256
Yes,No,No,35,Yes,Fiber optic,No,No,Yes,No,Yes,Yes,Month-to-month,Yes,Electronic check,101.4,8.15974652120194
Yes,Yes,No,10,Yes,Fiber optic,No,No,Yes,No,No,Yes,Month-to-month,Yes,Electronic check,89.8,6.819251880390734
No,Yes,Yes,27,Yes,Fiber optic,No,No,No,No,No,No,Month-to-month,Yes,Bank transfer (automatic),75.75,7.5652752818989315
No,No,No,58,No,Fiber optic,No,No,No,Yes,Yes,Yes,Month-to-month,Yes,Electronic check,95.3,8.668832148077609
No,Yes,No,54,No,Fiber optic,Yes,Yes,Yes,Yes,Yes,Yes,Two year,No,Bank transfer (automatic),109.75,8.71787843222715
No,No,No,9,No,No,No internet service,No internet service,No internet service,No internet service,No internet service,No internet service,Month-to-month,No,Mailed check,19.85,5.19184512203752
No,No,No,2,No,No,No internet service,No internet service,No internet service,No internet service,No internet service,No internet service,One year,No,Credit card (automatic),19.3,3.3775875160230218
No,No,No,6,No,Fiber optic,No,No,No,No,No,No,Month-to-month,Yes,Electronic check,69.1,6.077642243349034
Yes,No,No,26,No,Fiber optic,No,No,No,No,Yes,Yes,Month-to-month,Yes,Electronic check,91.25,7.763361387239786
No,No,No,9,No,No,No internet service,No internet service,No internet service,No internet service,No internet service,No internet service,Month-to-month,No,Mailed check,20.25,5.231910434350438
No,Yes,No,8,No,DSL,No,Yes,Yes,No,No,No,Month-to-month,Yes,Mailed check,54.75,6.102222967827401
No,No,No,12,No,Fiber optic,No,No,No,No,Yes,No,Month-to-month,Yes,Electronic check,81.45,6.816735880594968
No,No,No,15,Yes,DSL,No,No,No,No,No,No,Month-to-month,Yes,Electronic check,49.1,6.522901294778083
No,Yes,No,43,Yes,DSL,Yes,No,Yes,No,Yes,Yes,One year,Yes,Electronic check,80.2,8.183844072781001
No,No,No,42,Yes,Fiber optic,No,No,No,Yes,Yes,Yes,Month-to-month,Yes,Electronic check,100.3,8.348525988194826
No,No,No,31,Yes,DSL,Yes,No,Yes,Yes,No,No,Month-to-month,No,Credit card (automatic),65.25,7.598549693958486
No,No,Yes,66,Yes,Fiber optic,Yes,No,Yes,Yes,No,No,Two year,Yes,Credit card (automatic),90.95,8.687956542084763
Yes,No,No,18,Yes,Fiber optic,No,Yes,No,Yes,No,No,Month-to-month,Yes,Electronic check,85.45,7.317776658171513
No,No,No,1,No,No,No internet service,No internet service,No internet service,No internet service,No internet service,No internet service,Month-to-month,No,Mailed check,20.0,3.044522437723423
No,Yes,No,61,Yes,Fiber optic,No,Yes,No,Yes,Yes,No,Two year,Yes,Electronic check,94.1,8.637515223314212
No,No,No,10,Yes,Fiber optic,No,Yes,No,No,No,No,Month-to-month,No,Electronic check,79.85,6.682421831594891
Yes,No,No,1,No,Fiber optic,No,No,No,No,No,No,Month-to-month,Yes,Electronic check,71.65,4.285653390016292
Yes,No,No,18,No,Fiber optic,No,Yes,No,No,No,No,Month-to-month,Yes,Electronic check,73.55,7.215570806353545
No,Yes,No,24,Yes,Fiber optic,No,Yes,Yes,No,Yes,Yes,Month-to-month,Yes,Electronic check,104.65,7.8412767061179585
No,Yes,Yes,3,No,No,No internet service,No internet service,No internet service,No internet service,No internet service,No internet service,Month-to-month,No,Mailed check,19.3,4.019980146933238
No,No,No,50,No,No,No internet service,No internet service,No internet service,No internet service,No internet service,No internet service,One year,No,Credit card (automatic),20.15,6.897755446903804
No,Yes,Yes,1,No,DSL,No,No,No,No,No,No,Month-to-month,No,Electronic check,44.55,3.8188106237059674
No,No,No,2,No,DSL,Yes,No,No,Yes,No,No,Month-to-month,Yes,Mailed check,54.45,4.480740107609915
No,No,No,17,No,No,No internet service,No internet service,No internet service,No internet service,No internet service,No internet service,One year,Yes,Bank transfer (automatic),19.65,5.865192456165049
No,Yes,Yes,69,Yes,Fiber optic,No,Yes,Yes,No,Yes,Yes,Two year,Yes,Electronic check,105.0,8.895458379597747
No,Yes,No,72,Yes,DSL,Yes,Yes,Yes,Yes,Yes,Yes,Two year,Yes,Credit card (automatic),88.7,8.74873339199769
No,No,No,3,Yes,Fiber optic,No,No,No,No,No,No,Month-to-month,Yes,Electronic check,74.25,5.353278924622011
Yes,Yes,Yes,50,Yes,DSL,Yes,Yes,Yes,No,No,Yes,Two year,Yes,Bank transfer (automatic),75.15,8.248908435375105
No,No,No,53,No,No,No internet service,No internet service,No internet service,No internet service,No internet service,No internet service,Two year,No,Mailed check,20.25,6.956021496391625
No,Yes,No,58,Yes,Fiber optic,Yes,Yes,No,Yes,Yes,Yes,Two year,Yes,Credit card (automatic),109.1,8.763216982257173
No,No,No,46,No phone service,DSL,Yes,No,No,No,No,No,One year,Yes,Bank transfer (automatic),30.75,7.306732720954747
Yes,Yes,No,72,Yes,Fiber optic,Yes,Yes,Yes,Yes,Yes,Yes,Month-to-month,Yes,Credit card (automatic),112.9,8.994978961104028
Yes,No,No,1,Yes,Fiber optic,No,No,No,No,No,No,Month-to-month,Yes,Electronic check,74.2,4.320151230955794
No,Yes,Yes,6,Yes,Fiber optic,No,Yes,Yes,No,Yes,No,Month-to-month,Yes,Mailed check,94.05,6.2533479267381225
No,Yes,No,72,Yes,DSL,Yes,Yes,Yes,Yes,No,Yes,Two year,No,Bank transfer (automatic),78.85,8.659412980375532
No,No,No,4,No,DSL,No,No,No,No,No,Yes,Month-to-month,Yes,Mailed check,55.3,5.4785534168509695
No,Yes,Yes,52,No,No,No internet service,No internet service,No internet service,No internet service,No internet service,No internet service,Two year,No,Mailed check,19.35,6.939932010677358
No,No,No,2,No,No,No internet service,No internet service,No internet service,No internet service,No internet service,No internet service,One year,No,Mailed check,20.45,3.5779478934066544
No,Yes,No,65,No,No,No internet service,No internet service,No internet service,No internet service,No internet service,No internet service,Two year,No,Bank transfer (automatic),19.35,7.1861064536924415
Yes,Yes,No,43,Yes,Fiber optic,No,Yes,No,No,Yes,Yes,Month-to-month,Yes,Electronic check,101.0,8.386947822468757
No,Yes,No,4,Yes,Fiber optic,No,Yes,No,No,Yes,Yes,Month-to-month,Yes,Electronic check,100.2,6.04310778025982
Yes,Yes,No,25,Yes,Fiber optic,Yes,No,No,No,No,Yes,One year,Yes,Electronic check,89.05,7.686368893721923
No,Yes,No,51,Yes,DSL,No,Yes,No,Yes,Yes,Yes,One year,Yes,Credit card (automatic),78.65,8.281939102681845
No,No,No,12,Yes,DSL,No,No,Yes,No,Yes,Yes,Month-to-month,No,Bank transfer (automatic),74.75,6.7190735390355
No,Yes,Yes,57,No,DSL,Yes,No,No,No,Yes,Yes,One year,Yes,Bank transfer (automatic),70.1,8.272391792949225
No,Yes,Yes,24,No,No,No internet service,No internet service,No internet service,No internet service,No internet service,No internet service,One year,No,Mailed check,19.9,6.2813317304651
No,Yes,No,64,Yes,DSL,No,No,Yes,Yes,No,No,One year,No,Bank transfer (automatic),58.35,8.2314958148187
No,No,No,4,No,Fiber optic,No,Yes,Yes,Yes,Yes,Yes,One year,Yes,Electronic check,105.65,6.097849537811996
No,No,No,26,Yes,Fiber optic,No,No,Yes,No,Yes,Yes,Month-to-month,Yes,Bank transfer (automatic),100.5,7.8636320418882555
No,Yes,Yes,15,No,No,No internet service,No internet service,No internet service,No internet service,No internet service,No internet service,Month-to-month,No,Mailed check,20.05,5.653541258219454
Yes,Yes,No,64,Yes,No,No internet service,No internet service,No internet service,No internet service,No internet service,No internet service,Two year,No,Credit card (automatic),25.65,7.462674340258639
Yes,Yes,No,36,Yes,Fiber optic,No,Yes,No,No,Yes,Yes,Month-to-month,Yes,Electronic check,96.5,8.14238337156769
No,Yes,No,27,Yes,Fiber optic,No,No,No,No,Yes,Yes,Month-to-month,No,Credit card (automatic),95.0,7.809358678104415
Yes,Yes,No,1,No,Fiber optic,No,No,No,No,No,No,Month-to-month,No,Mailed check,70.85,4.274580612525034
No,No,No,35,Yes,DSL,Yes,No,Yes,Yes,Yes,Yes,One year,Yes,Credit card (automatic),85.95,8.042731640386172
No,No,No,4,No,Fiber optic,No,No,Yes,No,No,No,Month-to-month,Yes,Electronic check,73.9,5.6413750145275845
No,Yes,Yes,8,No,DSL,No,No,No,No,No,No,Month-to-month,Yes,Electronic check,45.45,6.022842082800238
No,No,No,10,No,No,No internet service,No internet service,No internet service,No internet service,No internet service,No internet service,Month-to-month,Yes,Credit card (automatic),20.0,5.296315363877364
No,No,No,2,No,DSL,No,Yes,No,No,No,No,Month-to-month,No,Mailed check,49.2,4.651099117876491
No,Yes,No,58,Yes,Fiber optic,Yes,Yes,Yes,No,Yes,Yes,Two year,Yes,Bank transfer (automatic),109.45,8.723483521656435
No,Yes,No,51,No,DSL,Yes,Yes,Yes,Yes,Yes,Yes,Two year,Yes,Credit card (automatic),83.25,8.31641026743448
No,Yes,Yes,46,No,No,No internet service,No internet service,No internet service,No internet service,No internet service,No internet service,Two year,Yes,Mailed check,19.25,6.762960694078903
No,No,No,1,No,No,No internet service,No internet service,No internet service,No internet service,No internet service,No internet service,Month-to-month,Yes,Bank transfer (automatic),19.65,3.027715319407042
No,No,No,46,Yes,Fiber optic,No,No,No,No,No,No,Month-to-month,No,Bank transfer (automatic),72.8,8.086533344673517
No,Yes,No,50,Yes,Fiber optic,Yes,Yes,No,Yes,Yes,Yes,Month-to-month,Yes,Bank transfer (automatic),109.65,8.595412699609673
No,Yes,Yes,53,No,DSL,No,Yes,No,Yes,Yes,No,Month-to-month,No,Credit card (automatic),65.0,8.121123804948436
No,Yes,No,61,Yes,Fiber optic,No,Yes,Yes,Yes,Yes,Yes,Month-to-month,Yes,Electronic check,114.1,8.87250821107698
No,No,No,5,No,No,No internet service,No internet service,No internet service,No internet service,No internet service,No internet service,Month-to-month,No,Bank transfer (automatic),20.65,4.549128795104466
No,No,No,47,No,DSL,Yes,Yes,Yes,Yes,Yes,Yes,One year,Yes,Bank transfer (automatic),86.95,8.32842691193826
No,No,No,54,Yes,Fiber optic,No,Yes,Yes,No,Yes,No,One year,Yes,Bank transfer (automatic),94.75,8.541446683216941
No,No,Yes,19,No phone service,DSL,No,No,No,No,No,No,Month-to-month,Yes,Credit card (automatic),25.35,6.340535655019982
No,No,Yes,26,No,Fiber optic,No,Yes,Yes,Yes,Yes,Yes,Two year,Yes,Electronic check,105.45,7.907025939132466
No,Yes,Yes,70,Yes,No,No internet service,No internet service,No internet service,No internet service,No internet service,No internet service,Two year,No,Mailed check,25.4,7.486080660094743
No,Yes,No,17,Yes,Fiber optic,No,Yes,Yes,No,Yes,Yes,Month-to-month,Yes,Electronic check,102.55,7.463649866115706
No,No,No,30,Yes,Fiber optic,No,Yes,No,No,Yes,Yes,Month-to-month,Yes,Electronic check,100.2,8.001288021906948
No,No,Yes,1,Yes,No,No internet service,No internet service,No internet service,No internet service,No internet service,No internet service,Month-to-month,No,Mailed check,24.0,3.2188758248682006
No,Yes,Yes,19,Yes,No,No internet service,No internet service,No internet service,No internet service,No internet service,No internet service,Two year,No,Mailed check,25.6,6.188058763188655
No,Yes,No,26,No,DSL,No,Yes,Yes,No,Yes,Yes,Two year,Yes,Credit card (automatic),73.5,7.553129278070399
No,Yes,Yes,21,No,Fiber optic,No,Yes,No,No,No,No,Month-to-month,Yes,Bank transfer (automatic),74.05,7.356726775399442
No,Yes,No,50,Yes,Fiber optic,No,Yes,No,No,Yes,Yes,One year,Yes,Electronic check,98.25,8.488731986594201
No,Yes,No,68,No phone service,DSL,Yes,No,Yes,No,Yes,Yes,One year,Yes,Electronic check,54.4,8.222728166667624
No,No,No,3,Yes,Fiber optic,No,No,Yes,No,Yes,Yes,Month-to-month,Yes,Bank transfer (automatic),101.55,5.701613457371361
No,Yes,Yes,9,No,Fiber optic,No,No,Yes,Yes,Yes,Yes,Month-to-month,No,Electronic check,103.1,6.878789800689122
No,Yes,Yes,51,No phone service,DSL,Yes,No,No,Yes,No,No,Two year,No,Bank transfer (automatic),34.2,7.48605261786314
No,No,No,9,No,DSL,No,No,No,No,No,No,Month-to-month,Yes,Electronic check,43.75,6.008075812913178
Yes,Yes,Yes,41,Yes,Fiber optic,No,Yes,Yes,Yes,Yes,Yes,One year,Yes,Electronic check,111.95,8.419778799309196
No,No,No,22,Yes,Fiber optic,No,Yes,No,No,Yes,Yes,Month-to-month,Yes,Electronic check,100.65,7.790261693687688
No,Yes,Yes,21,No phone service,DSL,Yes,No,Yes,No,Yes,Yes,One year,Yes,Electronic check,55.95,7.054492835093721
No,Yes,Yes,71,Yes,Fiber optic,Yes,Yes,Yes,Yes,Yes,Yes,Two year,Yes,Bank transfer (automatic),116.05,9.023830054560774
No,No,No,1,No,DSL,No,No,No,No,No,No,Month-to-month,No,Electronic check,45.75,3.844814255734696
No,Yes,Yes,26,Yes,DSL,No,No,Yes,Yes,Yes,Yes,One year,Yes,Credit card (automatic),82.0,7.6420923863669445
No,Yes,No,71,Yes,DSL,Yes,Yes,No,Yes,No,No,Two year,No,Bank transfer (automatic),65.15,8.451640823176001
No,No,No,4,No,DSL,No,No,No,No,No,No,Month-to-month,Yes,Credit card (automatic),44.8,5.177279038170981
No,No,No,12,Yes,Fiber optic,Yes,No,No,No,No,No,Month-to-month,Yes,Electronic check,79.8,6.909952862525624
No,Yes,No,18,Yes,Fiber optic,No,No,No,Yes,Yes,No,Month-to-month,Yes,Electronic check,88.85,7.375099124136167
No,No,No,3,Yes,Fiber optic,No,No,No,No,No,No,Month-to-month,Yes,Electronic check,74.95,5.363168338867653
Yes,Yes,No,72,Yes,Fiber optic,Yes,Yes,No,No,Yes,Yes,One year,Yes,Bank transfer (automatic),106.85,8.94616647110398
No,No,No,11,No,Fiber optic,No,Yes,No,No,No,No,Month-to-month,No,Electronic check,74.95,6.70502691241052
No,No,No,1,No,Fiber optic,No,No,No,No,No,Yes,Month-to-month,No,Credit card (automatic),80.15,4.396299293960601
No,No,No,13,No,No,No internet service,No internet service,No internet service,No internet service,No internet service,No internet service,One year,No,Credit card (automatic),19.3,5.563178511214115
No,Yes,No,72,Yes,Fiber optic,No,Yes,Yes,Yes,Yes,Yes,One year,Yes,Electronic check,109.25,9.000951785894308
No,Yes,No,42,Yes,DSL,Yes,No,No,No,No,No,One year,No,Credit card (automatic),56.1,7.778148658469255
No,No,No,17,No,No,No internet service,No internet service,No internet service,No internet service,No internet service,No internet service,Month-to-month,No,Credit card (automatic),19.7,5.83290834386429
Yes,No,No,7,No,DSL,No,Yes,No,No,No,No,Month-to-month,Yes,Mailed check,51.3,6.041087697581306
No,Yes,No,68,Yes,Fiber optic,Yes,Yes,Yes,Yes,Yes,Yes,Two year,No,Mailed check,118.6,8.986077444394057
No,Yes,Yes,56,Yes,No,No internet service,No internet service,No internet service,No internet service,No internet service,No internet service,Two year,No,Bank transfer (automatic),24.15,7.246546253822308
No,Yes,Yes,38,No,No,No internet service,No internet service,No internet service,No internet service,No internet service,No internet service,One year,No,Mailed check,20.3,6.6205397643419985
No,Yes,Yes,72,Yes,Fiber optic,Yes,Yes,Yes,Yes,Yes,Yes,Two year,Yes,Electronic check,115.5,9.039095244421809
No,No,No,48,Yes,No,No internet service,No internet service,No internet service,No internet service,No internet service,No internet service,One year,No,Credit card (automatic),25.05,7.066893500320434
Yes,Yes,No,52,Yes,Fiber optic,Yes,Yes,Yes,No,Yes,Yes,Month-to-month,Yes,Electronic check,109.1,8.639224966161997
No,Yes,Yes,35,No,No,No internet service,No internet service,No internet service,No internet service,No internet service,No internet service,One year,No,Mailed check,19.65,6.564983240212396
No,Yes,No,67,Yes,Fiber optic,No,Yes,Yes,Yes,Yes,Yes,Two year,Yes,Bank transfer (automatic),111.3,8.931710537443836
No,No,No,1,No phone service,DSL,Yes,No,No,No,No,No,Month-to-month,No,Mailed check,29.9,3.4307561839036995
No,No,No,53,No,Fiber optic,No,Yes,No,Yes,No,No,Month-to-month,Yes,Mailed check,80.6,8.377724206124961
No,Yes,Yes,34,No,No,No internet service,No internet service,No internet service,No internet service,No internet service,No internet service,Month-to-month,No,Mailed check,20.8,6.45661265737732
No,No,No,3,No phone service,DSL,No,No,No,No,Yes,No,Month-to-month,No,Credit card (automatic),35.2,4.70002571700077
No,Yes,No,1,No,Fiber optic,No,No,No,No,Yes,No,Month-to-month,No,Electronic check,78.8,4.379523504455763
No,No,No,19,No,Fiber optic,No,No,Yes,Yes,Yes,No,Month-to-month,No,Mailed check,89.95,7.428570836777475
Yes,Yes,No,60,Yes,Fiber optic,Yes,Yes,Yes,Yes,Yes,Yes,Two year,Yes,Bank transfer (automatic),116.05,8.843167661654507
No,No,No,11,No,No,No internet service,No internet service,No internet service,No internet service,No internet service,No internet service,Two year,No,Credit card (automatic),19.55,5.412315470601449
No,No,No,47,Yes,Fiber optic,No,Yes,Yes,No,Yes,Yes,Month-to-month,Yes,Electronic check,106.4,8.542656238852768
No,No,No,18,No,DSL,Yes,No,No,No,No,No,Month-to-month,No,Electronic check,49.4,6.775137754367298
No,Yes,Yes,60,Yes,Fiber optic,Yes,Yes,Yes,Yes,Yes,Yes,Two year,No,Credit card (automatic),115.25,8.818696804780283
No,Yes,No,72,Yes,No,No internet service,No internet service,No internet service,No internet service,No internet service,No internet service,Two year,No,Credit card (automatic),24.8,7.536523925605876
No,No,No,39,No,No,No internet service,No internet service,No internet service,No internet service,No internet service,No internet service,One year,No,Mailed check,19.9,6.674750767821052
No,Yes,No,59,No,Fiber optic,Yes,No,Yes,No,No,No,One year,Yes,Credit card (automatic),81.25,8.442566623276399
No,Yes,Yes,2,No,Fiber optic,No,No,No,No,No,No,Month-to-month,No,Mailed check,69.95,4.976043849326636
Yes,No,No,1,No,Fiber optic,No,No,No,No,No,No,Month-to-month,No,Electronic check,69.1,4.249922794040544
No,Yes,Yes,20,No,Fiber optic,No,No,No,No,Yes,Yes,Month-to-month,Yes,Electronic check,90.2,7.48299129067699
No,No,No,6,Yes,Fiber optic,No,No,No,No,Yes,Yes,Month-to-month,Yes,Bank transfer (automatic),93.55,6.286742696181391
No,No,No,71,Yes,Fiber optic,No,No,Yes,Yes,No,No,Two year,Yes,Credit card (automatic),86.4,8.727940222393896
No,Yes,No,24,Yes,DSL,Yes,Yes,Yes,No,No,No,Month-to-month,No,Mailed check,66.3,7.352729520185014
Yes,Yes,No,67,Yes,Fiber optic,No,No,No,No,Yes,Yes,Month-to-month,Yes,Credit card (automatic),94.65,8.712759974960212
No,No,No,1,No,Fiber optic,No,No,No,No,No,Yes,Month-to-month,Yes,Mailed check,80.85,4.404888303817144
No,Yes,Yes,48,Yes,Fiber optic,No,No,No,No,No,Yes,One year,Yes,Mailed check,82.05,8.30175735917023
No,Yes,No,37,Yes,DSL,No,Yes,No,Yes,No,Yes,One year,No,Mailed check,72.1,7.885855812422606
No,No,No,11,No phone service,DSL,No,Yes,Yes,No,No,No,Month-to-month,No,Mailed check,34.7,5.952073819503063
No,Yes,No,3,No,No,No internet service,No internet service,No internet service,No internet service,No internet service,No internet service,Month-to-month,Yes,Credit card (automatic),20.55,3.9541241814467813
No,Yes,No,18,No,Fiber optic,No,No,Yes,No,Yes,Yes,Month-to-month,Yes,Credit card (automatic),95.95,7.465369064246887
No,Yes,Yes,50,No,DSL,No,No,No,No,No,No,One year,Yes,Bank transfer (automatic),44.8,7.710586116941816
No,Yes,Yes,67,Yes,Fiber optic,Yes,No,Yes,Yes,Yes,Yes,One year,Yes,Electronic check,109.4,8.893243220287545
No,Yes,No,25,No,DSL,Yes,Yes,No,Yes,No,Yes,Month-to-month,Yes,Mailed check,71.05,7.516814079159796
Yes,No,No,2,Yes,Fiber optic,No,No,Yes,No,No,No,Month-to-month,Yes,Electronic check,78.55,5.014295254927743
No,No,No,9,No,No,No internet service,No internet service,No internet service,No internet service,No internet service,No internet service,Month-to-month,No,Credit card (automatic),19.7,5.202356975402125
No,No,Yes,10,No phone service,DSL,Yes,Yes,No,Yes,No,No,One year,No,Mailed check,40.25,6.0221149863067405
No,Yes,No,70,No,No,No internet service,No internet service,No internet service,No internet service,No internet service,No internet service,Two year,No,Credit card (automatic),19.85,7.192445379947863
No,No,No,9,No,DSL,Yes,No,Yes,Yes,No,Yes,Month-to-month,Yes,Bank transfer (automatic),68.25,6.359487359740276
No,No,No,4,No,No,No internet service,No internet service,No internet service,No internet service,No internet service,No internet service,Month-to-month,Yes,Credit card (automatic),20.15,4.240607069200353
No,No,No,2,No,DSL,Yes,No,No,No,No,No,Month-to-month,No,Mailed check,50.95,4.82068471013781
No,No,Yes,1,No,Fiber optic,No,No,No,No,No,Yes,Month-to-month,No,Electronic check,78.65,4.3776420363560575
No,No,No,19,No phone service,DSL,No,No,No,No,No,No,Month-to-month,Yes,Bank transfer (automatic),25.15,6.1513487587830005
No,Yes,Yes,7,No,No,No internet service,No internet service,No internet service,No internet service,No internet service,No internet service,Month-to-month,Yes,Bank transfer (automatic),20.25,5.168777995193051
No,No,No,1,No,DSL,No,No,No,No,No,No,Month-to-month,Yes,Electronic check,42.9,3.7819143200811256
Yes,No,No,1,No,DSL,No,No,No,No,No,No,Month-to-month,No,Electronic check,44.0,3.8066624897703196
No,Yes,Yes,9,No,No,No internet service,No internet service,No internet service,No internet service,No internet service,No internet service,One year,No,Mailed check,20.25,5.155312672131032
No,No,No,3,No phone service,DSL,Yes,No,No,Yes,No,No,Month-to-month,No,Mailed check,34.25,4.9441393028078915
No,No,No,9,No phone service,DSL,Yes,No,Yes,Yes,Yes,Yes,Month-to-month,No,Mailed check,58.5,6.293141976076298
No,No,No,5,No,DSL,Yes,No,Yes,No,No,No,Month-to-month,No,Credit card (automatic),55.8,5.708438286192395
No,Yes,Yes,56,No,Fiber optic,No,No,No,No,Yes,Yes,One year,No,Bank transfer (automatic),88.9,8.51097389160232
No,No,Yes,18,Yes,DSL,Yes,No,No,No,No,No,Month-to-month,No,Mailed check,57.65,6.901435350237318
Yes,No,No,49,Yes,Fiber optic,No,No,No,No,Yes,Yes,Month-to-month,Yes,Electronic check,96.2,8.459405167648843
No,Yes,No,70,Yes,DSL,Yes,Yes,Yes,Yes,Yes,No,Two year,No,Mailed check,79.15,8.619298414353391
No,No,No,72,Yes,Fiber optic,No,Yes,Yes,Yes,Yes,Yes,Two year,Yes,Credit card (automatic),108.05,8.962852897272455
Yes,No,No,6,No,Fiber optic,No,No,Yes,No,No,No,Month-to-month,No,Electronic check,74.4,6.075575889726634
Yes,Yes,No,17,Yes,Fiber optic,No,No,No,No,Yes,Yes,Month-to-month,Yes,Electronic check,94.8,7.355577203169126
No,Yes,No,29,No phone service,DSL,No,No,No,No,Yes,Yes,Month-to-month,Yes,Electronic check,45.9,7.19548735018396
No,Yes,No,6,Yes,Fiber optic,No,Yes,Yes,No,Yes,Yes,Month-to-month,Yes,Electronic check,105.3,6.302985209039605
No,Yes,No,63,Yes,Fiber optic,No,No,Yes,No,Yes,Yes,Two year,No,Electronic check,102.6,8.747947705731782
No,Yes,No,16,Yes,Fiber optic,No,No,No,No,No,No,Month-to-month,Yes,Bank transfer (automatic),73.85,7.158669627241704
No,No,No,59,No,DSL,No,No,Yes,No,No,Yes,One year,Yes,Bank transfer (automatic),61.35,8.201523082424288
No,No,No,3,No,DSL,No,No,Yes,No,Yes,No,Month-to-month,No,Electronic check,57.55,5.090370262115109
No,No,No,8,No phone service,DSL,No,Yes,No,No,No,No,Month-to-month,Yes,Mailed check,29.25,5.42912630665945
Yes,Yes,No,7,Yes,Fiber optic,No,No,No,No,No,Yes,Month-to-month,Yes,Electronic check,84.55,6.47365918807482
No,No,No,68,No,No,No internet service,No internet service,No internet service,No internet service,No internet service,No internet service,Two year,No,Credit card (automatic),19.6,7.2742369791112536
No,Yes,Yes,68,Yes,Fiber optic,Yes,No,Yes,Yes,Yes,Yes,Two year,No,Credit card (automatic),111.75,8.92429695619291
Yes,Yes,No,52,Yes,Fiber optic,No,Yes,Yes,No,Yes,Yes,One year,Yes,Electronic check,106.5,8.634593931784867
No,Yes,Yes,72,Yes,Fiber optic,Yes,Yes,No,Yes,Yes,Yes,Two year,Yes,Credit card (automatic),107.7,8.977247489808304
No,Yes,No,32,No,No,No internet service,No internet service,No internet service,No internet service,No internet service,No internet service,One year,No,Mailed check,19.3,6.387215963028507
No,Yes,No,72,No,No,No internet service,No internet service,No internet service,No internet service,No internet service,No internet service,Two year,No,Bank transfer (automatic),20.05,7.261681448499596
No,Yes,Yes,1,No,Fiber optic,No,No,No,No,No,No,Month-to-month,Yes,Credit card (automatic),69.95,4.261975403606051
No,Yes,Yes,42,No,DSL,Yes,No,No,Yes,No,Yes,One year,No,Credit card (automatic),63.7,7.924560804946156
No,No,No,25,Yes,No,No internet service,No internet service,No internet service,No internet service,No internet service,No internet service,Two year,No,Credit card (automatic),24.75,6.541174288923939
No,No,No,45,No,DSL,Yes,No,No,No,No,No,Month-to-month,Yes,Bank transfer (automatic),50.9,7.740468730600945
No,Yes,Yes,43,No phone service,DSL,Yes,No,Yes,Yes,Yes,Yes,One year,Yes,Credit card (automatic),60.4,7.879121145064257
No,Yes,No,37,Yes,DSL,Yes,No,Yes,No,Yes,Yes,One year,No,Mailed check,79.25,7.976870096861224
Yes,No,No,20,Yes,Fiber optic,No,No,No,No,No,Yes,Month-to-month,Yes,Credit card (automatic),85.8,7.455009259361679
No,No,No,4,No phone service,DSL,No,No,No,No,No,No,Month-to-month,Yes,Electronic check,24.45,4.472780997942346
No,Yes,No,63,No,Fiber optic,Yes,Yes,Yes,Yes,Yes,Yes,Two year,Yes,Credit card (automatic),110.1,8.81086230571214
No,No,No,3,No,Fiber optic,No,No,No,No,Yes,Yes,Month-to-month,No,Mailed check,90.7,5.474998043451905
No,Yes,Yes,66,Yes,No,No internet service,No internet service,No internet service,No internet service,No internet service,No internet service,Two year,Yes,Credit card (automatic),25.3,7.422582884127426
No,No,No,28,Yes,Fiber optic,No,Yes,Yes,No,Yes,Yes,Month-to-month,Yes,Electronic check,105.7,7.999846350659981
Yes,No,No,8,Yes,Fiber optic,No,No,No,No,No,Yes,Month-to-month,No,Electronic check,85.2,6.546426666362057
No,No,Yes,71,Yes,No,No internet service,No internet service,No internet service,No internet service,No internet service,No internet service,Two year,No,Mailed check,24.35,7.4119187598745775
No,No,No,1,No phone service,DSL,No,No,No,No,No,No,Month-to-month,Yes,Electronic check,24.25,3.228826155721369
No,Yes,Yes,72,Yes,No,No internet service,No internet service,No internet service,No internet service,No internet service,No internet service,Two year,No,Bank transfer (automatic),25.1,7.527713295923721
Yes,Yes,No,16,No,DSL,Yes,Yes,No,No,No,No,Month-to-month,Yes,Bank transfer (automatic),54.55,6.716715831568459
No,Yes,No,66,Yes,Fiber optic,Yes,Yes,Yes,Yes,No,No,Two year,No,Mailed check,96.6,8.767990819512264
No,No,No,11,Yes,Fiber optic,No,No,No,No,No,No,Month-to-month,Yes,Electronic check,76.5,6.732151109935707
No,No,No,51,Yes,DSL,Yes,Yes,Yes,Yes,Yes,No,One year,Yes,Credit card (automatic),81.15,8.32535448993044
No,No,Yes,8,No phone service,DSL,Yes,No,No,No,No,Yes,Month-to-month,Yes,Electronic check,38.5,5.8045323777563445
No,No,No,14,No,Fiber optic,No,No,No,No,Yes,Yes,Month-to-month,Yes,Electronic check,92.9,7.19926750701427
No,No,No,4,Yes,Fiber optic,No,Yes,No,Yes,No,Yes,Month-to-month,Yes,Electronic check,93.5,5.894953646727139
No,No,No,70,Yes,DSL,Yes,Yes,Yes,No,Yes,Yes,Two year,No,Mailed check,84.7,8.69818886962152
No,No,Yes,70,Yes,DSL,Yes,Yes,No,Yes,No,No,Two year,No,Electronic check,66.0,8.495458699270232
Yes,Yes,No,54,Yes,Fiber optic,No,Yes,No,No,Yes,Yes,One year,Yes,Credit card (automatic),101.5,8.589346397115445
No,No,Yes,28,No,Fiber optic,Yes,No,No,No,No,No,Month-to-month,Yes,Bank transfer (automatic),74.9,7.635086471322152
No,No,No,24,No,No,No internet service,No internet service,No internet service,No internet service,No internet service,No internet service,Two year,No,Mailed check,20.75,6.1904178596209745
No,Yes,No,69,No,DSL,No,Yes,No,No,No,Yes,Two year,Yes,Credit card (automatic),61.45,8.326565231778707
No,Yes,Yes,42,No,DSL,Yes,Yes,No,No,No,No,Month-to-month,No,Mailed check,54.5,7.7415987478887605
Yes,No,No,2,No,Fiber optic,No,No,No,No,No,No,Month-to-month,Yes,Electronic check,69.6,4.8877140805837485
Yes,No,No,39,Yes,Fiber optic,No,No,Yes,No,Yes,Yes,Month-to-month,Yes,Electronic check,99.75,8.30325712085294
No,Yes,Yes,45,Yes,Fiber optic,No,Yes,Yes,Yes,Yes,Yes,Two year,Yes,Bank transfer (automatic),109.75,8.497327162110192
No,Yes,Yes,72,Yes,DSL,Yes,Yes,Yes,Yes,Yes,No,Two year,Yes,Bank transfer (automatic),80.85,8.653200267007206
No,No,No,38,No,No,No internet service,No internet service,No internet service,No internet service,No internet service,No internet service,Two year,No,Mailed check,20.3,6.612108236876059
No,Yes,No,72,Yes,DSL,Yes,Yes,Yes,Yes,No,No,Two year,Yes,Bank transfer (automatic),67.8,8.477547588009875
No,No,No,1,Yes,No,No internet service,No internet service,No internet service,No internet service,No internet service,No internet service,Month-to-month,Yes,Mailed check,24.05,3.2208738275308737
No,Yes,Yes,72,No,No,No internet service,No internet service,No internet service,No internet service,No internet service,No internet service,Two year,Yes,Credit card (automatic),19.8,7.255344068559612
No,Yes,No,55,Yes,No,No internet service,No internet service,No internet service,No internet service,No internet service,No internet service,Two year,No,Bank transfer (automatic),25.7,7.275622356674983
No,Yes,Yes,51,No phone service,DSL,No,No,Yes,Yes,Yes,Yes,One year,Yes,Electronic check,56.15,7.972448774446621
No,No,No,63,No,DSL,Yes,Yes,Yes,Yes,Yes,Yes,Two year,Yes,Bank transfer (automatic),86.7,8.577441271761595
No,No,No,1,No,No,No internet service,No internet service,No internet service,No internet service,No internet service,No internet service,Month-to-month,No,Mailed check,20.4,3.0633909220278057
No,Yes,Yes,23,No,No,No internet service,No internet service,No internet service,No internet service,No internet service,No internet service,Two year,Yes,Mailed check,19.65,6.11489825427318
No,No,No,1,No,DSL,No,Yes,No,No,No,No,Month-to-month,No,Electronic check,50.55,3.942552210462969
No,No,No,2,Yes,DSL,No,No,No,Yes,No,No,Month-to-month,Yes,Mailed check,54.35,4.771108263531522
Yes,No,No,52,Yes,Fiber optic,Yes,Yes,Yes,No,Yes,Yes,Month-to-month,No,Credit card (automatic),108.1,8.6725374443659
No,No,No,36,Yes,DSL,Yes,No,No,No,No,No,One year,No,Mailed check,54.45,7.546710230458656
No,No,No,1,No,DSL,No,No,No,No,No,No,Month-to-month,No,Mailed check,45.35,3.836221292011864
No,No,No,28,Yes,DSL,Yes,No,Yes,No,No,No,One year,No,Mailed check,59.0,7.411828154175417
No,Yes,Yes,7,No,DSL,Yes,Yes,Yes,No,Yes,No,One year,No,Electronic check,69.45,6.1697153295314555
No,No,No,14,Yes,Fiber optic,No,Yes,No,No,Yes,Yes,Month-to-month,Yes,Electronic check,100.55,7.255979616917987
Yes,Yes,No,72,No phone service,DSL,Yes,Yes,Yes,Yes,Yes,Yes,Two year,Yes,Credit card (automatic),64.95,8.42222295382501
No,Yes,Yes,1,No,No,No internet service,No internet service,No internet service,No internet service,No internet service,No internet service,Month-to-month,Yes,Mailed check,20.5,3.068052935133617
No,No,No,10,No,No,No internet service,No internet service,No internet service,No internet service,No internet service,No internet service,Month-to-month,No,Mailed check,18.85,5.101085197018328
No,No,No,42,No,No,No internet service,No internet service,No internet service,No internet service,No internet service,No internet service,One year,No,Bank transfer (automatic),19.8,6.746294612855512
No,No,No,7,No phone service,DSL,No,No,No,No,No,No,Month-to-month,No,Bank transfer (automatic),25.05,5.252011613671526
No,No,No,4,No,Fiber optic,No,No,Yes,No,No,No,Month-to-month,Yes,Bank transfer (automatic),74.8,5.77734267776423
No,Yes,Yes,72,Yes,Fiber optic,Yes,Yes,Yes,Yes,Yes,Yes,Two year,Yes,Credit card (automatic),114.3,8.994613002676543
No,Yes,No,20,No phone service,DSL,No,No,No,No,No,No,Month-to-month,Yes,Electronic check,24.45,6.181671598175927
No,No,No,63,No,Fiber optic,Yes,Yes,Yes,Yes,Yes,Yes,Two year,No,Credit card (automatic),109.2,8.86088927312677
No,No,No,56,No phone service,DSL,Yes,Yes,Yes,Yes,No,No,Two year,No,Bank transfer (automatic),45.05,7.84819213268437
No,No,Yes,5,No,DSL,No,No,No,Yes,No,No,Month-to-month,Yes,Mailed check,51.0,5.662265794453267
No,Yes,No,72,Yes,Fiber optic,No,Yes,Yes,Yes,Yes,Yes,Two year,Yes,Bank transfer (automatic),110.45,8.985132190779757
Yes,Yes,Yes,68,Yes,Fiber optic,No,Yes,Yes,No,No,No,Month-to-month,Yes,Electronic check,84.65,8.645516043111149
No,Yes,Yes,67,No,DSL,Yes,Yes,No,Yes,No,No,One year,No,Mailed check,60.05,8.292811373766611
No,Yes,Yes,8,No,DSL,No,No,No,No,No,No,Month-to-month,No,Bank transfer (automatic),44.65,5.913908328889107
No,Yes,Yes,52,Yes,Fiber optic,No,Yes,No,Yes,No,Yes,Month-to-month,Yes,Bank transfer (automatic),93.25,8.440895130460174
No,Yes,Yes,18,No,No,No internet service,No internet service,No internet service,No internet service,No internet service,No internet service,Month-to-month,Yes,Mailed check,20.25,5.998812484770521
No,Yes,Yes,59,Yes,No,No internet service,No internet service,No internet service,No internet service,No internet service,No internet service,Two year,No,Mailed check,25.45,7.336318232780702
No,No,No,60,No,No,No internet service,No internet service,No internet service,No internet service,No internet service,No internet service,Two year,No,Mailed check,20.6,6.9975959829819265
No,No,No,7,Yes,Fiber optic,No,No,No,No,Yes,Yes,Month-to-month,Yes,Electronic check,94.1,6.5543606631649745
No,Yes,Yes,59,No phone service,DSL,Yes,No,Yes,No,No,No,One year,No,Mailed check,34.8,7.591508473900213
No,No,No,46,No phone service,DSL,Yes,No,Yes,Yes,Yes,Yes,Two year,Yes,Bank transfer (automatic),60.75,7.9705331146410305
No,No,No,5,No,DSL,No,Yes,No,No,No,No,Month-to-month,Yes,Electronic check,51.35,5.573294066502264
Yes,Yes,No,59,No phone service,DSL,Yes,No,Yes,Yes,Yes,Yes,Two year,Yes,Credit card (automatic),64.05,8.265611584589179
No,Yes,No,70,Yes,DSL,No,Yes,Yes,Yes,Yes,Yes,Two year,Yes,Bank transfer (automatic),84.8,8.685846765444772
No,No,No,14,No,Fiber optic,No,No,No,No,No,No,Month-to-month,Yes,Credit card (automatic),71.0,6.818924065275521
No,No,No,44,Yes,DSL,No,No,No,No,No,No,Month-to-month,Yes,Mailed check,50.15,7.668607835896095
No,Yes,No,64,Yes,Fiber optic,Yes,No,Yes,No,Yes,No,Two year,Yes,Credit card (automatic),94.6,8.691096077100468
No,Yes,Yes,58,No phone service,DSL,Yes,No,Yes,Yes,Yes,Yes,Two year,No,Mailed check,59.75,8.195706114352095
Yes,Yes,No,46,Yes,Fiber optic,No,No,No,Yes,Yes,Yes,One year,No,Electronic check,100.25,8.466920428740588
Yes,Yes,No,58,Yes,Fiber optic,No,Yes,No,No,Yes,Yes,Month-to-month,Yes,Electronic check,98.9,8.662453036069365
No,Yes,No,72,Yes,Fiber optic,No,Yes,No,No,Yes,Yes,Two year,Yes,Credit card (automatic),97.7,8.835021272311026
Yes,No,No,30,No phone service,DSL,No,No,Yes,No,Yes,No,Month-to-month,Yes,Electronic check,40.3,7.068129410043267
Yes,No,No,11,Yes,DSL,Yes,Yes,No,No,No,No,Month-to-month,No,Bank transfer (automatic),60.25,6.498206845436337
Yes,No,No,34,No phone service,DSL,No,Yes,Yes,No,Yes,Yes,Month-to-month,Yes,Electronic check,56.25,7.477010175371521
No,No,No,54,No phone service,DSL,Yes,Yes,No,No,No,Yes,Two year,No,Bank transfer (automatic),46.2,7.796859791811975
No,No,No,3,No phone service,DSL,No,Yes,No,No,Yes,Yes,Month-to-month,Yes,Electronic check,50.6,5.05209708390385
No,Yes,Yes,72,Yes,No,No internet service,No internet service,No internet service,No internet service,No internet service,No internet service,Two year,No,Mailed check,24.9,7.528439287808367
No,Yes,Yes,40,Yes,Fiber optic,No,No,Yes,Yes,No,No,Month-to-month,Yes,Electronic check,84.85,8.102904267698277
No,Yes,Yes,2,No,DSL,No,No,No,No,Yes,Yes,Month-to-month,No,Mailed check,65.7,4.90786401606031
No,Yes,Yes,54,Yes,DSL,No,No,Yes,No,No,Yes,Two year,No,Credit card (automatic),63.35,8.134496895360774
No,No,No,14,No,DSL,Yes,No,No,No,No,No,Month-to-month,No,Bank transfer (automatic),50.1,6.565968947537155
No,No,No,1,No,Fiber optic,No,No,No,No,No,No,Month-to-month,No,Electronic check,70.5,4.269697449699962
No,No,No,10,Yes,Fiber optic,No,Yes,Yes,No,No,Yes,Month-to-month,Yes,Electronic check,94.85,6.861135258346911
No,No,No,1,No,DSL,Yes,No,No,No,No,No,Month-to-month,No,Electronic check,50.15,3.9347624923976356
No,No,No,1,No,No,No internet service,No internet service,No internet service,No internet service,No internet service,No internet service,Month-to-month,No,Mailed check,19.75,3.0325462466767075
No,No,No,56,Yes,DSL,Yes,Yes,No,Yes,No,No,One year,Yes,Bank transfer (automatic),64.65,8.20700644442437
No,Yes,No,68,No,DSL,Yes,Yes,No,Yes,Yes,Yes,Two year,Yes,Bank transfer (automatic),79.6,8.61555326102932
No,Yes,Yes,14,No,No,No internet service,No internet service,No internet service,No internet service,No internet service,No internet service,One year,Yes,Mailed check,19.5,5.60947179518496
No,Yes,Yes,68,No,Fiber optic,Yes,No,No,Yes,Yes,Yes,Two year,Yes,Electronic check,99.55,8.805225202632306
Yes,Yes,No,55,Yes,Fiber optic,No,No,No,No,No,No,Month-to-month,Yes,Electronic check,74.0,8.307311314085213
No,No,No,16,No phone service,DSL,Yes,No,No,No,Yes,No,Month-to-month,Yes,Electronic check,38.9,6.500388363584376
Yes,No,No,9,No,Fiber optic,No,No,No,No,No,Yes,Month-to-month,Yes,Electronic check,79.55,6.578626016616183
No,Yes,Yes,14,No,DSL,Yes,Yes,No,No,Yes,No,Month-to-month,Yes,Electronic check,65.45,6.844389403360317
Yes,Yes,No,58,Yes,Fiber optic,No,No,Yes,No,Yes,Yes,Month-to-month,Yes,Electronic check,98.7,8.667955279302426
No,No,No,53,No phone service,DSL,Yes,Yes,No,No,No,Yes,Month-to-month,Yes,Bank transfer (automatic),46.3,7.843005145257438
No,Yes,No,70,Yes,Fiber optic,Yes,Yes,Yes,No,Yes,No,Two year,Yes,Credit card (automatic),99.35,8.845849246837444
Yes,Yes,Yes,14,Yes,Fiber optic,No,No,No,No,Yes,Yes,Month-to-month,Yes,Electronic check,95.8,7.205857868761802
No,Yes,Yes,22,No,DSL,Yes,No,Yes,Yes,Yes,No,One year,Yes,Bank transfer (automatic),67.5,7.342811551267739
No,Yes,No,10,Yes,Fiber optic,Yes,No,No,No,No,No,Month-to-month,Yes,Credit card (automatic),78.15,6.641377973024185
No,Yes,Yes,29,Yes,No,No internet service,No internet service,No internet service,No internet service,No internet service,No internet service,Two year,No,Mailed check,26.1,6.541823335209299
No,No,No,1,No,Fiber optic,No,No,No,No,No,No,Month-to-month,Yes,Electronic check,69.6,4.257030144499196
No,Yes,No,49,Yes,DSL,Yes,No,Yes,Yes,Yes,Yes,One year,No,Electronic check,84.35,8.30902445577673
Yes,Yes,No,68,Yes,Fiber optic,No,Yes,No,No,Yes,Yes,Month-to-month,Yes,Electronic check,100.2,8.832390717758596
No,No,No,1,No,Fiber optic,No,No,No,No,Yes,No,Month-to-month,No,Electronic check,78.05,4.370080563655481
No,No,No,30,No phone service,DSL,No,No,No,Yes,No,Yes,One year,Yes,Credit card (automatic),40.35,7.080068586579022
No,Yes,No,72,Yes,DSL,Yes,Yes,Yes,Yes,Yes,No,Two year,No,Credit card (automatic),79.2,8.59469112543662
No,No,No,10,No,No,No internet service,No internet service,No internet service,No internet service,No internet service,No internet service,Month-to-month,Yes,Mailed check,20.9,5.5134287461649825
No,No,No,7,Yes,Fiber optic,No,No,No,No,No,No,Month-to-month,No,Electronic check,73.6,6.255750041753367
No,No,No,9,Yes,Fiber optic,No,No,No,No,No,No,Month-to-month,Yes,Electronic check,74.75,6.56187896228563
No,No,Yes,1,No,DSL,Yes,No,No,No,No,No,Month-to-month,No,Mailed check,49.9,3.929862923556477
No,No,No,20,Yes,DSL,No,Yes,No,Yes,No,Yes,Month-to-month,Yes,Credit card (automatic),68.9,7.223550935092717
No,No,No,1,No,No,No internet service,No internet service,No internet service,No internet service,No internet service,No internet service,Month-to-month,Yes,Mailed check,20.25,3.056356895370426
No,No,No,29,Yes,Fiber optic,No,No,No,No,No,No,Month-to-month,Yes,Credit card (automatic),76.0,7.703571857388417
No,No,No,1,No,Fiber optic,No,No,No,Yes,No,No,Month-to-month,No,Electronic check,74.0,4.31748811353631
No,No,No,3,No,Fiber optic,Yes,No,No,Yes,No,No,Month-to-month,Yes,Mailed check,82.3,5.372496764722288
No,No,No,20,No,Fiber optic,Yes,No,Yes,No,Yes,No,Month-to-month,Yes,Bank transfer (automatic),89.4,7.534842782032572
No,No,Yes,64,No,Fiber optic,No,Yes,No,Yes,Yes,Yes,Month-to-month,Yes,Credit card (automatic),99.15,8.727810617365039
No,No,No,6,No phone service,DSL,Yes,No,No,No,No,No,Month-to-month,No,Bank transfer (automatic),29.45,5.090370262115109
No,Yes,No,50,No,No,No internet service,No internet service,No internet service,No internet service,No internet service,No internet service,Two year,No,Electronic check,19.8,6.921855403360919
No,No,No,6,No,DSL,Yes,No,No,No,No,Yes,Month-to-month,Yes,Bank transfer (automatic),59.15,5.822157927391522
No,Yes,Yes,7,No,DSL,No,No,No,No,No,No,Month-to-month,No,Electronic check,44.75,5.813085209546651
No,Yes,Yes,72,Yes,Fiber optic,No,No,Yes,No,No,Yes,Two year,Yes,Credit card (automatic),90.8,8.781524750259768
No,Yes,No,8,No,DSL,No,Yes,No,No,No,No,Month-to-month,Yes,Bank transfer (automatic),49.55,5.977492389541099
No,Yes,Yes,67,Yes,Fiber optic,Yes,No,No,Yes,Yes,Yes,Two year,No,Credit card (automatic),106.7,8.855164304161185
Yes,Yes,No,24,Yes,Fiber optic,No,No,No,No,Yes,Yes,Month-to-month,Yes,Electronic check,93.55,7.725352112728672
No,Yes,No,72,Yes,Fiber optic,Yes,Yes,No,No,No,Yes,Two year,Yes,Credit card (automatic),94.45,8.842561145924268
No,Yes,Yes,33,No,No,No internet service,No internet service,No internet service,No internet service,No internet service,No internet service,One year,Yes,Bank transfer (automatic),19.45,6.399010821419971
No,No,No,2,No phone service,DSL,No,No,No,No,No,No,Month-to-month,Yes,Electronic check,25.05,4.04917284357538
No,Yes,No,70,No,DSL,Yes,Yes,No,Yes,No,Yes,Two year,No,Mailed check,67.95,8.44787526710534
No,No,No,22,No,DSL,No,Yes,Yes,No,Yes,No,One year,No,Bank transfer (automatic),65.25,7.2743409490293836
No,No,No,59,Yes,Fiber optic,Yes,Yes,Yes,No,No,Yes,Month-to-month,Yes,Bank transfer (automatic),99.45,8.634922892317014
No,No,No,36,No,No,No internet service,No internet service,No internet service,No internet service,No internet service,No internet service,One year,Yes,Credit card (automatic),20.35,6.546570179565519
No,Yes,Yes,51,No,No,No internet service,No internet service,No internet service,No internet service,No internet service,No internet service,Two year,No,Mailed check,19.95,6.93707133331619
No,Yes,No,53,Yes,DSL,Yes,No,Yes,Yes,Yes,No,One year,No,Bank transfer (automatic),77.4,8.332536911275563
No,Yes,Yes,20,No,No,No internet service,No internet service,No internet service,No internet service,No internet service,No internet service,One year,No,Bank transfer (automatic),19.7,5.982928216085695
No,Yes,No,63,No,Fiber optic,Yes,No,Yes,No,Yes,Yes,Two year,No,Credit card (automatic),99.7,8.75327665972029
No,No,No,40,No,Fiber optic,No,Yes,No,No,No,No,Month-to-month,No,Credit card (automatic),74.8,7.997225909732963
No,No,No,35,No,No,No internet service,No internet service,No internet service,No internet service,No internet service,No internet service,One year,Yes,Mailed check,19.15,6.459904454377535
No,Yes,Yes,26,No,Fiber optic,No,No,No,No,No,Yes,One year,No,Bank transfer (automatic),78.95,7.618373940454087
Yes,Yes,No,27,Yes,Fiber optic,No,Yes,Yes,No,No,Yes,Month-to-month,Yes,Electronic check,95.55,7.828516005527744
No,No,Yes,53,No,DSL,Yes,Yes,No,Yes,No,No,One year,No,Credit card (automatic),62.85,8.137542018201053
Yes,Yes,No,34,No,Fiber optic,No,No,No,No,No,No,Month-to-month,No,Credit card (automatic),71.55,7.794967293355625
Yes,Yes,No,19,Yes,Fiber optic,No,No,No,No,Yes,Yes,Month-to-month,Yes,Electronic check,94.95,7.4737790632128895
No,Yes,No,43,No,Fiber optic,Yes,Yes,Yes,No,No,No,Month-to-month,Yes,Credit card (automatic),86.1,8.175449082865923
No,Yes,Yes,6,No,No,No internet service,No internet service,No internet service,No internet service,No internet service,No internet service,Month-to-month,No,Mailed check,19.55,4.819474788635096
No,No,Yes,56,Yes,No,No internet service,No internet service,No internet service,No internet service,No internet service,No internet service,Two year,Yes,Mailed check,24.8,7.262067433731681
No,No,No,57,No phone service,DSL,No,Yes,No,No,Yes,No,Month-to-month,Yes,Electronic check,39.3,7.6556036903121685
No,Yes,Yes,34,No,Fiber optic,No,No,Yes,No,Yes,No,Month-to-month,Yes,Mailed check,84.05,7.97623476737001
No,No,No,10,No phone service,DSL,No,Yes,No,Yes,No,No,Month-to-month,No,Electronic check,36.25,5.926926025970411
No,No,No,1,No,No,No internet service,No internet service,No internet service,No internet service,No internet service,No internet service,Month-to-month,Yes,Mailed check,20.25,3.056356895370426
No,No,No,13,No phone service,DSL,No,No,No,No,No,No,Month-to-month,Yes,Electronic check,23.9,5.709764546333749
No,No,No,56,Yes,Fiber optic,No,Yes,No,No,Yes,Yes,Month-to-month,No,Electronic check,98.6,8.627311371419102
No,Yes,No,55,Yes,Fiber optic,No,Yes,Yes,No,Yes,Yes,Month-to-month,Yes,Credit card (automatic),103.65,8.64429269370997
No,Yes,Yes,36,Yes,DSL,Yes,Yes,Yes,Yes,Yes,Yes,Two year,Yes,Credit card (automatic),92.9,8.125704950238868
No,Yes,No,47,No,No,No internet service,No internet service,No internet service,No internet service,No internet service,No internet service,One year,No,Bank transfer (automatic),19.9,6.850073198641052
No,Yes,Yes,12,No,No,No internet service,No internet service,No internet service,No internet service,No internet service,No internet service,Month-to-month,Yes,Credit card (automatic),20.1,5.452753719852455
No,No,No,1,No,Fiber optic,No,No,Yes,No,Yes,No,Month-to-month,Yes,Electronic check,85.45,4.4595662121293
Yes,No,No,24,Yes,Fiber optic,No,Yes,No,No,No,No,Month-to-month,Yes,Electronic check,80.5,7.644656152432005
No,No,No,63,Yes,Fiber optic,No,Yes,No,No,Yes,Yes,One year,No,Bank transfer (automatic),99.9,8.722254235179681
Yes,No,No,35,No phone service,DSL,No,No,Yes,No,Yes,No,Month-to-month,Yes,Electronic check,39.85,7.2693381592734525
No,No,No,67,No,DSL,Yes,Yes,No,Yes,No,No,One year,No,Credit card (automatic),60.5,8.261268150577648
No,No,No,25,Yes,Fiber optic,No,No,No,No,No,Yes,Month-to-month,Yes,Electronic check,84.8,7.6228840836484695
No,No,No,21,Yes,Fiber optic,Yes,No,Yes,No,Yes,Yes,Month-to-month,No,Mailed check,103.85,7.703459047867175
No,No,No,13,No,DSL,Yes,Yes,No,Yes,No,Yes,Month-to-month,No,Bank transfer (automatic),67.8,6.73726347394176
No,Yes,No,35,Yes,Fiber optic,No,No,No,No,No,No,Month-to-month,Yes,Electronic check,75.2,7.854458817264487
Yes,Yes,No,71,Yes,No,No internet service,No internet service,No internet service,No internet service,No internet service,No internet service,Two year,No,Bank transfer (automatic),24.85,7.550661243105336
No,No,No,29,No,No,No internet service,No internet service,No internet service,No internet service,No internet service,No internet service,Month-to-month,No,Credit card (automatic),19.35,6.401253626696201
No,Yes,No,71,No phone service,DSL,No,Yes,No,No,Yes,Yes,Two year,No,Electronic check,49.35,8.165150359804066
Yes,Yes,No,7,No,Fiber optic,No,No,No,No,Yes,Yes,Month-to-month,Yes,Electronic check,89.0,6.40762228475489
Yes,No,No,57,No phone service,DSL,No,Yes,Yes,No,Yes,Yes,Month-to-month,Yes,Electronic check,55.0,8.037559340077058
No,Yes,No,65,Yes,DSL,Yes,No,Yes,Yes,No,Yes,Two year,No,Bank transfer (automatic),76.15,8.5032058226803
No,No,No,27,No,No,No internet service,No internet service,No internet service,No internet service,No internet service,No internet service,One year,No,Mailed check,20.3,6.3903245561640105
No,No,No,6,Yes,Fiber optic,No,No,No,No,No,No,Month-to-month,Yes,Electronic check,74.9,6.154433375386121
Yes,No,No,72,Yes,Fiber optic,Yes,Yes,Yes,Yes,Yes,Yes,Two year,Yes,Credit card (automatic),117.35,9.04041170511219
No,No,No,1,No,No,No internet service,No internet service,No internet service,No internet service,No internet service,No internet service,Month-to-month,Yes,Mailed check,19.75,3.0325462466767075
No,No,No,11,No,DSL,No,No,No,No,No,No,Month-to-month,No,Credit card (automatic),45.2,6.20050917404269
No,Yes,Yes,39,Yes,No,No internet service,No internet service,No internet service,No internet service,No internet service,No internet service,Two year,No,Mailed check,25.2,6.896643774227418
Yes,No,No,59,Yes,Fiber optic,Yes,Yes,Yes,No,No,No,Month-to-month,Yes,Electronic check,89.75,8.612121480127623
No,No,No,26,No,DSL,Yes,No,No,Yes,Yes,Yes,One year,No,Bank transfer (automatic),75.0,7.554518148984553
Yes,No,No,2,No,DSL,No,No,Yes,No,No,No,Month-to-month,No,Mailed check,49.95,4.683056724645162
No,Yes,Yes,72,No phone service,DSL,Yes,Yes,Yes,Yes,Yes,Yes,Two year,No,Bank transfer (automatic),65.7,8.428657016148714
No,Yes,No,65,Yes,DSL,Yes,Yes,Yes,No,No,No,One year,No,Credit card (automatic),67.05,8.36882078516512
No,Yes,Yes,72,Yes,Fiber optic,No,Yes,Yes,Yes,Yes,Yes,Two year,No,Credit card (automatic),110.9,8.977619857598377
No,No,No,6,Yes,Fiber optic,No,No,No,Yes,No,Yes,Month-to-month,Yes,Bank transfer (automatic),87.95,6.260250456300893
Yes,No,No,32,No,No,No internet service,No internet service,No internet service,No internet service,No internet service,No internet service,One year,No,Credit card (automatic),19.8,6.377916716034216
No,Yes,No,50,Yes,DSL,No,No,Yes,No,Yes,Yes,One year,No,Bank transfer (automatic),75.7,8.262868522618453
No,Yes,No,61,No phone service,DSL,Yes,No,Yes,Yes,Yes,Yes,Two year,Yes,Mailed check,62.15,8.237439605286578
No,No,No,15,No,Fiber optic,No,Yes,Yes,No,Yes,Yes,Month-to-month,Yes,Electronic check,101.25,7.284992365633747
No,Yes,No,72,Yes,Fiber optic,Yes,Yes,Yes,Yes,Yes,Yes,Two year,No,Bank transfer (automatic),115.15,9.030070708608337
No,No,No,9,No,No,No internet service,No internet service,No internet service,No internet service,No internet service,No internet service,Month-to-month,Yes,Mailed check,18.95,5.228967288413243
No,No,No,1,No,No,No internet service,No internet service,No internet service,No internet service,No internet service,No internet service,Month-to-month,No,Mailed check,19.5,3.0204248861443626
No,No,No,12,Yes,Fiber optic,No,No,No,No,No,Yes,Month-to-month,Yes,Electronic check,86.55,6.9734493821775
No,No,No,37,No phone service,DSL,No,No,No,Yes,No,No,Month-to-month,No,Credit card (automatic),28.6,6.881975825994649
No,Yes,Yes,61,No,No,No internet service,No internet service,No internet service,No internet service,No internet service,No internet service,One year,No,Mailed check,20.4,7.1126941256415
No,Yes,Yes,18,No,No,No internet service,No internet service,No internet service,No internet service,No internet service,No internet service,One year,No,Bank transfer (automatic),19.8,5.838604700463646
No,No,Yes,21,No,DSL,No,No,No,No,No,No,Month-to-month,No,Mailed check,45.65,6.893707063256078
No,Yes,Yes,68,No phone service,DSL,Yes,Yes,Yes,Yes,No,Yes,Two year,Yes,Mailed check,56.4,8.281331607693978
Yes,No,No,12,Yes,Fiber optic,No,No,No,No,No,No,Month-to-month,Yes,Credit card (automatic),73.3,6.720280466947382
Yes,No,No,2,No phone service,DSL,No,No,No,No,No,No,Month-to-month,No,Electronic check,24.35,3.7577056450437887
No,Yes,No,62,Yes,Fiber optic,No,No,Yes,No,Yes,Yes,Month-to-month,Yes,Electronic check,101.35,8.726756953353926
Yes,No,No,29,Yes,Fiber optic,No,No,No,Yes,Yes,Yes,Month-to-month,No,Electronic check,98.65,7.959887233767705
No,No,Yes,1,No phone service,DSL,No,Yes,No,Yes,No,No,Month-to-month,No,Mailed check,33.6,3.543853682063679
Yes,Yes,No,5,Yes,Fiber optic,No,No,Yes,No,No,No,Month-to-month,Yes,Bank transfer (automatic),79.9,5.843399478992118
No,No,No,1,No,No,No internet service,No internet service,No internet service,No internet service,No internet service,No internet service,Month-to-month,No,Electronic check,20.7,3.077312260546414
No,No,Yes,62,Yes,Fiber optic,No,No,Yes,Yes,Yes,Yes,Two year,Yes,Electronic check,104.05,8.793536219198025
No,Yes,Yes,36,No,No,No internet service,No internet service,No internet service,No internet service,No internet service,No internet service,Two year,No,Bank transfer (automatic),20.25,6.57779181427375
Yes,No,No,28,Yes,Fiber optic,No,No,Yes,Yes,Yes,Yes,Month-to-month,Yes,Electronic check,103.3,7.9695825524415795
No,Yes,Yes,69,Yes,DSL,Yes,Yes,No,Yes,Yes,No,One year,No,Credit card (automatic),73.7,8.494303203121992
No,Yes,No,11,Yes,Fiber optic,Yes,No,No,Yes,Yes,No,Month-to-month,Yes,Credit card (automatic),96.2,7.109103017925889
No,Yes,No,63,Yes,Fiber optic,No,Yes,Yes,Yes,Yes,Yes,Month-to-month,Yes,Electronic check,108.75,8.835312321107413
No,No,No,23,No,No,No internet service,No internet service,No internet service,No internet service,No internet service,No internet service,One year,No,Bank transfer (automatic),20.15,6.007829901194246
No,No,No,10,No,No,No internet service,No internet service,No internet service,No internet service,No internet service,No internet service,Month-to-month,No,Credit card (automatic),19.75,5.343529709369585
No,Yes,No,71,Yes,No,No internet service,No internet service,No internet service,No internet service,No internet service,No internet service,Two year,Yes,Credit card (automatic),25.95,7.497151758548155
Yes,No,No,45,Yes,DSL,Yes,No,No,Yes,No,Yes,Month-to-month,Yes,Electronic check,70.05,8.027297010831276
No,Yes,Yes,70,Yes,No,No internet service,No internet service,No internet service,No internet service,No internet service,No internet service,Two year,No,Mailed check,24.05,7.476330808289032
No,No,Yes,22,Yes,Fiber optic,No,No,No,No,No,Yes,Month-to-month,Yes,Electronic check,84.75,7.505354751530167
No,Yes,Yes,52,Yes,No,No internet service,No internet service,No internet service,No internet service,No internet service,No internet service,Two year,No,Mailed check,23.05,7.135766961693207
No,Yes,No,55,Yes,Fiber optic,No,No,Yes,Yes,Yes,Yes,One year,Yes,Electronic check,104.15,8.65591981542555
No,No,No,65,No phone service,DSL,Yes,No,Yes,Yes,Yes,Yes,Two year,No,Credit card (automatic),59.95,8.274382503626551
No,Yes,Yes,72,No,No,No internet service,No internet service,No internet service,No internet service,No internet service,No internet service,Two year,No,Bank transfer (automatic),19.55,7.28923502433979
No,Yes,No,10,No,No,No internet service,No internet service,No internet service,No internet service,No internet service,No internet service,One year,No,Bank transfer (automatic),19.6,5.249389692924613
No,No,Yes,7,No,No,No internet service,No internet service,No internet service,No internet service,No internet service,No internet service,One year,No,Mailed check,20.05,4.582924577040772
Yes,No,No,5,No,Fiber optic,No,Yes,No,No,No,Yes,Month-to-month,Yes,Electronic check,85.55,6.014936903293124
No,Yes,Yes,24,Yes,DSL,Yes,No,Yes,No,Yes,Yes,Two year,No,Credit card (automatic),78.6,7.521669840324939
No,Yes,Yes,72,Yes,Fiber optic,Yes,Yes,Yes,Yes,Yes,Yes,Two year,Yes,Credit card (automatic),116.8,9.042838459780507
No,No,No,21,No phone service,DSL,Yes,No,No,Yes,Yes,No,Month-to-month,Yes,Mailed check,43.55,6.920177798980694
No,Yes,No,69,No phone service,DSL,No,Yes,Yes,Yes,Yes,Yes,One year,Yes,Credit card (automatic),60.8,8.35805677007632
No,Yes,Yes,44,No,DSL,No,Yes,No,Yes,No,No,Month-to-month,Yes,Bank transfer (automatic),54.9,7.843887853069831
Yes,Yes,Yes,61,Yes,DSL,No,No,Yes,No,Yes,No,One year,Yes,Electronic check,65.2,8.28552591616114
Yes,No,No,24,Yes,Fiber optic,No,Yes,Yes,No,Yes,Yes,Month-to-month,Yes,Credit card (automatic),102.95,7.82312558739655
No,No,No,1,No,Fiber optic,No,No,No,No,Yes,Yes,Month-to-month,No,Electronic check,90.6,4.517431271680085
No,No,No,6,No,DSL,No,No,No,Yes,No,No,Month-to-month,Yes,Bank transfer (automatic),50.8,5.666599683528485
No,No,No,4,Yes,Fiber optic,No,Yes,No,No,No,Yes,Month-to-month,Yes,Electronic check,90.05,5.911067610035953
No,Yes,No,72,Yes,Fiber optic,No,Yes,Yes,Yes,Yes,Yes,Two year,Yes,Electronic check,108.2,8.967198174155284
No,No,No,72,Yes,DSL,Yes,Yes,Yes,Yes,Yes,Yes,Two year,No,Bank transfer (automatic),92.0,8.799925534142105
Yes,Yes,No,14,Yes,Fiber optic,No,No,No,No,No,No,Month-to-month,Yes,Electronic check,75.1,6.9220032922473385
No,No,No,7,Yes,No,No internet service,No internet service,No internet service,No internet service,No internet service,No internet service,Month-to-month,Yes,Bank transfer (automatic),25.05,5.0366278743705095
No,No,No,48,No,Fiber optic,No,Yes,No,No,No,No,One year,No,Electronic check,75.15,8.235797981829272
No,Yes,Yes,55,No,No,No internet service,No internet service,No internet service,No internet service,No internet service,No internet service,One year,No,Mailed check,19.5,6.934737950312024
No,No,No,1,No,No,No internet service,No internet service,No internet service,No internet service,No internet service,No internet service,Month-to-month,No,Credit card (automatic),19.3,3.0106208860477417
No,No,No,45,No,Fiber optic,Yes,Yes,Yes,Yes,Yes,Yes,One year,No,Credit card (automatic),112.2,8.523741703034002
No,No,No,3,No,Fiber optic,No,No,No,No,No,No,Month-to-month,Yes,Mailed check,70.3,5.399971020274537
No,Yes,No,71,No,No,No internet service,No internet service,No internet service,No internet service,No internet service,No internet service,Two year,No,Mailed check,19.6,7.256650035601907
No,Yes,No,8,No,No,No internet service,No internet service,No internet service,No internet service,No internet service,No internet service,Month-to-month,No,Mailed check,20.25,5.0711030408633455
No,Yes,No,3,Yes,Fiber optic,No,No,No,No,No,No,Month-to-month,Yes,Electronic check,75.85,5.551407994230199
No,Yes,Yes,69,No,DSL,Yes,Yes,No,Yes,Yes,Yes,Two year,No,Bank transfer (automatic),80.65,8.620390368744202
No,Yes,Yes,1,No,Fiber optic,No,No,No,No,No,No,Month-to-month,Yes,Electronic check,68.5,4.241326752570746
Yes,Yes,No,72,Yes,Fiber optic,Yes,Yes,Yes,Yes,Yes,Yes,Two year,Yes,Credit card (automatic),115.75,9.041294304632224
No,No,No,11,No,Fiber optic,Yes,No,No,No,No,No,Month-to-month,Yes,Electronic check,73.5,6.675507913418457
No,No,No,71,Yes,DSL,Yes,Yes,Yes,Yes,No,Yes,Two year,No,Bank transfer (automatic),80.6,8.649834187755614
No,No,No,1,No,Fiber optic,No,No,No,No,No,No,Month-to-month,Yes,Mailed check,69.95,4.261975403606051
No,Yes,No,33,No phone service,DSL,Yes,No,Yes,Yes,Yes,Yes,Two year,No,Bank transfer (automatic),59.55,7.609515262640305
No,No,No,16,No,No,No internet service,No internet service,No internet service,No internet service,No internet service,No internet service,One year,No,Mailed check,19.05,5.791945965485506
Yes,Yes,No,56,Yes,Fiber optic,Yes,Yes,Yes,Yes,No,No,One year,No,Electronic check,95.65,8.607536511313839
No,No,No,1,No,No,No internet service,No internet service,No internet service,No internet service,No internet service,No internet service,Month-to-month,No,Credit card (automatic),19.95,3.0421386463681466
No,No,No,5,No,DSL,No,No,Yes,No,Yes,Yes,Month-to-month,Yes,Electronic check,70.05,5.850476853807004
No,Yes,Yes,57,No,No,No internet service,No internet service,No internet service,No internet service,No internet service,No internet service,One year,No,Mailed check,19.4,6.968474014016842
No,Yes,Yes,56,No phone service,DSL,No,Yes,Yes,No,No,No,One year,Yes,Credit card (automatic),36.1,7.587057052720029
No,No,No,8,Yes,Fiber optic,No,Yes,Yes,No,Yes,No,Month-to-month,Yes,Electronic check,94.0,6.6524113144423005
No,Yes,Yes,22,No,DSL,Yes,Yes,Yes,No,No,No,Month-to-month,No,Mailed check,61.15,7.260557734506995
No,No,No,1,No,No,No internet service,No internet service,No internet service,No internet service,No internet service,No internet service,Month-to-month,No,Mailed check,19.75,3.0325462466767075
No,No,Yes,40,No,DSL,Yes,No,No,Yes,Yes,No,Month-to-month,Yes,Credit card (automatic),64.1,7.808465258889269
No,Yes,Yes,46,No,No,No internet service,No internet service,No internet service,No internet service,No internet service,No internet service,Two year,No,Credit card (automatic),19.75,6.754021179040095
No,Yes,Yes,63,No,No,No internet service,No internet service,No internet service,No internet service,No internet service,No internet service,Two year,No,Mailed check,19.7,7.152151386329798
No,Yes,Yes,68,Yes,Fiber optic,Yes,Yes,Yes,No,Yes,Yes,Two year,Yes,Electronic check,110.2,8.918449454750347
No,Yes,Yes,69,No,Fiber optic,Yes,Yes,No,Yes,Yes,Yes,Two year,Yes,Credit card (automatic),106.35,8.890513823975612
No,Yes,No,56,Yes,Fiber optic,No,Yes,Yes,Yes,No,No,Month-to-month,No,Electronic check,90.55,8.540440858135929
No,Yes,Yes,10,No,DSL,No,Yes,Yes,No,No,Yes,One year,Yes,Mailed check,65.9,6.493829479956106
No,No,No,63,Yes,Fiber optic,Yes,Yes,Yes,Yes,Yes,No,One year,No,Credit card (automatic),104.5,8.793581731323222
No,Yes,Yes,24,No phone service,DSL,Yes,Yes,Yes,Yes,No,Yes,Two year,Yes,Mailed check,52.5,7.097672912397719
No,No,No,19,Yes,DSL,No,No,Yes,No,No,No,Month-to-month,Yes,Mailed check,56.1,6.942060082674128
No,Yes,Yes,22,Yes,Fiber optic,No,No,Yes,No,Yes,No,Month-to-month,Yes,Electronic check,88.75,7.542292993434819
No,Yes,No,29,Yes,Fiber optic,Yes,Yes,No,No,No,No,Month-to-month,Yes,Electronic check,84.45,7.811203902842994
No,Yes,No,13,Yes,DSL,No,No,Yes,No,Yes,Yes,One year,Yes,Mailed check,75.3,6.89815938530869
No,Yes,No,70,Yes,No,No internet service,No internet service,No internet service,No internet service,No internet service,No internet service,Two year,Yes,Bank transfer (automatic),26.0,7.604869580103194
No,Yes,No,49,No,Fiber optic,No,Yes,Yes,No,Yes,Yes,Month-to-month,No,Electronic check,99.4,8.522379718103538
Yes,Yes,No,43,Yes,Fiber optic,Yes,No,Yes,Yes,Yes,Yes,One year,Yes,Mailed check,109.55,8.482860512335732
No,No,No,3,No,No,No internet service,No internet service,No internet service,No internet service,No internet service,No internet service,Month-to-month,Yes,Mailed check,19.6,4.1067670822206574
No,Yes,Yes,42,No,DSL,No,No,Yes,Yes,Yes,Yes,One year,No,Electronic check,73.15,8.0356836219843
No,No,No,57,No,DSL,No,Yes,No,Yes,No,No,One year,Yes,Mailed check,54.65,8.05060771362897
Yes,No,No,2,No,DSL,Yes,No,Yes,No,Yes,No,Month-to-month,No,Bank transfer (automatic),66.4,4.559649670686282
No,Yes,No,72,Yes,Fiber optic,Yes,Yes,Yes,Yes,Yes,Yes,Two year,Yes,Credit card (automatic),115.55,9.025623949779954
Yes,No,No,46,Yes,Fiber optic,No,Yes,Yes,No,Yes,Yes,Month-to-month,Yes,Electronic check,104.45,8.489791161667899
Yes,Yes,No,66,Yes,Fiber optic,No,No,No,Yes,Yes,Yes,Month-to-month,Yes,Credit card (automatic),100.05,8.835341421328575
No,No,No,62,Yes,Fiber optic,Yes,Yes,No,Yes,No,Yes,One year,No,Electronic check,102.0,8.784200506376834
No,Yes,No,72,Yes,DSL,Yes,Yes,Yes,Yes,Yes,Yes,Two year,Yes,Bank transfer (automatic),91.15,8.800701566096304
No,Yes,Yes,35,No,Fiber optic,No,Yes,No,Yes,Yes,No,One year,Yes,Electronic check,89.7,8.060413736067334
No,Yes,No,17,Yes,Fiber optic,Yes,Yes,Yes,No,No,No,Month-to-month,No,Credit card (automatic),90.2,7.282864267075403
No,Yes,No,72,Yes,DSL,Yes,Yes,Yes,Yes,Yes,Yes,Two year,Yes,Electronic check,92.4,8.822779030645604
No,Yes,Yes,28,No,No,No internet service,No internet service,No internet service,No internet service,No internet service,No internet service,One year,No,Mailed check,19.9,6.298949246855942
No,Yes,No,56,Yes,No,No internet service,No internet service,No internet service,No internet service,No internet service,No internet service,Two year,Yes,Credit card (automatic),25.15,7.191542275465033
No,No,No,31,Yes,Fiber optic,No,No,No,Yes,No,No,Month-to-month,Yes,Credit card (automatic),79.85,7.7853675506573
No,No,No,45,No,No,No internet service,No internet service,No internet service,No internet service,No internet service,No internet service,One year,No,Bank transfer (automatic),18.85,6.7665372770665995
No,No,No,1,Yes,No,No internet service,No internet service,No internet service,No internet service,No internet service,No internet service,Month-to-month,Yes,Mailed check,25.75,3.2865344733420154
No,No,No,2,No,DSL,No,Yes,No,No,No,No,Month-to-month,Yes,Mailed check,49.6,4.751000634199631
No,No,No,6,No,No,No internet service,No internet service,No internet service,No internet service,No internet service,No internet service,Month-to-month,Yes,Mailed check,20.95,4.705015520957808
No,Yes,No,48,No,Fiber optic,No,Yes,Yes,No,Yes,Yes,One year,Yes,Electronic check,97.05,8.454029724458199
No,Yes,Yes,25,Yes,No,No internet service,No internet service,No internet service,No internet service,No internet service,No internet service,Month-to-month,Yes,Bank transfer (automatic),25.4,6.306001526851403
No,Yes,Yes,64,No,No,No internet service,No internet service,No internet service,No internet service,No internet service,No internet service,Two year,Yes,Bank transfer (automatic),19.7,7.150740672509886
No,No,No,50,No phone service,DSL,Yes,Yes,No,No,No,No,Month-to-month,Yes,Mailed check,35.0,7.486276933700779
No,Yes,Yes,52,Yes,Fiber optic,No,No,Yes,No,Yes,Yes,One year,No,Bank transfer (automatic),101.25,8.575858247478351
Yes,Yes,No,4,No,Fiber optic,No,No,No,No,No,No,Month-to-month,Yes,Electronic check,70.2,5.639599445879288
Yes,No,No,32,No,Fiber optic,No,No,No,No,Yes,Yes,Month-to-month,No,Electronic check,90.95,7.972103881446254
No,Yes,Yes,45,Yes,DSL,Yes,Yes,No,Yes,Yes,No,Two year,No,Credit card (automatic),73.85,8.123261319121745
No,Yes,No,9,Yes,Fiber optic,Yes,No,No,No,No,Yes,Month-to-month,Yes,Electronic check,88.05,6.68748260275961
Yes,Yes,No,66,Yes,Fiber optic,No,No,Yes,Yes,Yes,Yes,One year,Yes,Credit card (automatic),105.95,8.850266802102643
No,No,Yes,3,Yes,Fiber optic,No,No,Yes,No,No,Yes,Month-to-month,No,Electronic check,91.85,5.553153364594737
No,No,No,54,No,No,No internet service,No internet service,No internet service,No internet service,No internet service,No internet service,Two year,No,Mailed check,20.1,6.985132900003482
No,Yes,Yes,1,No phone service,DSL,No,No,No,Yes,Yes,No,Month-to-month,No,Electronic check,40.1,3.716008121502189
No,Yes,Yes,64,Yes,Fiber optic,Yes,Yes,No,Yes,Yes,Yes,Two year,No,Bank transfer (automatic),110.3,8.853422541400022
Yes,No,No,31,Yes,Fiber optic,No,No,No,No,No,No,Month-to-month,Yes,Electronic check,73.9,7.704428794117748
No,No,No,14,No,Fiber optic,No,No,No,No,Yes,Yes,Month-to-month,Yes,Mailed check,89.8,7.030061403366105
No,No,No,12,No,Fiber optic,Yes,No,No,No,Yes,No,One year,Yes,Credit card (automatic),85.15,6.887603590771284
Yes,Yes,No,67,No,DSL,Yes,Yes,No,Yes,No,No,One year,Yes,Bank transfer (automatic),60.95,8.323705525009538
No,Yes,Yes,35,Yes,DSL,Yes,No,Yes,Yes,Yes,No,Month-to-month,No,Electronic check,72.25,7.851486065281684
No,No,No,45,Yes,DSL,Yes,No,No,Yes,No,Yes,Two year,No,Mailed check,73.55,8.116745475119856
No,No,No,10,No,DSL,No,No,No,No,No,No,Month-to-month,No,Mailed check,46.0,6.2007119932300805
Yes,No,No,29,Yes,DSL,Yes,Yes,No,No,No,No,Month-to-month,Yes,Bank transfer (automatic),58.55,7.450050499617523
No,No,No,24,Yes,No,No internet service,No internet service,No internet service,No internet service,No internet service,No internet service,One year,No,Bank transfer (automatic),24.6,6.407292442251693
No,Yes,Yes,66,No,No,No internet service,No internet service,No internet service,No internet service,No internet service,No internet service,Two year,Yes,Mailed check,19.75,7.204520970166961
No,No,No,51,No,Fiber optic,Yes,No,No,No,Yes,No,One year,No,Mailed check,86.35,8.358935757071167
No,Yes,No,45,Yes,No,No internet service,No internet service,No internet service,No internet service,No internet service,No internet service,Two year,No,Mailed check,25.5,7.022912648369585
No,Yes,No,49,No,No,No internet service,No internet service,No internet service,No internet service,No internet service,No internet service,One year,No,Credit card (automatic),19.0,6.824047529908652
No,Yes,No,29,No,No,No internet service,No internet service,No internet service,No internet service,No internet service,No internet service,Two year,Yes,Mailed check,19.55,6.259198981750067
No,Yes,Yes,40,Yes,Fiber optic,Yes,Yes,No,Yes,Yes,Yes,Month-to-month,Yes,Credit card (automatic),110.1,8.405166058722033
Yes,No,No,37,Yes,Fiber optic,No,No,No,No,Yes,Yes,Month-to-month,Yes,Electronic check,96.55,8.183481141971171
No,No,No,25,No,Fiber optic,No,No,No,No,No,No,Month-to-month,No,Electronic check,69.75,7.456078979168212
No,No,No,22,No phone service,DSL,No,No,Yes,No,Yes,Yes,Month-to-month,Yes,Electronic check,50.6,6.979424565672496
No,No,No,72,No phone service,DSL,Yes,Yes,Yes,Yes,Yes,Yes,Two year,Yes,Bank transfer (automatic),65.6,8.426721288252162
No,No,No,7,No phone service,DSL,No,Yes,No,No,No,Yes,Month-to-month,Yes,Credit card (automatic),40.1,5.684599655239428
No,Yes,Yes,33,No,DSL,No,Yes,Yes,Yes,Yes,Yes,Two year,No,Credit card (automatic),82.1,7.8648424050488615
No,No,No,23,No,Fiber optic,No,Yes,No,Yes,No,No,Month-to-month,Yes,Mailed check,79.1,7.48703362838257
Yes,No,No,24,Yes,Fiber optic,No,Yes,No,No,Yes,Yes,Month-to-month,Yes,Electronic check,101.25,7.80022451873029
No,No,No,1,No,Fiber optic,No,No,No,No,Yes,No,Month-to-month,No,Electronic check,79.55,4.388878109622984
No,No,No,69,Yes,DSL,Yes,Yes,Yes,Yes,Yes,Yes,Two year,No,Mailed check,90.65,8.751964873211111
No,No,Yes,3,No,No,No internet service,No internet service,No internet service,No internet service,No internet service,No internet service,One year,Yes,Credit card (automatic),20.55,4.067315889834181
No,No,No,56,No,DSL,No,Yes,No,Yes,Yes,Yes,One year,Yes,Bank transfer (automatic),75.75,8.363027511476478
No,No,No,65,Yes,Fiber optic,Yes,No,Yes,Yes,Yes,Yes,One year,Yes,Credit card (automatic),110.0,8.873419034524286
No,Yes,No,71,No,No,No internet service,No internet service,No internet service,No internet service,No internet service,No internet service,One year,No,Electronic check,20.85,7.340024589842352
Yes,No,No,14,Yes,Fiber optic,No,No,Yes,No,No,No,Month-to-month,Yes,Bank transfer (automatic),80.35,6.965174769849623
No,No,No,2,No,Fiber optic,No,No,No,No,No,No,Month-to-month,Yes,Electronic check,70.15,4.826712455935327
No,No,No,32,Yes,Fiber optic,No,No,No,No,Yes,No,One year,No,Electronic check,84.05,7.931230861402805
No,No,No,40,No,DSL,Yes,No,Yes,No,No,Yes,Month-to-month,No,Electronic check,67.45,7.912789220690681
No,No,No,1,No,No,No internet service,No internet service,No internet service,No internet service,No internet service,No internet service,Month-to-month,No,Credit card (automatic),20.75,3.079613757534693
No,No,No,1,No,Fiber optic,No,No,No,No,Yes,Yes,Month-to-month,Yes,Electronic check,89.1,4.500920164614292
No,No,No,7,No,Fiber optic,No,No,No,No,No,No,Month-to-month,Yes,Mailed check,69.9,6.211202305287359
No,Yes,No,15,Yes,DSL,No,No,No,No,No,No,Month-to-month,Yes,Electronic check,51.1,6.568288563380595
No,Yes,Yes,17,Yes,Fiber optic,Yes,No,Yes,No,Yes,No,Month-to-month,No,Electronic check,94.4,7.382870820114048
No,No,No,19,No,Fiber optic,No,Yes,Yes,No,No,No,Month-to-month,Yes,Electronic check,78.25,7.307839268137821
No,No,No,71,Yes,No,No internet service,No internet service,No internet service,No internet service,No internet service,No internet service,Two year,No,Bank transfer (automatic),25.55,7.549135368720199
No,Yes,Yes,54,Yes,DSL,Yes,No,No,Yes,No,No,Two year,No,Bank transfer (automatic),60.0,8.094057880777235
No,Yes,No,31,Yes,Fiber optic,Yes,Yes,No,Yes,No,No,Month-to-month,Yes,Credit card (automatic),90.55,7.9830136419519375
No,No,No,11,No,Fiber optic,Yes,No,No,No,No,No,Month-to-month,No,Electronic check,76.4,6.733044685189517
Yes,No,No,18,No,Fiber optic,No,No,Yes,No,No,Yes,Month-to-month,Yes,Electronic check,84.95,7.275622356674983
Yes,No,No,72,Yes,Fiber optic,Yes,Yes,No,Yes,Yes,Yes,Two year,Yes,Bank transfer (automatic),110.1,8.955151304107668
Yes,No,No,71,Yes,Fiber optic,No,Yes,No,No,Yes,Yes,Month-to-month,Yes,Credit card (automatic),99.65,8.846806243237198
Yes,No,No,5,No phone service,DSL,No,No,Yes,Yes,Yes,No,Month-to-month,No,Credit card (automatic),45.4,5.374120329963537
No,Yes,No,38,Yes,DSL,No,No,Yes,Yes,No,Yes,One year,No,Credit card (automatic),69.0,7.890002276518981
No,No,Yes,5,No,DSL,No,No,No,Yes,No,No,Month-to-month,Yes,Bank transfer (automatic),48.65,5.464678903763262
Yes,No,No,2,No,DSL,No,No,No,No,No,No,Month-to-month,Yes,Electronic check,44.15,4.539564428890097
Yes,No,No,52,Yes,DSL,Yes,No,Yes,No,No,No,Two year,No,Bank transfer (automatic),59.85,8.040527419296952
Yes,No,No,8,Yes,Fiber optic,No,No,No,No,No,No,Month-to-month,Yes,Electronic check,75.75,6.408940567882282
No,No,No,68,Yes,DSL,No,Yes,Yes,No,Yes,Yes,Two year,Yes,Electronic check,80.65,8.58133163253247
No,Yes,Yes,69,No,No,No internet service,No internet service,No internet service,No internet service,No internet service,No internet service,One year,Yes,Credit card (automatic),20.55,7.247151807120597
No,Yes,No,42,Yes,DSL,Yes,Yes,No,Yes,No,No,Month-to-month,Yes,Credit card (automatic),66.4,7.911617231104436
No,No,No,50,No,Fiber optic,No,Yes,No,Yes,Yes,Yes,Two year,Yes,Mailed check,100.2,8.525052228126505
No,No,No,1,No,No,No internet service,No internet service,No internet service,No internet service,No internet service,No internet service,Month-to-month,Yes,Mailed check,19.1,3.0007198150650303
Yes,Yes,No,1,Yes,Fiber optic,Yes,No,No,No,No,No,Month-to-month,Yes,Electronic check,80.3,4.398146016553765
No,Yes,No,33,No,DSL,No,No,No,No,No,No,Month-to-month,Yes,Credit card (automatic),44.55,7.288654433145052
No,No,No,7,No,No,No internet service,No internet service,No internet service,No internet service,No internet service,No internet service,Month-to-month,No,Mailed check,20.35,5.021245473208271
No,Yes,Yes,64,Yes,Fiber optic,Yes,Yes,Yes,No,No,No,Month-to-month,Yes,Electronic check,91.8,8.693077406246188
No,No,No,1,No,Fiber optic,No,No,Yes,No,No,No,Month-to-month,Yes,Electronic check,74.9,4.3294166844015844
No,No,No,59,No,No,No internet service,No internet service,No internet service,No internet service,No internet service,No internet service,Two year,Yes,Bank transfer (automatic),20.2,7.08447785737561
No,Yes,No,6,Yes,DSL,No,No,No,No,No,No,Month-to-month,No,Electronic check,50.35,5.754317148030249
No,No,No,3,No,No,No internet service,No internet service,No internet service,No internet service,No internet service,No internet service,Month-to-month,No,Mailed check,18.8,4.04305126783455
No,Yes,No,15,No,No,No internet service,No internet service,No internet service,No internet service,No internet service,No internet service,Month-to-month,No,Credit card (automatic),20.45,5.8045323777563445
No,Yes,Yes,13,No,DSL,No,No,No,No,Yes,Yes,One year,Yes,Electronic check,64.75,6.778045147459392
No,No,No,23,Yes,Fiber optic,No,Yes,No,No,Yes,Yes,Month-to-month,Yes,Credit card (automatic),98.7,7.718729938655285
Yes,Yes,No,31,Yes,Fiber optic,Yes,No,No,No,Yes,No,Month-to-month,No,Electronic check,89.45,7.940459219839479
No,No,No,29,No,DSL,Yes,Yes,No,Yes,No,No,One year,Yes,Electronic check,58.75,7.43673511332817
No,Yes,No,49,No,No,No internet service,No internet service,No internet service,No internet service,No internet service,No internet service,One year,No,Credit card (automatic),20.7,6.940270870658817
No,Yes,No,56,Yes,Fiber optic,No,No,No,No,Yes,No,Month-to-month,Yes,Bank transfer (automatic),85.6,8.49776569375014
No,No,No,63,Yes,DSL,Yes,Yes,Yes,Yes,No,Yes,Two year,Yes,Credit card (automatic),80.3,8.516462924836494
No,Yes,No,63,Yes,DSL,No,No,Yes,Yes,Yes,Yes,Two year,No,Credit card (automatic),79.8,8.524178735589949
Yes,Yes,Yes,24,Yes,Fiber optic,Yes,No,No,No,No,No,Month-to-month,Yes,Electronic check,79.85,7.527659497774365
Yes,Yes,No,36,No,DSL,No,No,Yes,Yes,No,No,One year,No,Credit card (automatic),54.1,7.5978227220151595
Yes,No,No,9,No,Fiber optic,No,No,No,No,Yes,No,Month-to-month,Yes,Electronic check,80.85,6.623600312306513
No,No,No,3,No phone service,DSL,No,No,No,No,No,No,Month-to-month,No,Electronic check,24.75,4.218772140597153
No,Yes,No,21,No,DSL,Yes,No,Yes,Yes,Yes,Yes,One year,No,Mailed check,80.9,7.447722142094264
No,Yes,Yes,13,Yes,No,No internet service,No internet service,No internet service,No internet service,No internet service,No internet service,One year,No,Bank transfer (automatic),24.5,5.842384324093829
No,Yes,Yes,1,No,No,No internet service,No internet service,No internet service,No internet service,No internet service,No internet service,Month-to-month,Yes,Bank transfer (automatic),20.15,3.0516399054922867
No,Yes,Yes,25,No,No,No internet service,No internet service,No internet service,No internet service,No internet service,No internet service,One year,No,Mailed check,20.05,6.255941961915169
No,Yes,Yes,71,No,No,No internet service,No internet service,No internet service,No internet service,No internet service,No internet service,Two year,Yes,Bank transfer (automatic),19.6,7.235943296015653
No,No,No,66,Yes,Fiber optic,Yes,Yes,Yes,Yes,Yes,Yes,One year,Yes,Bank transfer (automatic),114.3,8.907165571256124
No,No,No,45,No,Fiber optic,Yes,Yes,No,No,Yes,Yes,One year,Yes,Electronic check,100.3,8.408482626158737
No,Yes,No,22,No,Fiber optic,No,No,No,No,Yes,No,Month-to-month,Yes,Credit card (automatic),80.0,7.4427563084393356
No,Yes,No,67,No,No,No internet service,No internet service,No internet service,No internet service,No internet service,No internet service,One year,Yes,Bank transfer (automatic),20.85,7.191730489502592
No,Yes,No,68,Yes,Fiber optic,No,No,Yes,No,Yes,No,Two year,Yes,Bank transfer (automatic),89.95,8.695389584744293
Yes,No,No,49,Yes,Fiber optic,No,No,Yes,No,No,Yes,Month-to-month,Yes,Credit card (automatic),90.85,8.415570127221873
Yes,No,No,4,Yes,DSL,No,No,No,No,No,No,Month-to-month,No,Mailed check,48.75,5.197667958398107
No,Yes,No,63,Yes,DSL,Yes,Yes,Yes,Yes,No,Yes,One year,No,Credit card (automatic),80.0,8.525399427963336
No,Yes,No,2,No,Fiber optic,No,Yes,Yes,No,No,No,Month-to-month,No,Bank transfer (automatic),79.7,5.111987788356544
No,No,No,21,No,No,No internet service,No internet service,No internet service,No internet service,No internet service,No internet service,One year,Yes,Mailed check,20.35,6.049025657632513
No,Yes,Yes,55,No,DSL,Yes,Yes,No,Yes,No,No,Two year,No,Bank transfer (automatic),57.55,8.022044047035255
No,No,Yes,1,No,No,No internet service,No internet service,No internet service,No internet service,No internet service,No internet service,Month-to-month,Yes,Mailed check,20.25,3.056356895370426
No,No,No,17,No,No,No internet service,No internet service,No internet service,No internet service,No internet service,No internet service,Two year,No,Mailed check,19.4,5.883461654556327
No,No,No,30,Yes,Fiber optic,Yes,No,No,No,Yes,Yes,Month-to-month,Yes,Bank transfer (automatic),100.4,7.985229048447682
No,Yes,Yes,22,No,DSL,Yes,Yes,No,Yes,No,No,Month-to-month,Yes,Mailed check,57.95,7.148974477023577
No,No,No,9,No,DSL,No,No,No,Yes,Yes,No,Month-to-month,Yes,Bank transfer (automatic),59.5,6.274856178767549
No,Yes,Yes,1,No,No,No internet service,No internet service,No internet service,No internet service,No internet service,No internet service,Month-to-month,No,Mailed check,19.2,3.005682604407159
No,Yes,No,21,Yes,Fiber optic,No,No,No,No,No,Yes,Month-to-month,Yes,Electronic check,86.5,7.500916364666155
No,No,No,19,Yes,DSL,No,No,Yes,Yes,No,No,Month-to-month,No,Electronic check,59.55,7.043683796206381
No,Yes,Yes,69,Yes,Fiber optic,No,Yes,Yes,No,Yes,Yes,Month-to-month,Yes,Electronic check,103.95,8.915687392443568
Yes,No,No,1,No phone service,DSL,No,No,No,No,No,No,Month-to-month,Yes,Electronic check,25.1,3.261935314328648
No,Yes,No,72,Yes,Fiber optic,Yes,Yes,Yes,Yes,Yes,No,Two year,Yes,Bank transfer (automatic),103.95,8.930348652808409
No,Yes,Yes,70,Yes,DSL,Yes,No,Yes,No,Yes,No,Two year,No,Credit card (automatic),68.95,8.488731986594201
No,No,No,66,Yes,Fiber optic,Yes,Yes,Yes,Yes,No,Yes,Month-to-month,Yes,Bank transfer (automatic),103.1,8.794218683679489
No,Yes,Yes,7,No phone service,DSL,No,No,No,No,No,No,Month-to-month,Yes,Electronic check,24.7,5.010968571886377
Yes,Yes,Yes,46,Yes,Fiber optic,Yes,Yes,No,Yes,Yes,Yes,Month-to-month,Yes,Electronic check,110.2,8.51179866709893
No,No,No,39,No phone service,DSL,Yes,Yes,No,Yes,Yes,No,Month-to-month,Yes,Credit card (automatic),48.95,7.540010614524708
No,Yes,Yes,32,Yes,DSL,No,Yes,Yes,No,No,No,Month-to-month,No,Bank transfer (automatic),62.45,7.623910727591002
No,No,No,24,No,Fiber optic,No,Yes,Yes,No,No,Yes,Month-to-month,Yes,Electronic check,89.55,7.690811716950717
No,Yes,Yes,6,No,Fiber optic,No,Yes,No,No,No,Yes,Month-to-month,Yes,Credit card (automatic),83.55,6.1707606986419155
No,No,No,37,Yes,DSL,Yes,Yes,Yes,Yes,Yes,No,Month-to-month,Yes,Credit card (automatic),78.9,7.998990423311198
No,No,Yes,8,No,No,No internet service,No internet service,No internet service,No internet service,No internet service,No internet service,Month-to-month,No,Mailed check,20.35,5.191288793789513
No,Yes,Yes,72,Yes,DSL,Yes,No,Yes,No,Yes,No,Two year,Yes,Bank transfer (automatic),71.45,8.522548824377285
Yes,Yes,No,71,No phone service,DSL,Yes,Yes,Yes,Yes,No,No,Two year,No,Credit card (automatic),46.35,8.118028195856553
No,Yes,No,16,No,Fiber optic,No,Yes,No,No,Yes,Yes,Month-to-month,Yes,Bank transfer (automatic),94.65,7.287663234225994
No,Yes,No,57,No phone service,DSL,Yes,No,Yes,Yes,No,Yes,Month-to-month,Yes,Bank transfer (automatic),49.9,7.931428480985753
No,No,No,66,Yes,No,No internet service,No internet service,No internet service,No internet service,No internet service,No internet service,One year,No,Bank transfer (automatic),25.45,7.43847176144592
Yes,No,No,17,No,Fiber optic,No,Yes,Yes,No,Yes,No,Month-to-month,Yes,Electronic check,89.15,7.311819406174673
No,No,Yes,21,No,No,No internet service,No internet service,No internet service,No internet service,No internet service,No internet service,Month-to-month,No,Mailed check,20.75,6.116333529153851
No,Yes,No,66,Yes,DSL,Yes,Yes,Yes,No,No,No,Two year,Yes,Credit card (automatic),66.1,8.396030701832627
No,Yes,No,17,Yes,DSL,No,Yes,No,No,Yes,Yes,Month-to-month,Yes,Bank transfer (automatic),75.4,7.188072799570865
No,No,Yes,1,No,Fiber optic,No,No,No,No,No,No,Month-to-month,Yes,Mailed check,70.45,4.268997904375876
No,Yes,No,58,No,DSL,Yes,Yes,Yes,No,No,No,One year,No,Credit card (automatic),60.3,8.17886323029291
No,Yes,Yes,8,No,No,No internet service,No internet service,No internet service,No internet service,No internet service,No internet service,Month-to-month,No,Credit card (automatic),21.05,4.9469852670198
No,No,No,27,No,DSL,Yes,No,Yes,Yes,Yes,No,One year,No,Credit card (automatic),69.35,7.564394064725559
No,Yes,No,34,Yes,Fiber optic,No,Yes,No,No,No,Yes,Month-to-month,No,Mailed check,88.85,8.006784147535463
No,No,No,30,No,Fiber optic,No,Yes,No,No,Yes,Yes,One year,Yes,Bank transfer (automatic),97.0,8.01377340991084
No,No,No,33,No,DSL,No,Yes,Yes,No,Yes,No,Month-to-month,Yes,Credit card (automatic),66.4,7.717084213831492
No,No,Yes,1,No phone service,DSL,No,No,No,No,No,No,Month-to-month,No,Electronic check,24.75,3.248434627109745
No,Yes,Yes,14,Yes,DSL,Yes,Yes,No,No,No,Yes,Month-to-month,No,Mailed check,69.2,6.851872521734463
No,No,Yes,16,Yes,Fiber optic,No,No,No,Yes,No,No,One year,Yes,Credit card (automatic),79.5,7.142985491431494
No,No,No,49,No,Fiber optic,No,No,Yes,Yes,Yes,Yes,Two year,No,Credit card (automatic),100.65,8.500809712165713
No,Yes,Yes,19,Yes,Fiber optic,No,No,Yes,Yes,Yes,Yes,Month-to-month,No,Electronic check,103.3,7.60772910488436
No,Yes,Yes,70,Yes,DSL,Yes,Yes,Yes,Yes,Yes,No,Two year,No,Bank transfer (automatic),79.7,8.65596333777646
No,Yes,Yes,32,No,DSL,Yes,Yes,No,Yes,No,No,Month-to-month,No,Bank transfer (automatic),61.4,7.531364796826192
No,No,No,18,No,Fiber optic,No,No,No,No,No,No,Month-to-month,Yes,Electronic check,69.8,7.108775913208576
No,No,No,37,No phone service,DSL,Yes,Yes,No,Yes,No,No,Two year,Yes,Mailed check,40.55,7.238389076467298
No,No,No,4,Yes,Fiber optic,No,No,No,No,No,No,Month-to-month,Yes,Electronic check,75.65,5.714887254388307
No,Yes,No,16,Yes,Fiber optic,Yes,Yes,Yes,No,No,No,Month-to-month,No,Electronic check,90.7,7.226863341433771
No,Yes,No,17,Yes,Fiber optic,No,Yes,No,No,No,No,Month-to-month,Yes,Bank transfer (automatic),80.5,7.198856499479573
No,No,Yes,19,No,DSL,Yes,Yes,Yes,No,No,No,Month-to-month,Yes,Electronic check,60.6,7.169196040228691
No,Yes,No,60,Yes,Fiber optic,No,No,Yes,No,Yes,Yes,Two year,No,Credit card (automatic),101.15,8.710850257873938
No,Yes,Yes,51,Yes,No,No internet service,No internet service,No internet service,No internet service,No internet service,No internet service,Two year,Yes,Mailed check,24.95,7.109266530169233
No,Yes,Yes,28,No,No,No internet service,No internet service,No internet service,No internet service,No internet service,No internet service,Two year,Yes,Credit card (automatic),20.3,6.192260234758284
No,No,No,43,No,DSL,No,Yes,No,No,No,Yes,Two year,Yes,Electronic check,60.0,7.84367215199147
No,Yes,No,42,No,No,No internet service,No internet service,No internet service,No internet service,No internet service,No internet service,Two year,No,Electronic check,20.25,6.729226520426879
No,No,No,3,No,Fiber optic,No,No,No,No,Yes,No,Month-to-month,Yes,Electronic check,78.5,5.493267183491464
No,No,No,1,No,DSL,No,No,No,No,No,No,Month-to-month,No,Mailed check,44.75,3.82319179172153
No,No,No,3,No,No,No internet service,No internet service,No internet service,No internet service,No internet service,No internet service,Month-to-month,No,Mailed check,19.85,4.1705337005796475
No,No,No,63,Yes,Fiber optic,Yes,Yes,Yes,No,Yes,No,Two year,No,Credit card (automatic),98.0,8.735436757386255
Yes,No,No,3,No,Fiber optic,No,No,No,No,Yes,No,Month-to-month,Yes,Electronic check,79.9,5.567962751513666
No,Yes,No,68,Yes,Fiber optic,Yes,Yes,No,Yes,Yes,Yes,Month-to-month,Yes,Electronic check,107.7,8.898625136116282
Yes,No,No,30,Yes,Fiber optic,No,Yes,No,No,Yes,Yes,Month-to-month,Yes,Electronic check,99.7,7.995761521863022
No,No,No,60,Yes,Fiber optic,No,Yes,Yes,No,Yes,Yes,Two year,No,Electronic check,104.7,8.753813521617571
No,No,No,15,Yes,DSL,No,Yes,No,Yes,No,No,Month-to-month,Yes,Credit card (automatic),58.6,6.846624278977906
Yes,No,No,45,Yes,Fiber optic,No,No,No,No,Yes,Yes,Month-to-month,Yes,Bank transfer (automatic),93.9,8.343137379039316
No,Yes,No,70,No,DSL,Yes,Yes,Yes,Yes,Yes,Yes,Two year,No,Credit card (automatic),86.45,8.691348158877132
No,Yes,No,10,Yes,Fiber optic,No,No,Yes,No,Yes,Yes,Month-to-month,Yes,Electronic check,98.5,6.945773346169658
No,No,No,4,No,No,No internet service,No internet service,No internet service,No internet service,No internet service,No internet service,Month-to-month,No,Mailed check,19.4,4.547541073151455
No,No,No,1,No,DSL,No,No,Yes,No,No,No,Month-to-month,Yes,Mailed check,50.45,3.9406104622800586
No,Yes,No,68,Yes,No,No internet service,No internet service,No internet service,No internet service,No internet service,No internet service,Two year,Yes,Credit card (automatic),24.95,7.387647355978202
No,Yes,Yes,22,No,Fiber optic,Yes,No,No,No,No,No,Month-to-month,No,Bank transfer (automatic),75.0,7.361978804724071
No,Yes,Yes,38,Yes,Fiber optic,No,Yes,Yes,No,Yes,No,Month-to-month,Yes,Electronic check,94.65,8.19569232248516
No,No,No,1,Yes,Fiber optic,No,Yes,No,No,Yes,Yes,Month-to-month,Yes,Credit card (automatic),100.25,4.617592705986649
No,Yes,No,18,No,Fiber optic,No,No,Yes,Yes,No,No,Month-to-month,No,Electronic check,78.2,7.292847597282364
No,No,No,29,No,Fiber optic,No,No,No,Yes,Yes,Yes,Month-to-month,Yes,Electronic check,94.2,7.866568957936183
No,No,No,16,Yes,Fiber optic,No,No,Yes,No,No,Yes,Month-to-month,Yes,Electronic check,88.45,7.2605928696896145
No,No,No,1,No,Fiber optic,No,No,No,No,No,No,Month-to-month,Yes,Electronic check,69.85,4.260564966136689
No,No,No,12,No,Fiber optic,Yes,No,Yes,No,No,No,Month-to-month,No,Bank transfer (automatic),81.7,6.756467164768355
No,No,No,31,No phone service,DSL,No,No,Yes,No,Yes,Yes,One year,Yes,Electronic check,50.05,7.3293561689997055
No,No,No,4,No,Fiber optic,No,No,No,No,No,Yes,Month-to-month,Yes,Electronic check,79.9,5.784747833479305
No,Yes,No,48,Yes,DSL,No,No,Yes,Yes,No,Yes,One year,Yes,Mailed check,69.55,8.142237889512645
No,No,No,15,Yes,No,No internet service,No internet service,No internet service,No internet service,No internet service,No internet service,Month-to-month,Yes,Credit card (automatic),25.4,5.992963423231718
No,No,No,50,No,Fiber optic,Yes,Yes,Yes,Yes,No,No,One year,Yes,Credit card (automatic),90.1,8.422981408153506
No,No,No,7,No,DSL,No,No,No,No,No,No,Month-to-month,Yes,Bank transfer (automatic),44.65,5.7791991139409555
Yes,Yes,No,41,Yes,Fiber optic,Yes,No,Yes,No,No,No,Month-to-month,Yes,Bank transfer (automatic),83.75,8.093935734048326
No,Yes,Yes,68,No,Fiber optic,Yes,No,Yes,No,No,No,Two year,No,Credit card (automatic),80.35,8.589727783599452
Yes,Yes,No,26,Yes,Fiber optic,No,No,Yes,No,Yes,Yes,Month-to-month,Yes,Bank transfer (automatic),98.1,7.828715093704554
No,No,No,57,No phone service,DSL,No,No,Yes,Yes,Yes,Yes,Two year,No,Credit card (automatic),53.35,8.03626611799611
No,No,No,3,No,No,No internet service,No internet service,No internet service,No internet service,No internet service,No internet service,Month-to-month,No,Electronic check,19.55,4.127940511650616
No,Yes,Yes,19,No,DSL,Yes,No,No,No,No,No,One year,Yes,Bank transfer (automatic),48.95,6.863385331246197
No,No,No,3,No,DSL,No,No,No,No,Yes,No,Month-to-month,Yes,Electronic check,54.2,4.951592753462473
No,No,No,59,Yes,No,No internet service,No internet service,No internet service,No internet service,No internet service,No internet service,Two year,No,Electronic check,24.45,7.309279297857039
No,Yes,No,1,No,Fiber optic,No,No,No,No,No,No,Month-to-month,Yes,Mailed check,69.4,4.254193263163997
No,Yes,No,42,No phone service,DSL,Yes,No,No,No,Yes,No,Month-to-month,Yes,Bank transfer (automatic),40.15,7.394523838154337
No,No,No,7,Yes,Fiber optic,No,No,No,No,No,No,Month-to-month,Yes,Electronic check,74.9,6.295542715918191
No,Yes,No,67,Yes,No,No internet service,No internet service,No internet service,No internet service,No internet service,No internet service,Two year,No,Credit card (automatic),25.6,7.487677768827454
No,No,No,1,No,Fiber optic,No,No,No,No,No,No,Month-to-month,Yes,Electronic check,70.35,4.267597343922845
No,Yes,No,66,Yes,DSL,Yes,Yes,Yes,Yes,Yes,Yes,Two year,No,Bank transfer (automatic),91.7,8.712249976512057
No,No,No,61,Yes,Fiber optic,No,No,Yes,No,No,Yes,Month-to-month,No,Mailed check,89.2,8.612794238005627
No,Yes,Yes,4,Yes,No,No internet service,No internet service,No internet service,No internet service,No internet service,No internet service,One year,No,Credit card (automatic),24.1,4.3054155323020415
Yes,Yes,No,42,No,Fiber optic,Yes,No,No,No,No,No,Month-to-month,Yes,Credit card (automatic),74.15,8.080361247558573
No,Yes,Yes,64,Yes,DSL,No,Yes,No,No,No,No,One year,Yes,Bank transfer (automatic),53.85,8.13178067935946
Yes,Yes,No,54,Yes,Fiber optic,Yes,Yes,Yes,Yes,Yes,Yes,One year,Yes,Bank transfer (automatic),115.6,8.769048584460428
No,No,No,1,No,No,No internet service,No internet service,No internet service,No internet service,No internet service,No internet service,Month-to-month,Yes,Credit card (automatic),19.75,3.0325462466767075
No,Yes,Yes,54,Yes,No,No internet service,No internet service,No internet service,No internet service,No internet service,No internet service,Two year,Yes,Bank transfer (automatic),24.05,7.116312971967928
No,No,Yes,18,Yes,No,No internet service,No internet service,No internet service,No internet service,No internet service,No internet service,Two year,No,Credit card (automatic),25.3,6.121724970942136
No,No,No,3,No,Fiber optic,No,Yes,No,No,No,Yes,Month-to-month,No,Electronic check,84.3,5.4640436469922955
No,No,No,1,No,Fiber optic,No,No,No,No,No,No,Month-to-month,Yes,Electronic check,70.1,4.264087336809195
No,Yes,Yes,72,Yes,DSL,Yes,Yes,Yes,Yes,Yes,Yes,Two year,No,Credit card (automatic),89.75,8.794355120702646
Yes,Yes,No,60,No,Fiber optic,No,Yes,Yes,No,Yes,Yes,One year,Yes,Electronic check,97.95,8.677269139262872
No,Yes,Yes,11,No,No,No internet service,No internet service,No internet service,No internet service,No internet service,No internet service,One year,Yes,Mailed check,20.0,5.284978802108856
No,No,Yes,12,Yes,Fiber optic,Yes,No,No,No,No,No,Month-to-month,Yes,Electronic check,78.3,6.813719287055543
No,Yes,Yes,61,No,Fiber optic,No,Yes,Yes,Yes,Yes,Yes,One year,No,Credit card (automatic),103.9,8.77185866533336
No,No,No,39,No,No,No internet service,No internet service,No internet service,No internet service,No internet service,No internet service,Two year,No,Credit card (automatic),20.7,6.63784763462952
No,No,No,55,Yes,Fiber optic,No,No,No,No,Yes,Yes,Month-to-month,Yes,Electronic check,96.8,8.572618437521648
No,No,No,17,Yes,Fiber optic,Yes,Yes,No,No,Yes,No,Month-to-month,Yes,Electronic check,94.4,7.389255073366299
No,No,No,37,No,No,No internet service,No internet service,No internet service,No internet service,No internet service,No internet service,One year,No,Credit card (automatic),20.15,6.667910535944516
No,Yes,No,72,Yes,No,No internet service,No internet service,No internet service,No internet service,No internet service,No internet service,Two year,Yes,Mailed check,26.0,7.482681828154651
Yes,Yes,No,72,Yes,DSL,No,Yes,Yes,Yes,Yes,No,Two year,No,Credit card (automatic),77.35,8.593644843576568
No,No,No,8,No,DSL,Yes,No,No,Yes,No,Yes,Month-to-month,No,Bank transfer (automatic),66.05,6.355239228161937
No,Yes,Yes,22,No,No,No internet service,No internet service,No internet service,No internet service,No internet service,No internet service,Month-to-month,No,Mailed check,19.9,5.994709277272871
No,No,No,1,No,Fiber optic,No,Yes,No,No,Yes,No,Month-to-month,No,Electronic check,84.3,4.446174454497633
No,No,No,38,Yes,DSL,No,Yes,No,Yes,No,Yes,Month-to-month,No,Credit card (automatic),68.15,7.885065848682237
No,No,Yes,17,No,DSL,No,Yes,Yes,Yes,Yes,Yes,One year,No,Electronic check,80.85,7.277213171784299
Yes,No,No,70,Yes,DSL,No,Yes,Yes,Yes,Yes,No,Two year,Yes,Bank transfer (automatic),75.5,8.55903546527447
Yes,Yes,Yes,72,Yes,DSL,Yes,Yes,Yes,Yes,Yes,Yes,Two year,No,Credit card (automatic),92.45,8.770477899642435
No,No,No,28,No,Fiber optic,No,No,No,No,No,Yes,Month-to-month,Yes,Electronic check,80.6,7.716883873251837
No,No,No,15,No,Fiber optic,No,Yes,No,No,Yes,No,Month-to-month,Yes,Bank transfer (automatic),83.2,7.030857476116121
No,Yes,Yes,72,Yes,DSL,Yes,Yes,Yes,Yes,Yes,Yes,Two year,Yes,Bank transfer (automatic),87.55,8.774026805377234
Yes,Yes,No,11,Yes,Fiber optic,No,No,Yes,No,Yes,Yes,Month-to-month,Yes,Electronic check,99.55,7.03191792160256
Yes,No,No,8,Yes,Fiber optic,No,No,Yes,No,No,No,Month-to-month,Yes,Electronic check,81.25,6.374939637324531
No,Yes,No,57,Yes,Fiber optic,No,Yes,Yes,Yes,Yes,Yes,One year,Yes,Bank transfer (automatic),109.4,8.740928567567575
No,Yes,Yes,1,No,No,No internet service,No internet service,No internet service,No internet service,No internet service,No internet service,Month-to-month,No,Bank transfer (automatic),19.95,3.0421386463681466
No,Yes,No,46,No phone service,DSL,Yes,Yes,No,No,Yes,No,Month-to-month,No,Electronic check,45.55,7.63198922007418
No,Yes,No,30,No,No,No internet service,No internet service,No internet service,No internet service,No internet service,No internet service,One year,No,Credit card (automatic),20.7,6.3768970014659105
Yes,Yes,No,10,No,Fiber optic,Yes,No,No,No,No,No,Month-to-month,No,Electronic check,75.3,6.581263075743265
No,Yes,No,23,Yes,Fiber optic,Yes,Yes,Yes,No,Yes,No,Month-to-month,Yes,Electronic check,99.25,7.6904689029011255
No,No,No,32,No,Fiber optic,Yes,Yes,Yes,No,No,Yes,Month-to-month,Yes,Credit card (automatic),93.4,7.99977924557339
No,No,No,13,No,Fiber optic,Yes,No,No,No,No,No,Month-to-month,Yes,Credit card (automatic),73.75,6.86448236674867
No,No,No,39,No,Fiber optic,No,No,Yes,Yes,No,No,Two year,Yes,Electronic check,80.45,8.07170264645151
No,No,No,44,No,Fiber optic,No,Yes,Yes,No,Yes,No,Month-to-month,Yes,Credit card (automatic),88.15,8.287578748971717
Yes,No,No,9,No,DSL,No,No,No,Yes,No,No,Month-to-month,No,Mailed check,49.2,6.106800145787886
No,Yes,No,67,No,No,No internet service,No internet service,No internet service,No internet service,No internet service,No internet service,Two year,No,Mailed check,19.65,7.197585043491377
No,Yes,Yes,9,Yes,Fiber optic,No,No,Yes,No,No,No,Month-to-month,Yes,Bank transfer (automatic),79.35,6.495643128152179
No,No,No,15,Yes,Fiber optic,No,Yes,No,No,No,No,Month-to-month,Yes,Electronic check,79.75,7.0146795713036445
No,Yes,No,71,Yes,Fiber optic,No,Yes,Yes,No,Yes,Yes,Two year,Yes,Bank transfer (automatic),105.15,8.9300972286214
No,No,No,1,No,DSL,No,No,No,Yes,No,No,Month-to-month,No,Credit card (automatic),49.0,3.912023005428146
No,Yes,Yes,30,Yes,Fiber optic,No,No,Yes,No,Yes,Yes,Month-to-month,Yes,Electronic check,100.05,8.021962006523603
No,No,No,1,No,Fiber optic,No,No,No,No,No,No,Month-to-month,Yes,Electronic check,69.35,4.253482783560398
No,Yes,No,17,No phone service,DSL,No,Yes,No,No,Yes,Yes,Month-to-month,Yes,Mailed check,49.8,6.7302421431804875
No,No,No,3,No,Fiber optic,No,No,No,Yes,No,Yes,Month-to-month,No,Electronic check,85.8,5.610204127696635
No,Yes,Yes,67,Yes,DSL,Yes,No,Yes,No,Yes,Yes,Two year,Yes,Electronic check,79.7,8.574404937167348
No,No,No,1,No,No,No internet service,No internet service,No internet service,No internet service,No internet service,No internet service,Month-to-month,No,Bank transfer (automatic),20.95,3.08876713952118
Yes,No,No,1,Yes,DSL,No,No,No,No,No,No,Month-to-month,No,Mailed check,50.55,3.942552210462969
Yes,Yes,No,32,Yes,Fiber optic,No,No,Yes,No,No,No,Month-to-month,No,Mailed check,79.3,7.852050207265889
No,Yes,Yes,41,No,No,No internet service,No internet service,No internet service,No internet service,No internet service,No internet service,One year,No,Bank transfer (automatic),19.5,6.683611227334344
No,Yes,No,1,No,Fiber optic,No,No,No,No,Yes,No,Month-to-month,Yes,Electronic check,80.55,4.401216329067023
No,No,No,1,No,DSL,No,No,No,No,No,No,Month-to-month,No,Bank transfer (automatic),44.15,3.8099902798629945
No,Yes,Yes,12,Yes,Fiber optic,No,Yes,Yes,No,No,No,Month-to-month,Yes,Electronic check,84.5,6.822088452225045
No,Yes,Yes,62,Yes,Fiber optic,Yes,Yes,No,No,Yes,Yes,Month-to-month,Yes,Electronic check,105.5,8.7777404214607
No,No,No,22,No,Fiber optic,No,Yes,No,No,No,Yes,Month-to-month,Yes,Mailed check,84.3,7.526529067552247
No,No,Yes,17,Yes,Fiber optic,No,Yes,Yes,Yes,No,No,Month-to-month,Yes,Credit card (automatic),92.7,7.351061944517177
No,Yes,Yes,72,Yes,No,No internet service,No internet service,No internet service,No internet service,No internet service,No internet service,Two year,Yes,Bank transfer (automatic),26.25,7.595412416798443
No,Yes,Yes,56,Yes,Fiber optic,No,Yes,No,Yes,Yes,No,Month-to-month,Yes,Credit card (automatic),96.95,8.600283557948336
No,No,No,9,No,No,No internet service,No internet service,No internet service,No internet service,No internet service,No internet service,Month-to-month,Yes,Credit card (automatic),20.45,5.000921601908617
No,Yes,No,72,Yes,Fiber optic,Yes,Yes,Yes,Yes,Yes,Yes,Two year,Yes,Bank transfer (automatic),115.8,9.039065574441002
No,No,No,20,No,Fiber optic,Yes,Yes,Yes,Yes,Yes,Yes,Month-to-month,Yes,Bank transfer (automatic),108.2,7.698346724202935
No,Yes,Yes,19,No,No,No internet service,No internet service,No internet service,No internet service,No internet service,No internet service,Two year,No,Mailed check,20.2,5.96203573641717
No,No,No,2,No,Fiber optic,No,No,No,No,No,No,Month-to-month,Yes,Electronic check,67.75,4.767714115173372
No,No,No,53,No phone service,DSL,No,No,Yes,Yes,Yes,Yes,One year,No,Credit card (automatic),54.9,8.021830727703612
Yes,No,No,27,Yes,Fiber optic,No,No,No,No,No,Yes,Month-to-month,Yes,Electronic check,85.25,7.735542612264889
No,No,No,6,No,No,No internet service,No internet service,No internet service,No internet service,No internet service,No internet service,Month-to-month,No,Bank transfer (automatic),20.15,4.879006851617819
No,Yes,Yes,9,Yes,Fiber optic,No,No,Yes,No,Yes,No,One year,Yes,Electronic check,90.35,6.644960922038135
No,Yes,Yes,8,Yes,DSL,No,Yes,No,No,No,No,Month-to-month,No,Electronic check,55.75,6.104346704164654
No,Yes,Yes,71,Yes,Fiber optic,Yes,Yes,Yes,Yes,Yes,Yes,Two year,No,Bank transfer (automatic),114.6,8.999773649741925
No,No,No,10,Yes,Fiber optic,No,Yes,No,No,No,No,Month-to-month,Yes,Bank transfer (automatic),80.05,6.723471798874642
No,No,No,1,No,No,No internet service,No internet service,No internet service,No internet service,No internet service,No internet service,Month-to-month,No,Mailed check,20.0,3.044522437723423
No,Yes,No,71,No phone service,DSL,Yes,Yes,Yes,Yes,Yes,Yes,One year,No,Bank transfer (automatic),66.8,8.453219843871313
No,Yes,No,68,No,Fiber optic,No,Yes,No,Yes,Yes,Yes,One year,Yes,Electronic check,100.3,8.818090062523531
No,No,No,34,Yes,Fiber optic,No,Yes,No,Yes,Yes,Yes,Month-to-month,Yes,Electronic check,105.35,8.172347999231082
No,No,No,26,No,Fiber optic,No,Yes,Yes,Yes,No,No,One year,Yes,Electronic check,85.2,7.689645669376471
No,No,No,22,No,DSL,Yes,No,No,No,No,No,Month-to-month,Yes,Credit card (automatic),48.8,6.961864604629169
No,No,No,7,No,No,No internet service,No internet service,No internet service,No internet service,No internet service,No internet service,Month-to-month,Yes,Mailed check,18.95,4.879387007486302
No,Yes,No,20,No,Fiber optic,No,No,No,No,No,No,Month-to-month,Yes,Bank transfer (automatic),69.8,7.340413934774431
No,Yes,No,60,Yes,Fiber optic,No,Yes,Yes,No,Yes,Yes,Month-to-month,Yes,Electronic check,106.15,8.765965502364262
No,Yes,Yes,72,No,No,No internet service,No internet service,No internet service,No internet service,No internet service,No internet service,Two year,No,Electronic check,20.55,7.267909164380298
Yes,Yes,No,72,Yes,Fiber optic,No,Yes,Yes,No,Yes,Yes,One year,Yes,Credit card (automatic),105.75,8.93995452043283
No,No,No,4,Yes,No,No internet service,No internet service,No internet service,No internet service,No internet service,No internet service,Month-to-month,No,Mailed check,25.25,4.633757642840004
No,Yes,Yes,16,No,No,No internet service,No internet service,No internet service,No internet service,No internet service,No internet service,Month-to-month,No,Electronic check,19.75,5.7506660605550515
Yes,Yes,No,62,Yes,Fiber optic,Yes,No,Yes,No,Yes,Yes,One year,Yes,Electronic check,104.85,8.750508831171802
No,No,No,10,No,DSL,No,No,No,Yes,No,Yes,Month-to-month,Yes,Mailed check,60.95,6.446592454401883
No,No,No,31,Yes,Fiber optic,No,Yes,No,No,No,No,Month-to-month,Yes,Electronic check,81.15,7.879121145064257
No,Yes,No,71,No,No,No internet service,No internet service,No internet service,No internet service,No internet service,No internet service,Two year,No,Credit card (automatic),19.1,7.225081101523602
No,No,No,58,No,No,No internet service,No internet service,No internet service,No internet service,No internet service,No internet service,Two year,No,Mailed check,20.8,7.1010579882853255
No,Yes,Yes,70,Yes,DSL,Yes,Yes,Yes,Yes,Yes,Yes,Two year,Yes,Credit card (automatic),90.15,8.738422912525174
No,Yes,No,71,Yes,DSL,Yes,Yes,Yes,Yes,Yes,Yes,Two year,No,Electronic check,90.1,8.750192019561174
Yes,No,No,69,Yes,DSL,Yes,No,Yes,Yes,No,Yes,Two year,No,Credit card (automatic),74.1,8.523572798380277
Yes,No,No,1,Yes,Fiber optic,No,No,No,No,No,Yes,Month-to-month,Yes,Electronic check,85.05,4.454928522657548
No,Yes,Yes,72,Yes,Fiber optic,Yes,Yes,Yes,Yes,Yes,Yes,Two year,Yes,Bank transfer (automatic),118.75,9.068021914499312
No,Yes,No,26,No,Fiber optic,No,No,No,Yes,No,Yes,Month-to-month,No,Credit card (automatic),85.9,7.69505287617192
No,Yes,No,33,Yes,Fiber optic,No,No,Yes,Yes,No,Yes,Month-to-month,Yes,Credit card (automatic),95.0,8.009412925836207
No,Yes,Yes,10,No,No,No internet service,No internet service,No internet service,No internet service,No internet service,No internet service,Two year,No,Mailed check,20.15,5.401776074916267
Yes,No,No,57,Yes,Fiber optic,Yes,No,Yes,Yes,No,Yes,Two year,No,Credit card (automatic),101.3,8.662262762507304
No,No,No,10,No,No,No internet service,No internet service,No internet service,No internet service,No internet service,No internet service,Month-to-month,Yes,Electronic check,21.2,5.410082329878857
No,Yes,Yes,39,Yes,No,No internet service,No internet service,No internet service,No internet service,No internet service,No internet service,One year,Yes,Mailed check,24.2,6.819579588078412
No,No,No,11,No,No,No internet service,No internet service,No internet service,No internet service,No internet service,No internet service,Month-to-month,No,Bank transfer (automatic),20.3,5.510602174527371
No,Yes,Yes,21,No,Fiber optic,No,Yes,Yes,Yes,Yes,Yes,Month-to-month,Yes,Electronic check,102.8,7.6549881016953245
No,Yes,Yes,68,Yes,DSL,No,Yes,Yes,Yes,Yes,Yes,Two year,No,Bank transfer (automatic),85.3,8.623533227187563
No,No,No,18,Yes,Fiber optic,No,No,Yes,No,Yes,No,One year,Yes,Credit card (automatic),89.6,7.3987862754199485
No,No,No,6,No,Fiber optic,No,No,Yes,Yes,Yes,Yes,Month-to-month,Yes,Mailed check,99.95,6.307460715436808
No,No,No,18,Yes,DSL,Yes,No,No,No,No,No,Month-to-month,No,Mailed check,56.25,6.878171976440463
No,Yes,Yes,52,No,DSL,No,No,Yes,No,No,No,One year,Yes,Bank transfer (automatic),50.95,7.867737484480717
No,Yes,Yes,56,Yes,Fiber optic,Yes,Yes,Yes,Yes,Yes,Yes,Two year,No,Mailed check,115.85,8.7901016697594
No,No,No,45,Yes,Fiber optic,No,No,Yes,Yes,Yes,Yes,Month-to-month,Yes,Bank transfer (automatic),103.65,8.465657762453318
No,No,No,67,Yes,No,No internet service,No internet service,No internet service,No internet service,No internet service,No internet service,Two year,Yes,Mailed check,26.1,7.473381539214243
No,Yes,No,3,No phone service,DSL,Yes,No,No,Yes,No,No,Month-to-month,No,Mailed check,35.1,4.625952725170619
Yes,No,No,65,No,Fiber optic,No,Yes,Yes,No,Yes,Yes,Month-to-month,Yes,Bank transfer (automatic),99.1,8.7791188981929
No,Yes,No,63,Yes,DSL,No,Yes,No,Yes,No,Yes,Two year,No,Mailed check,67.25,8.351174025585241
No,Yes,Yes,11,Yes,No,No internet service,No internet service,No internet service,No internet service,No internet service,No internet service,Two year,No,Mailed check,25.0,5.709433146165015
No,No,Yes,1,No,DSL,No,No,No,Yes,No,Yes,Month-to-month,Yes,Mailed check,59.55,4.1034694699991014
No,No,No,55,Yes,DSL,No,No,Yes,No,Yes,Yes,Two year,Yes,Bank transfer (automatic),77.8,8.372017119054112
No,Yes,Yes,25,Yes,DSL,No,No,No,Yes,No,No,One year,Yes,Mailed check,55.1,7.291042942145598
No,Yes,No,72,Yes,Fiber optic,Yes,Yes,Yes,Yes,Yes,Yes,One year,Yes,Bank transfer (automatic),117.8,9.069444787271305
No,Yes,No,72,Yes,No,No internet service,No internet service,No internet service,No internet service,No internet service,No internet service,Two year,Yes,Credit card (automatic),24.15,7.482935031886539
No,No,Yes,65,No phone service,DSL,No,Yes,No,Yes,Yes,No,Two year,No,Mailed check,45.25,7.984445696341958
Yes,No,No,54,Yes,Fiber optic,No,Yes,No,No,No,No,Month-to-month,Yes,Electronic check,79.5,8.382804288377585
No,Yes,Yes,7,No,No,No internet service,No internet service,No internet service,No internet service,No internet service,No internet service,Month-to-month,No,Mailed check,20.25,4.979144627004885
No,Yes,No,72,Yes,DSL,Yes,Yes,No,Yes,No,No,Two year,No,Bank transfer (automatic),64.75,8.47756839663297
No,Yes,No,21,No,DSL,No,No,No,No,Yes,No,Month-to-month,No,Bank transfer (automatic),54.6,7.026604412820518
No,No,No,2,No,No,No internet service,No internet service,No internet service,No internet service,No internet service,No internet service,Month-to-month,Yes,Bank transfer (automatic),20.7,3.709906821306012
Yes,No,No,4,No,Fiber optic,No,No,Yes,No,Yes,Yes,Month-to-month,Yes,Electronic check,94.75,6.048317358700765
No,Yes,No,3,Yes,Fiber optic,No,No,No,Yes,No,No,Month-to-month,Yes,Bank transfer (automatic),79.65,5.532400857900581
No,Yes,No,72,Yes,Fiber optic,Yes,Yes,Yes,Yes,Yes,Yes,Two year,No,Credit card (automatic),115.8,9.027996814940224
No,No,No,6,No,DSL,Yes,No,No,No,No,No,Month-to-month,Yes,Electronic check,49.45,5.75447558897172
No,No,No,52,No,Fiber optic,No,No,Yes,No,No,Yes,Month-to-month,Yes,Credit card (automatic),83.8,8.373876939961582
Yes,Yes,No,69,Yes,Fiber optic,No,Yes,Yes,No,No,Yes,Month-to-month,Yes,Bank transfer (automatic),95.35,8.761393485256058
No,No,No,8,No,Fiber optic,No,No,Yes,No,Yes,Yes,Month-to-month,Yes,Electronic check,94.7,6.608405401662674
Yes,No,No,8,No,Fiber optic,No,No,Yes,No,No,No,Month-to-month,Yes,Bank transfer (automatic),74.05,6.398844487420918
Yes,No,No,63,Yes,Fiber optic,No,No,Yes,No,No,Yes,Month-to-month,Yes,Bank transfer (automatic),89.6,8.619713678006637
No,No,No,60,Yes,Fiber optic,Yes,Yes,Yes,Yes,Yes,Yes,One year,Yes,Credit card (automatic),116.6,8.860853815277284
No,Yes,No,12,No,DSL,Yes,No,No,Yes,No,No,Month-to-month,No,Bank transfer (automatic),54.2,6.538863151104813
No,No,No,13,No,No,No internet service,No internet service,No internet service,No internet service,No internet service,No internet service,Month-to-month,Yes,Mailed check,19.3,5.635860458170742
No,No,No,22,Yes,DSL,Yes,Yes,Yes,No,No,No,Month-to-month,No,Mailed check,65.05,7.264415222808369
No,No,No,5,Yes,Fiber optic,No,No,Yes,No,Yes,No,Month-to-month,Yes,Electronic check,92.5,6.117436186669918
No,Yes,Yes,1,No,No,No internet service,No internet service,No internet service,No internet service,No internet service,No internet service,Month-to-month,No,Mailed check,19.45,3.017982882488811
No,Yes,Yes,72,Yes,No,No internet service,No internet service,No internet service,No internet service,No internet service,No internet service,Two year,Yes,Bank transfer (automatic),24.05,7.444336364947839
No,No,No,2,No,No,No internet service,No internet service,No internet service,No internet service,No internet service,No internet service,Month-to-month,No,Bank transfer (automatic),18.75,3.9917579734469997
No,Yes,Yes,40,No,No,No internet service,No internet service,No internet service,No internet service,No internet service,No internet service,Two year,No,Bank transfer (automatic),20.15,6.657176294481858
No,Yes,Yes,44,No,No,No internet service,No internet service,No internet service,No internet service,No internet service,No internet service,One year,No,Bank transfer (automatic),20.0,6.7590812416004
Yes,Yes,No,71,No,DSL,Yes,Yes,No,Yes,Yes,No,One year,Yes,Bank transfer (automatic),71.0,8.519809765199392
No,No,No,2,Yes,Fiber optic,No,No,No,No,No,No,Month-to-month,Yes,Electronic check,75.55,5.119788607992779
Yes,No,No,26,Yes,Fiber optic,No,No,No,No,Yes,Yes,Month-to-month,Yes,Electronic check,93.6,7.785346761717015
No,Yes,Yes,1,No,Fiber optic,No,No,No,No,No,No,Month-to-month,Yes,Electronic check,70.0,4.2626798770413155
No,No,No,1,No phone service,DSL,No,No,No,No,No,No,Month-to-month,No,Mailed check,24.4,3.2347491740244907
No,Yes,Yes,65,No,DSL,Yes,No,No,Yes,Yes,Yes,Two year,Yes,Bank transfer (automatic),74.8,8.480767767798385
No,No,No,3,Yes,DSL,No,No,No,Yes,Yes,No,Month-to-month,Yes,Mailed check,65.25,5.351384087484729
No,No,No,13,No,DSL,No,No,No,Yes,No,No,Month-to-month,Yes,Mailed check,50.55,6.4163237023227815
No,Yes,No,33,Yes,Fiber optic,No,Yes,Yes,No,Yes,Yes,Month-to-month,Yes,Electronic check,104.4,8.134643507878813
No,No,No,1,No,Fiber optic,No,No,No,No,No,No,Month-to-month,Yes,Mailed check,70.7,4.272490747605575
No,Yes,Yes,4,No,DSL,No,No,No,No,No,No,Month-to-month,No,Mailed check,45.25,5.05209708390385
No,No,No,2,No,Fiber optic,No,No,No,No,No,No,Month-to-month,Yes,Electronic check,70.3,4.976733742420574
No,Yes,No,72,Yes,Fiber optic,Yes,Yes,No,Yes,Yes,Yes,Two year,Yes,Credit card (automatic),108.95,8.971575439759016
No,Yes,Yes,37,Yes,No,No internet service,No internet service,No internet service,No internet service,No internet service,No internet service,Month-to-month,No,Mailed check,26.45,6.816297668493302
No,No,No,15,No,Fiber optic,Yes,No,No,No,Yes,No,Month-to-month,No,Electronic check,86.2,7.147716615222507
No,No,No,23,No,No,No internet service,No internet service,No internet service,No internet service,No internet service,No internet service,One year,Yes,Credit card (automatic),19.65,6.171909343889077
No,Yes,Yes,30,No phone service,DSL,No,No,No,Yes,Yes,Yes,Month-to-month,No,Credit card (automatic),51.2,7.354042381610556
No,Yes,Yes,42,No,No,No internet service,No internet service,No internet service,No internet service,No internet service,No internet service,One year,Yes,Electronic check,19.05,6.6370614195592115
No,No,No,32,Yes,DSL,Yes,No,No,No,Yes,Yes,One year,No,Mailed check,74.75,7.733661679117716
No,Yes,Yes,22,Yes,Fiber optic,No,No,No,No,No,No,Month-to-month,Yes,Bank transfer (automatic),75.8,7.387771118354598
No,Yes,No,42,No phone service,DSL,No,No,No,No,No,No,Month-to-month,Yes,Credit card (automatic),25.1,7.0013822247607616
No,No,No,8,No,DSL,No,No,No,No,No,No,Month-to-month,No,Mailed check,44.45,5.914313487919567
No,Yes,Yes,65,Yes,Fiber optic,Yes,No,Yes,No,Yes,Yes,Two year,Yes,Credit card (automatic),104.3,8.813780494338536
No,No,No,2,No,No,No internet service,No internet service,No internet service,No internet service,No internet service,No internet service,Month-to-month,No,Mailed check,19.5,3.482777368654578
No,Yes,Yes,70,Yes,DSL,Yes,Yes,Yes,Yes,Yes,Yes,Two year,Yes,Bank transfer (automatic),89.0,8.74738385341438
No,No,Yes,22,No,No,No internet service,No internet service,No internet service,No internet service,No internet service,No internet service,Month-to-month,No,Credit card (automatic),20.15,6.071891796220597
Yes,No,No,4,Yes,Fiber optic,No,No,No,No,No,No,Month-to-month,Yes,Electronic check,74.9,5.776878029726752
No,No,No,2,Yes,Fiber optic,No,No,No,No,No,No,Month-to-month,No,Credit card (automatic),74.9,4.998225274019575
No,Yes,Yes,67,No phone service,DSL,Yes,Yes,No,No,No,No,Two year,No,Bank transfer (automatic),36.15,7.7978868233704945
No,No,No,25,No,No,No internet service,No internet service,No internet service,No internet service,No internet service,No internet service,Month-to-month,Yes,Credit card (automatic),19.2,6.278709023828715
No,Yes,No,20,No,No,No internet service,No internet service,No internet service,No internet service,No internet service,No internet service,Month-to-month,No,Bank transfer (automatic),19.25,5.930253816063085
No,No,Yes,2,No,DSL,Yes,No,No,No,No,Yes,Month-to-month,Yes,Credit card (automatic),61.2,4.843793308150688
No,No,No,51,No,No,No internet service,No internet service,No internet service,No internet service,No internet service,No internet service,Two year,No,Mailed check,20.45,6.950479463191916
No,Yes,Yes,46,No phone service,DSL,Yes,Yes,No,No,No,No,Month-to-month,No,Bank transfer (automatic),35.05,7.390952735630654
No,No,No,25,Yes,Fiber optic,No,Yes,No,No,Yes,Yes,Month-to-month,Yes,Electronic check,100.25,7.778525495554483
No,No,Yes,13,No,DSL,No,No,No,No,No,No,Month-to-month,No,Mailed check,44.0,6.492769997489813
Yes,No,No,25,Yes,Fiber optic,Yes,Yes,No,No,Yes,Yes,Month-to-month,Yes,Mailed check,102.8,7.886532427867732
No,Yes,Yes,26,No,DSL,No,No,Yes,No,No,No,One year,No,Mailed check,50.35,7.159913795364871
No,No,No,43,Yes,Fiber optic,No,No,No,Yes,Yes,Yes,One year,Yes,Electronic check,100.0,8.345823444026378
No,No,Yes,19,No,No,No internet service,No internet service,No internet service,No internet service,No internet service,No internet service,Month-to-month,Yes,Electronic check,20.0,5.936348164549315
No,Yes,No,10,No,Fiber optic,No,Yes,No,Yes,Yes,Yes,Month-to-month,Yes,Electronic check,99.85,6.899622295751948
No,No,Yes,2,Yes,Fiber optic,No,No,No,No,Yes,Yes,Month-to-month,Yes,Bank transfer (automatic),94.2,5.271973391208435
No,Yes,No,72,Yes,DSL,Yes,Yes,No,Yes,Yes,Yes,Two year,Yes,Bank transfer (automatic),86.4,8.709456828204239
Yes,No,No,18,Yes,DSL,Yes,Yes,No,No,No,No,Month-to-month,Yes,Credit card (automatic),58.4,6.8730603091852505
Yes,No,No,9,Yes,Fiber optic,No,No,No,No,No,Yes,Month-to-month,Yes,Electronic check,83.85,6.6734875831649925
Yes,No,No,27,Yes,Fiber optic,No,No,Yes,No,No,Yes,Month-to-month,No,Credit card (automatic),88.3,7.811467228649432
No,No,No,24,Yes,Fiber optic,No,No,No,No,Yes,Yes,Month-to-month,Yes,Electronic check,94.1,7.750980571998911
No,No,No,69,No,Fiber optic,No,Yes,Yes,Yes,Yes,Yes,One year,Yes,Bank transfer (automatic),104.05,8.890548245606167
No,Yes,No,46,Yes,Fiber optic,No,Yes,Yes,Yes,Yes,Yes,Two year,Yes,Credit card (automatic),108.9,8.487826170783425
Yes,No,No,72,Yes,Fiber optic,Yes,Yes,Yes,Yes,No,Yes,Two year,Yes,Bank transfer (automatic),107.4,8.955415863762575
No,Yes,No,22,No,Fiber optic,No,No,Yes,No,Yes,Yes,Month-to-month,Yes,Credit card (automatic),94.7,7.557942765101947
Yes,Yes,No,70,Yes,Fiber optic,Yes,No,No,No,No,Yes,Month-to-month,Yes,Electronic check,90.85,8.775101388499907
No,No,No,2,No,No,No internet service,No internet service,No internet service,No internet service,No internet service,No internet service,Month-to-month,No,Electronic check,19.9,4.067315889834181
No,Yes,No,31,No,DSL,No,No,Yes,Yes,No,Yes,Month-to-month,Yes,Credit card (automatic),66.4,7.611248751596227
Yes,Yes,No,56,Yes,Fiber optic,No,No,Yes,No,Yes,Yes,Month-to-month,Yes,Bank transfer (automatic),100.65,8.646298553602866
No,Yes,Yes,16,No,Fiber optic,Yes,No,Yes,No,Yes,Yes,Month-to-month,No,Bank transfer (automatic),100.7,7.328896866475309
No,No,Yes,52,Yes,No,No internet service,No internet service,No internet service,No internet service,No internet service,No internet service,Two year,No,Credit card (automatic),25.6,7.197061032550016
No,Yes,Yes,13,No,No,No internet service,No internet service,No internet service,No internet service,No internet service,No internet service,Month-to-month,Yes,Mailed check,19.85,5.53338948872752
No,No,No,35,No,No,No internet service,No internet service,No internet service,No internet service,No internet service,No internet service,One year,No,Mailed check,20.75,6.553149621164781
No,No,No,59,No,Fiber optic,No,No,Yes,No,Yes,Yes,Two year,No,Electronic check,95.8,8.64055176593914
No,Yes,No,72,No,Fiber optic,No,No,Yes,No,Yes,Yes,Month-to-month,Yes,Electronic check,94.65,8.817053309540718
Yes,Yes,No,66,Yes,DSL,No,Yes,Yes,No,Yes,Yes,Two year,Yes,Bank transfer (automatic),80.55,8.56904532962149
No,Yes,No,49,Yes,Fiber optic,Yes,Yes,Yes,Yes,No,Yes,Two year,No,Credit card (automatic),106.65,8.551662248696813
No,No,No,2,No,DSL,No,No,No,No,No,No,Month-to-month,Yes,Mailed check,45.85,4.669083511731744
Yes,No,No,21,Yes,Fiber optic,No,Yes,Yes,No,Yes,Yes,Month-to-month,Yes,Electronic check,104.35,7.72878982959402
Yes,No,No,54,No phone service,DSL,No,Yes,Yes,No,Yes,Yes,One year,Yes,Electronic check,55.45,7.9956267577841835
Yes,Yes,No,24,Yes,Fiber optic,Yes,No,No,No,No,No,Month-to-month,Yes,Electronic check,78.85,7.4805693000821964
No,No,No,1,Yes,DSL,Yes,Yes,No,No,No,No,Month-to-month,No,Electronic check,61.15,4.12955081795672
No,No,No,6,No,Fiber optic,Yes,Yes,No,No,No,No,Month-to-month,Yes,Electronic check,78.95,6.206475115192003
No,No,No,1,No,DSL,No,No,No,No,No,No,Month-to-month,Yes,Mailed check,44.45,3.816612820623488
No,No,Yes,49,Yes,Fiber optic,Yes,Yes,Yes,No,Yes,Yes,One year,Yes,Credit card (automatic),109.2,8.573847589372628
No,Yes,Yes,56,No,DSL,Yes,Yes,Yes,No,No,No,Two year,Yes,Credit card (automatic),61.3,8.11605869266852
Yes,No,No,56,Yes,Fiber optic,Yes,Yes,No,No,No,Yes,Month-to-month,Yes,Electronic check,96.85,8.560377194197375
No,Yes,Yes,6,No phone service,DSL,No,Yes,Yes,Yes,No,No,Two year,No,Mailed check,40.55,5.3867860145356445
No,No,No,32,No,No,No internet service,No internet service,No internet service,No internet service,No internet service,No internet service,One year,No,Mailed check,19.8,6.411325535499879
No,Yes,Yes,50,Yes,Fiber optic,Yes,Yes,Yes,No,Yes,Yes,One year,Yes,Electronic check,108.25,8.600136304229913
No,Yes,Yes,58,Yes,Fiber optic,No,No,Yes,Yes,Yes,Yes,One year,Yes,Bank transfer (automatic),105.05,8.70048927320642
No,Yes,Yes,65,Yes,DSL,Yes,Yes,Yes,Yes,Yes,Yes,Two year,Yes,Mailed check,90.45,8.692641179267019
No,No,No,64,Yes,DSL,Yes,Yes,Yes,Yes,Yes,Yes,Two year,Yes,Credit card (automatic),86.4,8.60209484450261
No,Yes,No,66,Yes,DSL,Yes,Yes,Yes,No,No,No,Two year,No,Bank transfer (automatic),66.9,8.382804288377585
No,Yes,No,38,Yes,Fiber optic,Yes,No,Yes,Yes,Yes,Yes,One year,Yes,Electronic check,110.7,8.396064565508757
No,Yes,No,20,No,No,No internet service,No internet service,No internet service,No internet service,No internet service,No internet service,One year,Yes,Mailed check,20.0,6.03416477664001
No,No,No,36,Yes,Fiber optic,No,No,No,No,No,Yes,Month-to-month,Yes,Electronic check,84.9,8.028846349410673
Yes,No,No,64,Yes,Fiber optic,No,No,Yes,Yes,Yes,Yes,One year,No,Electronic check,102.1,8.808234614924435
No,No,No,1,No,No,No internet service,No internet service,No internet service,No internet service,No internet service,No internet service,Month-to-month,No,Mailed check,20.25,3.056356895370426
No,No,No,60,No,DSL,No,Yes,Yes,Yes,Yes,No,One year,Yes,Credit card (automatic),70.15,8.348940206541153
No,No,No,1,No,Fiber optic,No,Yes,No,No,No,No,Month-to-month,Yes,Electronic check,74.35,4.3221439250725044
No,Yes,Yes,50,Yes,DSL,Yes,Yes,Yes,Yes,No,Yes,One year,Yes,Bank transfer (automatic),80.05,8.30479173663393
No,No,No,1,Yes,DSL,No,No,Yes,Yes,No,No,Month-to-month,No,Mailed check,62.05,4.143928062410929
No,Yes,No,72,No phone service,DSL,Yes,Yes,Yes,No,No,Yes,Two year,Yes,Electronic check,49.2,8.183662623840933
No,Yes,No,60,No,No,No internet service,No internet service,No internet service,No internet service,No internet service,No internet service,Two year,Yes,Bank transfer (automatic),20.5,7.089910155218993
No,No,No,46,No phone service,DSL,Yes,No,Yes,Yes,No,No,Two year,No,Mailed check,38.25,7.470993070962844
No,Yes,Yes,69,No phone service,DSL,No,Yes,Yes,No,Yes,Yes,Two year,Yes,Credit card (automatic),54.95,8.235758231724922
Yes,No,No,31,Yes,Fiber optic,No,No,Yes,Yes,Yes,No,Month-to-month,Yes,Bank transfer (automatic),96.6,7.965180923319997
No,Yes,Yes,19,No,No,No internet service,No internet service,No internet service,No internet service,No internet service,No internet service,One year,No,Mailed check,19.9,5.882486384538237
No,Yes,Yes,71,No,No,No internet service,No internet service,No internet service,No internet service,No internet service,No internet service,Two year,No,Credit card (automatic),19.9,7.243012492046805
No,Yes,No,12,No,Fiber optic,Yes,Yes,Yes,No,No,No,Month-to-month,Yes,Electronic check,84.6,6.867870345283222
No,Yes,Yes,39,No,DSL,Yes,No,Yes,Yes,Yes,Yes,One year,No,Credit card (automatic),80.0,8.065877843323385
No,No,No,44,Yes,DSL,No,Yes,Yes,Yes,Yes,Yes,One year,Yes,Bank transfer (automatic),85.25,8.217479022740617
No,Yes,Yes,56,Yes,DSL,Yes,Yes,Yes,Yes,Yes,No,Two year,No,Credit card (automatic),81.25,8.438452968474406
No,Yes,No,72,Yes,Fiber optic,Yes,Yes,Yes,Yes,Yes,Yes,Two year,Yes,Bank transfer (automatic),115.5,9.02566604959863
No,No,No,5,Yes,Fiber optic,No,Yes,Yes,No,Yes,Yes,Month-to-month,No,Mailed check,104.1,6.296925140911405
No,No,No,11,Yes,Fiber optic,Yes,No,No,No,No,No,Month-to-month,Yes,Bank transfer (automatic),79.0,6.835507114774513
Yes,Yes,No,24,No phone service,DSL,Yes,No,No,No,No,Yes,Month-to-month,No,Bank transfer (automatic),39.1,6.879664398815612
Yes,Yes,No,15,No,Fiber optic,No,Yes,No,No,Yes,Yes,Month-to-month,Yes,Electronic check,94.65,7.159330784290581
No,No,No,72,No,No,No internet service,No internet service,No internet service,No internet service,No internet service,No internet service,Two year,Yes,Mailed check,20.8,7.327911935833291
No,Yes,No,56,Yes,DSL,No,Yes,Yes,No,No,No,Two year,No,Credit card (automatic),59.5,8.128658943968055
Yes,No,No,64,No,No,No internet service,No internet service,No internet service,No internet service,No internet service,No internet service,Two year,Yes,Bank transfer (automatic),20.05,7.089284855575882
No,Yes,No,34,Yes,Fiber optic,No,No,Yes,No,Yes,Yes,Month-to-month,Yes,Electronic check,100.45,8.136123090642783
No,No,No,2,Yes,Fiber optic,No,No,No,No,No,No,Month-to-month,Yes,Electronic check,76.5,5.09650713317022
No,No,No,35,No,No,No internet service,No internet service,No internet service,No internet service,No internet service,No internet service,One year,No,Bank transfer (automatic),20.6,6.626717749249025
No,No,No,22,No,No,No internet service,No internet service,No internet service,No internet service,No internet service,No internet service,One year,No,Credit card (automatic),20.3,6.1487887573848985
No,No,No,5,No,DSL,No,No,No,Yes,No,No,Month-to-month,Yes,Electronic check,49.2,5.384036241950574
No,No,No,9,No phone service,DSL,Yes,Yes,Yes,No,No,No,One year,No,Mailed check,39.55,5.924255797414532
No,No,No,11,Yes,No,No internet service,No internet service,No internet service,No internet service,No internet service,No internet service,Month-to-month,No,Credit card (automatic),23.15,5.506144213750353
No,No,No,23,No,No,No internet service,No internet service,No internet service,No internet service,No internet service,No internet service,One year,No,Mailed check,20.45,6.1781515614115765
No,Yes,Yes,4,No,Fiber optic,No,No,No,No,No,Yes,Month-to-month,No,Electronic check,80.85,5.716204994654758
No,Yes,No,68,Yes,No,No internet service,No internet service,No internet service,No internet service,No internet service,No internet service,Two year,No,Bank transfer (automatic),25.25,7.455414152793477
No,Yes,No,33,No,Fiber optic,No,No,No,No,Yes,Yes,Month-to-month,No,Electronic check,91.25,7.994649174696049
No,No,No,31,No,DSL,Yes,Yes,Yes,Yes,Yes,No,Month-to-month,Yes,Bank transfer (automatic),72.45,7.676589541388417
No,No,No,1,Yes,DSL,No,Yes,No,Yes,No,No,Month-to-month,No,Mailed check,60.1,4.11251186617755
No,No,No,56,No,No,No internet service,No internet service,No internet service,No internet service,No internet service,No internet service,Two year,No,Bank transfer (automatic),19.7,6.959303540862714
No,No,No,1,No,Fiber optic,No,No,No,No,Yes,No,Month-to-month,Yes,Electronic check,78.95,4.381401439279963
No,Yes,Yes,66,No,DSL,Yes,Yes,Yes,Yes,Yes,No,One year,Yes,Electronic check,75.1,8.519989278718239
No,Yes,Yes,72,Yes,No,No internet service,No internet service,No internet service,No internet service,No internet service,No internet service,Two year,No,Bank transfer (automatic),25.0,7.46158291929267
Yes,No,No,34,No,Fiber optic,No,No,No,No,No,No,Month-to-month,No,Credit card (automatic),69.15,7.730218731012139
No,Yes,Yes,58,No,Fiber optic,No,Yes,Yes,No,Yes,No,Month-to-month,Yes,Electronic check,91.55,8.614800730269245
No,No,No,2,No,DSL,No,No,No,No,No,No,Month-to-month,Yes,Electronic check,45.15,4.600157644164547
No,No,No,37,No phone service,DSL,No,No,No,No,Yes,No,Two year,No,Credit card (automatic),35.8,7.183794839649844
No,No,No,71,Yes,Fiber optic,Yes,Yes,Yes,Yes,Yes,Yes,Two year,Yes,Credit card (automatic),113.15,8.986484066713215
No,Yes,Yes,1,No,No,No internet service,No internet service,No internet service,No internet service,No internet service,No internet service,One year,No,Credit card (automatic),19.85,3.0373539482448106
Yes,Yes,Yes,71,No,No,No internet service,No internet service,No internet service,No internet service,No internet service,No internet service,Two year,No,Credit card (automatic),19.8,7.236663264368146
No,Yes,Yes,35,No,No,No internet service,No internet service,No internet service,No internet service,No internet service,No internet service,One year,No,Electronic check,19.9,6.502790045915623
No,Yes,Yes,6,No,No,No internet service,No internet service,No internet service,No internet service,No internet service,No internet service,One year,No,Mailed check,19.7,4.558602550171757
No,No,No,3,No,Fiber optic,No,No,No,No,Yes,No,Month-to-month,Yes,Electronic check,79.4,5.503907758614657
No,Yes,Yes,69,No,DSL,No,Yes,Yes,Yes,No,No,One year,No,Bank transfer (automatic),59.1,8.327411879708428
No,No,No,44,No phone service,DSL,No,Yes,Yes,No,Yes,Yes,One year,Yes,Mailed check,53.95,7.773342016481586
No,Yes,No,53,Yes,Fiber optic,No,No,No,Yes,No,Yes,One year,Yes,Electronic check,91.15,8.489513622309495
No,Yes,No,24,No,Fiber optic,No,Yes,Yes,No,Yes,Yes,Month-to-month,Yes,Credit card (automatic),99.3,7.796613147205047
No,Yes,No,5,No,Fiber optic,No,No,No,No,No,No,Month-to-month,Yes,Electronic check,68.95,5.8650506222523235
No,No,Yes,2,No,DSL,No,Yes,No,No,No,No,Month-to-month,No,Mailed check,51.55,4.674696248636701
No,No,Yes,62,Yes,No,No internet service,No internet service,No internet service,No internet service,No internet service,No internet service,Two year,Yes,Mailed check,24.4,7.254177846456518
No,Yes,No,19,No,Fiber optic,No,No,Yes,No,Yes,Yes,Month-to-month,Yes,Electronic check,96.8,7.463965273782727
No,No,No,9,No,Fiber optic,No,No,No,No,No,No,Month-to-month,No,Mailed check,70.05,6.489964521183336
No,No,No,53,No,No,No internet service,No internet service,No internet service,No internet service,No internet service,No internet service,Two year,No,Credit card (automatic),19.5,6.957972995142755
No,No,No,5,No,Fiber optic,No,No,No,No,No,Yes,Month-to-month,No,Mailed check,78.75,6.057603349612027
Yes,Yes,Yes,71,Yes,DSL,Yes,Yes,No,No,Yes,No,One year,No,Electronic check,69.2,8.513887734407511
No,No,No,1,No,No,No internet service,No internet service,No internet service,No internet service,No internet service,No internet service,Month-to-month,Yes,Mailed check,19.55,3.022860940942244
No,No,No,18,Yes,Fiber optic,No,Yes,No,No,No,No,Month-to-month,Yes,Electronic check,80.65,7.281316838077293
No,No,No,72,Yes,Fiber optic,No,Yes,Yes,No,Yes,Yes,Two year,Yes,Electronic check,103.65,8.940602992779214
No,Yes,No,4,No,DSL,Yes,Yes,No,No,No,No,Month-to-month,No,Mailed check,54.7,5.4640436469922955
No,No,No,59,Yes,DSL,No,No,Yes,No,No,No,Two year,No,Credit card (automatic),54.15,8.044674401804834
No,No,No,1,No,Fiber optic,No,No,No,No,No,No,Month-to-month,No,Mailed check,71.1,4.278054044290903
Yes,Yes,No,31,Yes,Fiber optic,No,No,No,No,No,Yes,Month-to-month,Yes,Electronic check,84.85,7.876410731062155
No,Yes,No,3,No,No,No internet service,No internet service,No internet service,No internet service,No internet service,No internet service,Month-to-month,No,Bank transfer (automatic),20.0,3.9249392306946924
Yes,Yes,No,65,Yes,Fiber optic,No,Yes,Yes,No,Yes,Yes,One year,Yes,Electronic check,106.25,8.850918802369344
No,Yes,No,49,No,Fiber optic,No,No,Yes,Yes,Yes,Yes,One year,Yes,Credit card (automatic),99.25,8.50142959623676
No,No,No,2,No,No,No internet service,No internet service,No internet service,No internet service,No internet service,No internet service,Month-to-month,No,Mailed check,19.35,3.8575668196320874
No,Yes,No,53,No,No,No internet service,No internet service,No internet service,No internet service,No internet service,No internet service,One year,No,Bank transfer (automatic),20.8,6.930299243417031
No,Yes,No,55,No,Fiber optic,Yes,No,No,No,Yes,Yes,One year,Yes,Electronic check,94.75,8.571131983387192
No,Yes,Yes,72,Yes,Fiber optic,Yes,Yes,Yes,Yes,Yes,Yes,Two year,Yes,Credit card (automatic),114.05,9.022829373290678
Yes,No,No,36,Yes,Fiber optic,No,No,No,No,No,No,Month-to-month,Yes,Bank transfer (automatic),74.9,7.886250560399949
No,Yes,Yes,10,No,No,No internet service,No internet service,No internet service,No internet service,No internet service,No internet service,Month-to-month,Yes,Bank transfer (automatic),19.8,5.2870036066477635
Yes,No,No,1,Yes,Fiber optic,No,No,No,No,Yes,Yes,Month-to-month,Yes,Electronic check,94.0,4.553876891600541
No,Yes,Yes,72,Yes,DSL,Yes,Yes,Yes,Yes,No,Yes,Two year,No,Bank transfer (automatic),80.85,8.670043025510447
No,No,No,28,No,DSL,No,Yes,No,Yes,No,No,Month-to-month,No,Bank transfer (automatic),54.65,7.325478284485803
No,Yes,No,38,Yes,Fiber optic,Yes,No,No,No,Yes,No,Month-to-month,No,Bank transfer (automatic),91.7,8.154801940481397
No,No,No,61,Yes,Fiber optic,Yes,Yes,Yes,Yes,Yes,Yes,One year,Yes,Electronic check,118.6,8.904725123714375
No,Yes,Yes,52,Yes,No,No internet service,No internet service,No internet service,No internet service,No internet service,No internet service,Two year,No,Mailed check,24.55,7.194474387933356
No,No,No,67,No,No,No internet service,No internet service,No internet service,No internet service,No internet service,No internet service,One year,Yes,Mailed check,19.45,7.087531933591134
No,No,Yes,34,Yes,Fiber optic,Yes,Yes,Yes,Yes,Yes,Yes,Two year,Yes,Credit card (automatic),116.15,8.280939070951932
No,No,No,54,No,DSL,Yes,No,Yes,Yes,Yes,Yes,Two year,No,Electronic check,80.6,8.366591207512721
No,Yes,No,1,No,No,No internet service,No internet service,No internet service,No internet service,No internet service,No internet service,Month-to-month,Yes,Bank transfer (automatic),20.3,3.0587070727153796
Yes,No,No,15,Yes,Fiber optic,No,Yes,No,No,No,Yes,Month-to-month,No,Electronic check,89.85,7.262593537245912
No,No,No,4,No,DSL,No,No,No,No,No,No,Month-to-month,Yes,Mailed check,46.0,5.270946169751904
No,No,No,9,No,DSL,No,Yes,No,Yes,Yes,No,Month-to-month,No,Mailed check,66.25,6.432216358237724
No,No,Yes,46,No,Fiber optic,No,Yes,Yes,No,Yes,Yes,Month-to-month,Yes,Electronic check,99.8,8.387596903245164
No,No,No,22,Yes,Fiber optic,No,No,No,Yes,Yes,No,Month-to-month,Yes,Electronic check,90.0,7.598299073671967
No,No,No,38,No,Fiber optic,No,No,No,No,No,No,One year,Yes,Bank transfer (automatic),70.45,7.862728117448636
No,Yes,Yes,55,Yes,DSL,Yes,Yes,No,Yes,Yes,No,One year,Yes,Credit card (automatic),75.0,8.34638114536211
No,No,No,1,No,No,No internet service,No internet service,No internet service,No internet service,No internet service,No internet service,Month-to-month,No,Mailed check,19.9,3.039749158970765
Yes,Yes,No,64,No,Fiber optic,Yes,No,Yes,No,No,No,One year,No,Credit card (automatic),80.3,8.520926215005344
No,No,Yes,53,No,No,No internet service,No internet service,No internet service,No internet service,No internet service,No internet service,Two year,No,Bank transfer (automatic),19.75,6.95973084057248
No,Yes,No,58,Yes,DSL,Yes,No,Yes,Yes,Yes,Yes,Two year,Yes,Electronic check,84.3,8.500535214520095
No,Yes,No,56,No phone service,DSL,No,No,Yes,Yes,Yes,Yes,One year,Yes,Bank transfer (automatic),54.05,7.993214781071947
No,Yes,Yes,72,No,Fiber optic,Yes,No,Yes,Yes,Yes,Yes,Two year,Yes,Credit card (automatic),104.9,8.930699217850082
No,No,No,1,No,DSL,Yes,No,No,Yes,No,No,Month-to-month,Yes,Electronic check,53.95,4.006423680849631
Yes,Yes,No,72,Yes,Fiber optic,No,Yes,No,No,Yes,Yes,One year,Yes,Credit card (automatic),97.25,8.872641383202147
No,No,No,22,Yes,Fiber optic,No,No,No,No,No,Yes,Month-to-month,No,Electronic check,83.05,7.495708596663577
Yes,No,No,8,Yes,Fiber optic,No,Yes,Yes,No,Yes,Yes,Month-to-month,Yes,Electronic check,105.5,6.7220881319370855
No,No,Yes,16,No,Fiber optic,No,No,No,No,Yes,No,Month-to-month,Yes,Electronic check,81.0,7.180184109971104
No,No,No,39,No phone service,DSL,No,Yes,Yes,Yes,No,No,Month-to-month,No,Bank transfer (automatic),41.1,7.376539414948115
No,No,No,12,No,DSL,No,No,No,No,No,No,Month-to-month,Yes,Bank transfer (automatic),45.0,6.264064707134784
No,Yes,No,54,No,DSL,Yes,Yes,No,No,Yes,Yes,Two year,Yes,Bank transfer (automatic),74.55,8.341040567567811
No,No,No,18,No phone service,DSL,Yes,Yes,No,Yes,No,No,One year,Yes,Mailed check,40.2,6.569411291728128
No,Yes,No,32,No,DSL,Yes,Yes,No,Yes,No,Yes,One year,No,Mailed check,70.5,7.6974618587468395
No,No,No,41,No,No,No internet service,No internet service,No internet service,No internet service,No internet service,No internet service,One year,Yes,Mailed check,19.75,6.6945001754182565
No,Yes,Yes,67,Yes,No,No internet service,No internet service,No internet service,No internet service,No internet service,No internet service,Two year,No,Bank transfer (automatic),24.65,7.391076089625938
No,Yes,No,65,Yes,Fiber optic,Yes,No,Yes,No,Yes,Yes,Month-to-month,Yes,Electronic check,104.25,8.82672726036012
No,No,No,25,Yes,DSL,Yes,Yes,Yes,Yes,Yes,No,Month-to-month,Yes,Bank transfer (automatic),78.35,7.516922845746808
No,Yes,Yes,1,No,Fiber optic,No,No,No,No,No,No,Month-to-month,Yes,Electronic check,69.8,4.259859000699674
No,Yes,No,67,Yes,Fiber optic,No,Yes,Yes,Yes,Yes,Yes,One year,Yes,Credit card (automatic),109.7,8.901836352898744
Yes,No,No,7,Yes,Fiber optic,No,No,No,No,No,No,Month-to-month,No,Mailed check,73.75,6.302893663289552
Yes,No,No,43,No phone service,DSL,Yes,Yes,No,No,No,No,Month-to-month,Yes,Credit card (automatic),33.45,7.314053373394193
No,No,No,24,No,Fiber optic,Yes,No,No,No,Yes,Yes,Month-to-month,Yes,Electronic check,94.6,7.733749242875133
Yes,No,No,9,Yes,DSL,Yes,No,No,No,No,No,Month-to-month,No,Electronic check,54.55,6.204658767568524
No,Yes,Yes,69,No,No,No internet service,No internet service,No internet service,No internet service,No internet service,No internet service,Two year,No,Bank transfer (automatic),20.2,7.22802554102707
No,No,Yes,37,No,No,No internet service,No internet service,No internet service,No internet service,No internet service,No internet service,One year,No,Bank transfer (automatic),20.3,6.6285703367843025
No,Yes,Yes,20,No phone service,DSL,Yes,No,Yes,Yes,No,No,Two year,Yes,Credit card (automatic),39.4,6.717078917805429
No,No,No,7,No,Fiber optic,No,No,No,No,No,No,Month-to-month,No,Bank transfer (automatic),69.15,6.193690850166804
Yes,No,No,37,Yes,Fiber optic,No,No,No,No,No,No,Month-to-month,Yes,Electronic check,76.25,7.952456815619502
No,No,No,5,Yes,Fiber optic,No,No,No,No,Yes,Yes,Month-to-month,Yes,Mailed check,93.9,6.1900079815539595
No,No,No,41,No phone service,DSL,No,No,Yes,No,Yes,Yes,One year,Yes,Electronic check,51.35,7.638246412682504
No,No,No,54,No,Fiber optic,Yes,Yes,No,No,Yes,Yes,One year,Yes,Credit card (automatic),100.05,8.575584733529793
Yes,No,No,3,No,Fiber optic,No,No,No,No,No,No,Month-to-month,Yes,Electronic check,70.4,5.326418796658912
Yes,No,No,69,No,No,No internet service,No internet service,No internet service,No internet service,No internet service,No internet service,Two year,No,Credit card (automatic),20.3,7.2132527113039195
No,No,No,53,No,Fiber optic,No,Yes,Yes,Yes,No,Yes,One year,Yes,Credit card (automatic),94.45,8.52590513201826
No,Yes,Yes,18,No phone service,DSL,No,Yes,Yes,No,Yes,No,One year,No,Credit card (automatic),46.4,6.701222993473124
No,Yes,No,64,No,Fiber optic,Yes,Yes,No,Yes,Yes,Yes,Two year,Yes,Credit card (automatic),104.05,8.795816860129575
No,Yes,Yes,31,Yes,Fiber optic,No,Yes,No,No,No,Yes,Month-to-month,Yes,Electronic check,91.15,8.005183533625202
No,No,No,20,No phone service,DSL,No,No,No,No,No,No,Month-to-month,No,Credit card (automatic),24.9,6.228412379398589
No,Yes,Yes,57,No,DSL,Yes,Yes,No,Yes,No,No,One year,No,Mailed check,59.6,8.163485270080912
Yes,Yes,No,63,Yes,Fiber optic,Yes,Yes,Yes,No,Yes,Yes,Two year,No,Credit card (automatic),108.5,8.852650627587321
No,Yes,Yes,13,No phone service,DSL,Yes,Yes,No,Yes,No,No,Two year,No,Mailed check,40.55,6.382408058697126
Yes,Yes,No,48,No,DSL,No,Yes,No,No,No,Yes,One year,Yes,Bank transfer (automatic),58.95,7.934047739403606
No,No,No,2,No,Fiber optic,No,No,No,No,No,No,Month-to-month,Yes,Electronic check,70.95,4.934114156188513
No,Yes,Yes,57,No,No,No internet service,No internet service,No internet service,No internet service,No internet service,No internet service,Two year,No,Mailed check,20.75,7.0247824735070115
No,Yes,No,71,Yes,Fiber optic,No,Yes,Yes,Yes,Yes,Yes,One year,Yes,Bank transfer (automatic),113.15,8.981461656000379
No,Yes,Yes,7,Yes,DSL,No,No,No,No,No,No,Month-to-month,No,Electronic check,48.8,5.860216260498028
No,No,No,16,Yes,DSL,No,No,No,No,No,Yes,Month-to-month,Yes,Bank transfer (automatic),63.05,6.973589834903684
No,Yes,No,34,Yes,Fiber optic,No,No,Yes,No,Yes,Yes,Month-to-month,No,Electronic check,100.85,8.168571447525101
No,Yes,No,37,Yes,Fiber optic,No,No,Yes,No,Yes,Yes,Month-to-month,Yes,Electronic check,99.5,8.232971790593437
No,No,No,16,Yes,Fiber optic,No,Yes,No,No,No,No,Month-to-month,Yes,Mailed check,80.55,7.130818827096176
No,No,Yes,48,Yes,DSL,Yes,Yes,Yes,No,No,No,One year,Yes,Bank transfer (automatic),64.4,8.018411415138372
No,Yes,Yes,58,No,DSL,No,Yes,No,Yes,Yes,Yes,One year,Yes,Credit card (automatic),75.2,8.366788818742332
No,Yes,No,72,Yes,DSL,Yes,No,Yes,Yes,Yes,Yes,Two year,Yes,Bank transfer (automatic),84.9,8.710504143009794
No,No,No,7,No,No,No internet service,No internet service,No internet service,No internet service,No internet service,No internet service,Month-to-month,No,Mailed check,19.3,4.983264097300124
No,No,No,38,No,Fiber optic,Yes,Yes,Yes,No,No,No,Month-to-month,Yes,Credit card (automatic),83.9,8.081660551685678
Yes,Yes,No,48,Yes,Fiber optic,Yes,Yes,Yes,Yes,Yes,Yes,Month-to-month,No,Electronic check,117.45,8.60151595732809
No,No,No,10,No,Fiber optic,Yes,Yes,Yes,No,Yes,Yes,Month-to-month,Yes,Electronic check,104.4,6.986982269433439
No,No,No,30,No,DSL,Yes,Yes,Yes,Yes,Yes,No,One year,No,Credit card (automatic),74.65,7.744829628348725
No,Yes,No,31,Yes,DSL,No,No,No,No,Yes,No,Month-to-month,Yes,Credit card (automatic),59.05,7.5410462923887165
Yes,No,No,46,Yes,DSL,No,No,Yes,Yes,No,Yes,One year,Yes,Credit card (automatic),69.1,8.088362215202874
No,Yes,No,50,No,No,No internet service,No internet service,No internet service,No internet service,No internet service,No internet service,Two year,No,Mailed check,20.55,6.97415144862182
No,Yes,No,28,No,Fiber optic,No,No,No,Yes,No,No,Month-to-month,No,Bank transfer (automatic),76.55,7.633563241781631
No,No,No,66,No phone service,DSL,Yes,Yes,Yes,Yes,Yes,Yes,Two year,Yes,Bank transfer (automatic),62.5,8.327822850208948
Yes,No,No,8,No phone service,DSL,No,No,Yes,No,No,No,Month-to-month,Yes,Electronic check,29.4,5.406723240391823
No,Yes,Yes,41,No,Fiber optic,No,No,Yes,No,Yes,Yes,Month-to-month,Yes,Bank transfer (automatic),94.9,8.255568653283746
Yes,Yes,No,72,Yes,Fiber optic,No,Yes,Yes,Yes,Yes,Yes,Two year,Yes,Bank transfer (automatic),111.65,8.990173635548793
No,No,No,7,No,No,No internet service,No internet service,No internet service,No internet service,No internet service,No internet service,One year,No,Mailed check,19.9,5.159916996812011
No,Yes,Yes,38,No,No,No internet service,No internet service,No internet service,No internet service,No internet service,No internet service,Month-to-month,No,Mailed check,20.45,6.662174382548992
No,No,No,44,No,Fiber optic,Yes,Yes,Yes,No,Yes,Yes,One year,Yes,Electronic check,106.05,8.414451465954324
No,Yes,Yes,47,Yes,Fiber optic,Yes,Yes,Yes,Yes,Yes,Yes,One year,Yes,Bank transfer (automatic),113.45,8.57900299298255
No,Yes,Yes,53,No,Fiber optic,No,Yes,No,Yes,Yes,No,Month-to-month,Yes,Electronic check,92.55,8.472289963313811
No,Yes,No,4,Yes,DSL,No,No,Yes,No,Yes,No,Month-to-month,No,Electronic check,65.6,5.5258512661635395
Yes,No,No,20,Yes,Fiber optic,No,No,No,No,Yes,No,Month-to-month,Yes,Electronic check,84.35,7.465197277376707
No,No,No,2,No,DSL,No,No,No,No,No,No,Month-to-month,No,Mailed check,44.65,4.3294166844015844
Yes,Yes,No,57,Yes,DSL,No,Yes,Yes,No,Yes,No,One year,Yes,Credit card (automatic),71.1,8.32871673201033
Yes,Yes,No,44,No,Fiber optic,Yes,Yes,No,Yes,No,No,Month-to-month,Yes,Electronic check,85.15,8.208355576891664
No,No,No,24,No,DSL,No,No,Yes,No,No,No,Month-to-month,Yes,Mailed check,49.7,7.06373286043649
No,Yes,Yes,15,No phone service,DSL,Yes,No,No,No,No,No,Month-to-month,Yes,Bank transfer (automatic),30.2,6.154114717993229
No,No,No,3,No phone service,DSL,No,No,No,No,No,No,Month-to-month,No,Electronic check,25.25,4.092676505121403
No,No,Yes,4,Yes,Fiber optic,No,Yes,Yes,No,No,No,Month-to-month,No,Bank transfer (automatic),84.05,5.812786345228826
Yes,Yes,No,37,Yes,Fiber optic,No,No,No,No,Yes,No,Month-to-month,Yes,Electronic check,85.7,8.062164870413456
No,No,No,1,No,Fiber optic,No,Yes,No,No,No,No,Month-to-month,Yes,Electronic check,74.7,4.3267781604434035
No,No,No,24,No,DSL,Yes,No,No,Yes,No,No,Month-to-month,No,Credit card (automatic),56.35,7.231431711657294
No,No,No,5,Yes,Fiber optic,No,Yes,No,No,Yes,No,Month-to-month,Yes,Electronic check,90.8,6.1235887000350235
No,No,No,33,Yes,Fiber optic,No,Yes,Yes,No,Yes,Yes,Month-to-month,No,Electronic check,107.55,8.201523082424288
No,Yes,Yes,58,No,No,No internet service,No internet service,No internet service,No internet service,No internet service,No internet service,Two year,Yes,Mailed check,19.85,7.056045965394279
No,Yes,Yes,72,Yes,Fiber optic,Yes,Yes,No,No,Yes,No,Two year,Yes,Bank transfer (automatic),95.9,8.847237671342803
No,Yes,No,71,Yes,No,No internet service,No internet service,No internet service,No internet service,No internet service,No internet service,Two year,No,Mailed check,23.85,7.422433472063617
Yes,No,No,28,Yes,Fiber optic,No,Yes,Yes,No,Yes,Yes,Month-to-month,Yes,Electronic check,106.15,8.056268226103706
No,Yes,No,51,No,DSL,Yes,Yes,Yes,Yes,Yes,Yes,Two year,Yes,Credit card (automatic),83.85,8.36825225063454
No,No,No,30,No,DSL,Yes,Yes,Yes,Yes,Yes,Yes,One year,No,Bank transfer (automatic),85.35,7.836527788358348
Yes,Yes,No,72,No,Fiber optic,Yes,Yes,No,Yes,No,No,Two year,Yes,Credit card (automatic),84.8,8.72301152412159
Yes,No,No,36,Yes,Fiber optic,Yes,No,No,No,Yes,No,Month-to-month,Yes,Electronic check,90.85,8.06705493259633
No,No,Yes,14,No,DSL,Yes,Yes,Yes,Yes,No,Yes,Two year,No,Bank transfer (automatic),76.1,6.962054052389516
No,Yes,Yes,72,Yes,DSL,Yes,Yes,No,Yes,Yes,No,Two year,No,Mailed check,74.55,8.599998234172947
No,Yes,Yes,22,No phone service,DSL,No,Yes,No,No,Yes,No,Month-to-month,No,Electronic check,39.2,6.746294612855512
No,No,No,2,Yes,Fiber optic,No,Yes,No,No,No,No,Month-to-month,No,Electronic check,79.55,5.028802598051705
No,No,No,15,No,No,No internet service,No internet service,No internet service,No internet service,No internet service,No internet service,Month-to-month,No,Mailed check,19.6,5.705114919889979
No,Yes,Yes,51,No,No,No internet service,No internet service,No internet service,No internet service,No internet service,No internet service,Two year,No,Credit card (automatic),19.55,6.991866621600789
No,Yes,No,70,No phone service,DSL,Yes,No,Yes,Yes,No,No,Two year,Yes,Credit card (automatic),39.15,7.898689553852058
No,Yes,Yes,71,No,No,No internet service,No internet service,No internet service,No internet service,No internet service,No internet service,Two year,No,Bank transfer (automatic),20.1,7.237490587664918
No,Yes,Yes,39,Yes,Fiber optic,No,No,No,Yes,Yes,Yes,Month-to-month,Yes,Credit card (automatic),99.95,8.234405787174513
No,Yes,Yes,61,Yes,DSL,Yes,Yes,No,No,No,No,Month-to-month,No,Electronic check,59.8,8.20042553806936
No,No,No,52,No,DSL,Yes,No,No,No,No,No,Month-to-month,Yes,Bank transfer (automatic),49.75,7.838560169014315
No,No,No,1,No phone service,DSL,No,No,No,No,Yes,No,Month-to-month,Yes,Electronic check,35.75,3.6041382256588457
No,Yes,No,64,Yes,Fiber optic,Yes,No,Yes,Yes,Yes,Yes,One year,Yes,Mailed check,108.5,8.836642790130352
No,Yes,No,62,No,DSL,No,Yes,Yes,Yes,No,No,Two year,Yes,Credit card (automatic),60.15,8.230630492232374
No,Yes,No,30,No,No,No internet service,No internet service,No internet service,No internet service,No internet service,No internet service,Two year,No,Mailed check,19.05,6.459199980942271
Yes,Yes,Yes,4,No,DSL,No,No,No,No,No,No,Month-to-month,No,Electronic check,46.0,5.207297968160868
Yes,Yes,No,63,No,DSL,Yes,Yes,Yes,Yes,Yes,Yes,One year,Yes,Bank transfer (automatic),84.0,8.581209701329653
No,No,No,1,No,DSL,No,No,No,No,No,No,Month-to-month,Yes,Credit card (automatic),44.55,3.8188106237059674
No,Yes,No,15,Yes,Fiber optic,No,No,Yes,Yes,Yes,Yes,Month-to-month,Yes,Electronic check,103.45,7.3400570410438615
No,Yes,Yes,27,No,Fiber optic,Yes,Yes,No,No,No,No,One year,Yes,Credit card (automatic),80.65,7.701087103455844
No,No,Yes,4,No phone service,DSL,Yes,Yes,Yes,No,Yes,Yes,Month-to-month,Yes,Mailed check,57.2,5.41498867335173
No,Yes,No,72,Yes,Fiber optic,Yes,Yes,Yes,No,Yes,Yes,Two year,Yes,Electronic check,110.75,8.955796448771473
Yes,Yes,No,45,Yes,No,No internet service,No internet service,No internet service,No internet service,No internet service,No internet service,One year,No,Credit card (automatic),24.7,7.069321254563527
Yes,No,No,45,Yes,Fiber optic,Yes,Yes,No,Yes,Yes,No,Month-to-month,Yes,Electronic check,97.05,8.386184328821656
No,No,No,36,No,DSL,Yes,Yes,Yes,Yes,Yes,No,One year,Yes,Mailed check,76.35,7.866089658853971
No,Yes,Yes,17,No,Fiber optic,Yes,No,Yes,No,Yes,No,Month-to-month,Yes,Electronic check,89.4,7.339829860515501
No,No,No,1,No,No,No internet service,No internet service,No internet service,No internet service,No internet service,No internet service,Month-to-month,No,Mailed check,18.9,2.990719731730447
Yes,No,No,16,Yes,Fiber optic,No,No,No,No,No,No,Month-to-month,Yes,Bank transfer (automatic),74.45,7.140730342209636
No,No,No,3,No,No,No internet service,No internet service,No internet service,No internet service,No internet service,No internet service,Month-to-month,Yes,Mailed check,19.8,4.080076590424396
No,Yes,Yes,4,Yes,DSL,No,No,No,No,No,No,Month-to-month,Yes,Electronic check,50.9,5.423186348593906
No,Yes,No,71,No,DSL,Yes,Yes,Yes,Yes,Yes,Yes,Two year,Yes,Credit card (automatic),84.4,8.694552456380377
No,Yes,Yes,10,Yes,No,No internet service,No internet service,No internet service,No internet service,No internet service,No internet service,Month-to-month,Yes,Mailed check,24.4,5.54087131138207
No,Yes,Yes,20,No,No,No internet service,No internet service,No internet service,No internet service,No internet service,No internet service,Two year,No,Mailed check,20.05,5.993961427306569
No,No,No,4,No,Fiber optic,No,No,No,No,Yes,No,Month-to-month,Yes,Electronic check,81.0,5.834372044359803
No,No,No,26,Yes,Fiber optic,No,No,Yes,No,Yes,Yes,Month-to-month,Yes,Electronic check,98.35,7.830544847596122
No,No,No,4,No,DSL,No,No,No,No,Yes,No,Month-to-month,No,Credit card (automatic),55.5,5.430879539631008
No,No,No,5,No phone service,DSL,No,Yes,No,No,Yes,Yes,Month-to-month,Yes,Mailed check,51.0,5.726684867873505
No,Yes,No,4,Yes,Fiber optic,No,Yes,No,No,Yes,No,Month-to-month,Yes,Electronic check,91.65,5.903725632799975
Yes,Yes,No,29,Yes,Fiber optic,No,No,No,No,No,Yes,Month-to-month,Yes,Electronic check,84.3,7.76588709668276
No,No,No,2,No,Fiber optic,Yes,Yes,No,No,Yes,Yes,Month-to-month,No,Electronic check,100.2,5.295814236329918
No,No,No,29,No,No,No internet service,No internet service,No internet service,No internet service,No internet service,No internet service,Two year,No,Mailed check,19.4,6.319418462774537
No,No,Yes,1,No,Fiber optic,No,No,No,No,Yes,Yes,Month-to-month,Yes,Electronic check,90.85,4.520156811661135
No,No,No,1,No,Fiber optic,No,No,No,No,No,No,Month-to-month,No,Mailed check,69.4,4.254193263163997
Yes,No,No,8,No,Fiber optic,No,No,Yes,No,Yes,Yes,Month-to-month,Yes,Credit card (automatic),94.45,6.611973828273706
No,No,No,13,No,No,No internet service,No internet service,No internet service,No internet service,No internet service,No internet service,Month-to-month,Yes,Electronic check,20.4,5.532005131737917
No,Yes,No,59,Yes,Fiber optic,Yes,Yes,No,No,Yes,No,Month-to-month,Yes,Electronic check,94.75,8.630280776232281
No,Yes,Yes,1,No,No,No internet service,No internet service,No internet service,No internet service,No internet service,No internet service,Month-to-month,Yes,Credit card (automatic),20.15,3.0516399054922867
Yes,No,No,50,Yes,Fiber optic,No,No,No,No,Yes,Yes,Month-to-month,Yes,Electronic check,95.7,8.480051914735554
No,Yes,No,18,No,DSL,No,No,No,No,No,No,Month-to-month,Yes,Bank transfer (automatic),44.35,6.645155986897819
No,Yes,Yes,17,No,DSL,Yes,Yes,No,No,Yes,Yes,Month-to-month,No,Mailed check,74.55,7.103979740945083
No,Yes,No,47,No,DSL,No,Yes,Yes,No,Yes,Yes,Two year,No,Electronic check,73.6,8.167252663167885
No,No,No,26,Yes,Fiber optic,No,No,No,No,No,No,Month-to-month,Yes,Bank transfer (automatic),74.95,7.51531733769414
No,No,No,6,No phone service,DSL,No,No,Yes,No,Yes,Yes,Month-to-month,Yes,Electronic check,47.95,5.723911845951367
No,Yes,Yes,19,Yes,DSL,No,No,No,No,No,No,Month-to-month,No,Credit card (automatic),50.1,6.8150367379789305
No,No,No,3,Yes,DSL,No,No,No,Yes,Yes,No,Month-to-month,Yes,Electronic check,63.6,5.054014017398201
Yes,Yes,Yes,68,No phone service,DSL,No,Yes,Yes,No,Yes,Yes,Two year,Yes,Electronic check,53.0,8.204466777858196
No,Yes,No,2,No,No,No internet service,No internet service,No internet service,No internet service,No internet service,No internet service,Month-to-month,No,Bank transfer (automatic),19.85,3.970291913552122
No,No,No,7,No phone service,DSL,No,No,No,No,No,No,One year,Yes,Credit card (automatic),24.35,5.022893191491757
No,No,No,18,No,No,No internet service,No internet service,No internet service,No internet service,No internet service,No internet service,Month-to-month,Yes,Mailed check,19.55,5.9667875593955415
No,Yes,No,71,Yes,No,No internet service,No internet service,No internet service,No internet service,No internet service,No internet service,Two year,No,Credit card (automatic),25.05,7.536203925603146
Yes,Yes,No,13,Yes,Fiber optic,Yes,Yes,No,No,No,Yes,Month-to-month,No,Credit card (automatic),93.8,7.140453043101158
No,No,No,3,No phone service,DSL,No,Yes,No,Yes,No,No,Month-to-month,Yes,Mailed check,36.85,4.697749367281185
No,Yes,No,72,Yes,Fiber optic,No,Yes,Yes,No,Yes,Yes,Two year,Yes,Bank transfer (automatic),103.75,8.902074567245139
No,Yes,Yes,66,No phone service,DSL,No,Yes,Yes,No,Yes,Yes,Two year,Yes,Credit card (automatic),56.75,8.218625417455186
No,Yes,Yes,24,No,No,No internet service,No internet service,No internet service,No internet service,No internet service,No internet service,One year,Yes,Credit card (automatic),20.8,6.154114717993229
No,No,No,1,No,DSL,No,No,No,No,No,No,Month-to-month,Yes,Electronic check,44.1,3.8088822465086327
No,Yes,Yes,56,Yes,No,No internet service,No internet service,No internet service,No internet service,No internet service,No internet service,Two year,Yes,Mailed check,24.45,7.234790267386486
Yes,Yes,No,22,Yes,No,No internet service,No internet service,No internet service,No internet service,No internet service,No internet service,One year,No,Bank transfer (automatic),25.6,6.309554575731145
No,No,No,14,No phone service,DSL,No,No,Yes,No,Yes,Yes,Month-to-month,Yes,Electronic check,50.75,6.57053276097022
Yes,Yes,No,61,Yes,Fiber optic,No,Yes,Yes,No,Yes,Yes,One year,Yes,Credit card (automatic),104.4,8.764990330169104
Yes,Yes,No,40,No phone service,DSL,No,Yes,No,No,Yes,No,Month-to-month,Yes,Electronic check,39.3,7.401475434845189
No,No,No,42,No,DSL,Yes,Yes,Yes,No,No,No,Month-to-month,No,Bank transfer (automatic),59.65,7.838954327589411
No,Yes,Yes,72,Yes,DSL,Yes,No,Yes,Yes,Yes,Yes,Two year,Yes,Bank transfer (automatic),83.3,8.706771686158076
No,No,No,12,Yes,Fiber optic,No,No,No,Yes,No,No,Month-to-month,Yes,Credit card (automatic),79.55,6.866151729127062
No,Yes,No,71,Yes,No,No internet service,No internet service,No internet service,No internet service,No internet service,No internet service,Two year,No,Bank transfer (automatic),24.45,7.456829990179825
No,Yes,No,26,No,No,No internet service,No internet service,No internet service,No internet service,No internet service,No internet service,One year,No,Mailed check,19.2,6.132529987386585
No,No,Yes,7,No phone service,DSL,Yes,No,No,No,No,No,Month-to-month,No,Mailed check,29.8,5.312959643284906
No,Yes,Yes,6,No,DSL,No,No,No,No,No,No,Month-to-month,No,Mailed check,45.5,5.65669086712235
No,No,No,58,No,Fiber optic,Yes,Yes,Yes,No,Yes,Yes,One year,Yes,Electronic check,106.45,8.723695034461883
No,Yes,No,51,No phone service,DSL,No,Yes,No,No,No,No,Month-to-month,Yes,Credit card (automatic),30.05,7.333317088789424
No,Yes,Yes,72,No phone service,DSL,Yes,Yes,Yes,Yes,Yes,Yes,Two year,Yes,Bank transfer (automatic),65.65,8.447950288674077
No,No,No,18,No,Fiber optic,Yes,No,No,No,Yes,Yes,Month-to-month,Yes,Electronic check,96.05,7.46261692673774
No,No,No,7,Yes,Fiber optic,No,No,No,No,No,No,Month-to-month,Yes,Bank transfer (automatic),75.1,6.317074429966682
No,No,No,47,Yes,DSL,Yes,Yes,No,Yes,No,Yes,Two year,No,Mailed check,74.05,8.15974652120194
Yes,No,No,2,No,DSL,No,No,No,No,No,No,Month-to-month,Yes,Electronic check,44.7,4.550714000192032
Yes,No,No,62,Yes,Fiber optic,No,Yes,Yes,Yes,Yes,Yes,One year,Yes,Bank transfer (automatic),110.75,8.86139972680355
No,Yes,Yes,16,No,No,No internet service,No internet service,No internet service,No internet service,No internet service,No internet service,Two year,No,Mailed check,19.7,5.71224655306833
No,No,No,6,No,DSL,No,No,No,Yes,No,No,Month-to-month,Yes,Credit card (automatic),49.5,5.748437115196633
No,No,No,19,No,DSL,No,No,Yes,Yes,No,No,Month-to-month,Yes,Credit card (automatic),55.0,6.9541616517962925
No,Yes,Yes,69,No phone service,DSL,Yes,No,Yes,No,No,Yes,Two year,Yes,Credit card (automatic),43.95,7.993316099905515
No,Yes,Yes,11,Yes,Fiber optic,No,No,No,No,No,No,Month-to-month,Yes,Electronic check,74.35,6.727671217128374
No,Yes,No,64,Yes,Fiber optic,No,Yes,Yes,Yes,Yes,Yes,Month-to-month,Yes,Electronic check,111.15,8.847129831764855
No,Yes,No,39,No,Fiber optic,Yes,No,Yes,Yes,Yes,Yes,One year,Yes,Credit card (automatic),104.7,8.32744814860604
No,No,No,15,Yes,DSL,Yes,No,No,No,No,No,Month-to-month,Yes,Mailed check,55.7,6.803283257385426
No,No,No,25,No,No,No internet service,No internet service,No internet service,No internet service,No internet service,No internet service,Month-to-month,No,Mailed check,20.6,6.296188085414615
No,No,No,6,No,No,No internet service,No internet service,No internet service,No internet service,No internet service,No internet service,Two year,No,Credit card (automatic),19.65,4.76941262938214
No,Yes,No,66,Yes,Fiber optic,Yes,Yes,Yes,Yes,Yes,Yes,One year,No,Bank transfer (automatic),115.8,8.980065201007257
No,No,No,61,Yes,DSL,No,Yes,Yes,Yes,Yes,Yes,Two year,No,Credit card (automatic),88.65,8.579651425255848
Yes,Yes,No,43,Yes,Fiber optic,Yes,Yes,No,No,Yes,No,Month-to-month,Yes,Electronic check,94.5,8.332741367213014
No,No,No,12,No,No,No internet service,No internet service,No internet service,No internet service,No internet service,No internet service,Month-to-month,No,Mailed check,20.1,5.414321042304342
Yes,No,No,23,No phone service,DSL,No,No,No,No,No,Yes,Month-to-month,Yes,Bank transfer (automatic),34.65,6.645675973909861
Yes,Yes,No,71,No phone service,DSL,No,Yes,Yes,No,Yes,Yes,Month-to-month,Yes,Bank transfer (automatic),52.3,8.233781985815103
No,No,No,34,Yes,DSL,No,No,No,Yes,Yes,No,Month-to-month,No,Mailed check,65.0,7.677168814995532
No,No,No,5,No,No,No internet service,No internet service,No internet service,No internet service,No internet service,No internet service,Month-to-month,No,Credit card (automatic),19.85,4.691806492647638
No,Yes,No,41,No phone service,DSL,No,Yes,No,Yes,No,No,One year,No,Mailed check,35.45,7.238963685928251
No,Yes,Yes,72,No,No,No internet service,No internet service,No internet service,No internet service,No internet service,No internet service,Two year,No,Credit card (automatic),19.7,7.230418320329163
Yes,No,No,14,Yes,Fiber optic,No,No,No,No,Yes,Yes,Month-to-month,Yes,Electronic check,95.6,7.1501522872182335
No,No,No,41,No,No,No internet service,No internet service,No internet service,No internet service,No internet service,No internet service,Two year,Yes,Mailed check,19.85,6.698822770761891
No,Yes,Yes,23,Yes,Fiber optic,Yes,No,No,No,No,No,One year,No,Credit card (automatic),81.85,7.502103701719397
No,Yes,Yes,71,No,Fiber optic,Yes,Yes,Yes,Yes,Yes,Yes,Two year,No,Credit card (automatic),109.3,8.959806353382119
No,No,No,1,No,Fiber optic,No,No,No,No,No,No,Month-to-month,Yes,Electronic check,70.3,4.26689632742025
No,Yes,No,72,Yes,No,No internet service,No internet service,No internet service,No internet service,No internet service,No internet service,Two year,No,Mailed check,25.4,7.494485830837592
No,Yes,Yes,6,No,Fiber optic,No,No,No,No,No,No,Month-to-month,Yes,Electronic check,69.8,5.937140348377382
No,Yes,Yes,23,No,No,No internet service,No internet service,No internet service,No internet service,No internet service,No internet service,One year,Yes,Credit card (automatic),20.0,6.100991371635224
Yes,Yes,No,10,Yes,Fiber optic,No,No,No,No,No,Yes,Month-to-month,No,Electronic check,85.55,6.7484664212987555
No,No,No,72,No,Fiber optic,Yes,Yes,Yes,Yes,Yes,Yes,Two year,Yes,Electronic check,109.9,8.939213830639822
No,Yes,No,7,No,DSL,Yes,No,No,No,No,No,Month-to-month,Yes,Bank transfer (automatic),50.3,5.875211590283732
No,No,Yes,6,No,Fiber optic,No,No,Yes,No,Yes,Yes,Month-to-month,No,Mailed check,94.5,6.356888605678963
No,Yes,Yes,9,No,Fiber optic,No,Yes,No,Yes,Yes,Yes,Month-to-month,Yes,Electronic check,101.5,6.811079166716676
No,No,No,12,Yes,Fiber optic,No,Yes,No,No,No,Yes,Month-to-month,Yes,Electronic check,89.15,6.964655326114949
No,No,No,1,No,No,No internet service,No internet service,No internet service,No internet service,No internet service,No internet service,Month-to-month,Yes,Mailed check,19.4,3.0155349008501706
Yes,Yes,Yes,48,No phone service,DSL,No,Yes,No,No,No,No,One year,No,Bank transfer (automatic),29.9,7.236879153833579
No,No,No,20,No,Fiber optic,No,No,No,No,Yes,No,Month-to-month,No,Electronic check,78.8,7.403852977343515
Yes,Yes,No,16,Yes,Fiber optic,No,No,No,No,No,Yes,Month-to-month,Yes,Credit card (automatic),85.35,7.22704502417986
No,No,No,2,No,Fiber optic,No,No,No,No,Yes,No,Month-to-month,Yes,Mailed check,79.65,5.03500265054455
No,No,No,10,No,No,No internet service,No internet service,No internet service,No internet service,No internet service,No internet service,One year,Yes,Mailed check,19.3,5.226821364842967
Yes,No,No,2,No,Fiber optic,No,No,No,No,No,Yes,Month-to-month,Yes,Electronic check,79.6,5.27836972873834
No,Yes,Yes,20,Yes,Fiber optic,No,Yes,No,Yes,Yes,No,Month-to-month,No,Mailed check,96.8,7.510813624760397
No,Yes,No,20,No,No,No internet service,No internet service,No internet service,No internet service,No internet service,No internet service,One year,No,Mailed check,20.65,6.03667688992953
No,Yes,Yes,19,No,No,No internet service,No internet service,No internet service,No internet service,No internet service,No internet service,One year,No,Mailed check,19.8,5.844992643207725
Yes,No,No,19,Yes,Fiber optic,Yes,No,No,No,Yes,No,Month-to-month,Yes,Electronic check,90.6,7.415175109613295
No,Yes,No,22,No,Fiber optic,Yes,Yes,No,Yes,Yes,Yes,Month-to-month,Yes,Electronic check,104.6,7.687790912310173
No,No,No,35,Yes,Fiber optic,No,No,No,Yes,No,No,Month-to-month,No,Credit card (automatic),80.05,7.950467185685669
No,No,No,1,No,DSL,No,No,No,No,No,No,Month-to-month,No,Mailed check,45.15,3.8318969609488613
No,No,No,39,Yes,Fiber optic,No,No,No,No,No,No,Month-to-month,Yes,Credit card (automatic),73.15,7.91273431435173
Yes,Yes,No,54,No,Fiber optic,No,No,Yes,Yes,Yes,Yes,One year,Yes,Electronic check,99.1,8.601185014136982
No,No,No,1,No,No,No internet service,No internet service,No internet service,No internet service,No internet service,No internet service,Month-to-month,Yes,Bank transfer (automatic),20.2,3.054001181677967
No,Yes,No,66,Yes,Fiber optic,Yes,No,Yes,No,Yes,Yes,Two year,Yes,Credit card (automatic),106.05,8.851140815311464
No,No,No,56,Yes,Fiber optic,Yes,No,No,Yes,Yes,Yes,Month-to-month,Yes,Mailed check,105.35,8.664828405908269
No,No,Yes,18,No,DSL,No,No,No,No,No,No,Month-to-month,Yes,Credit card (automatic),45.65,6.617670321914046
No,Yes,Yes,16,Yes,Fiber optic,No,Yes,No,No,No,No,Month-to-month,Yes,Credit card (automatic),79.95,7.145945065834913
No,No,No,68,No,DSL,Yes,No,Yes,No,No,No,One year,Yes,Credit card (automatic),54.45,8.20956688164205
Yes,Yes,No,53,Yes,No,No internet service,No internet service,No internet service,No internet service,No internet service,No internet service,Two year,No,Credit card (automatic),25.1,7.151955572821957
No,Yes,Yes,72,Yes,DSL,Yes,No,Yes,Yes,Yes,Yes,Two year,No,Credit card (automatic),84.7,8.681842849299175
No,No,No,9,Yes,Fiber optic,No,No,No,No,No,No,Month-to-month,Yes,Electronic check,75.85,6.587067804916372
No,No,No,30,No,DSL,Yes,No,No,No,No,No,Month-to-month,Yes,Mailed check,48.8,7.338075588088477
No,No,No,36,Yes,Fiber optic,No,Yes,No,No,Yes,Yes,Month-to-month,Yes,Electronic check,99.15,8.19328963695088
No,No,No,18,No phone service,DSL,No,No,Yes,Yes,No,No,Month-to-month,Yes,Electronic check,35.2,6.41066818132666
Yes,Yes,Yes,55,Yes,DSL,Yes,No,Yes,Yes,Yes,No,One year,No,Electronic check,76.25,8.332200069167115
No,Yes,No,39,No phone service,DSL,Yes,No,Yes,No,Yes,Yes,Month-to-month,No,Electronic check,55.9,7.689531277768115
No,No,No,21,Yes,Fiber optic,No,Yes,No,No,No,No,Month-to-month,Yes,Electronic check,82.35,7.525019836703854
No,No,No,2,No phone service,DSL,No,Yes,Yes,Yes,No,No,Month-to-month,Yes,Credit card (automatic),40.4,4.358630056867486
Yes,No,No,33,Yes,No,No internet service,No internet service,No internet service,No internet service,No internet service,No internet service,One year,Yes,Bank transfer (automatic),24.9,6.743823587299773
No,Yes,No,44,No phone service,DSL,No,Yes,Yes,No,Yes,Yes,Two year,No,Bank transfer (automatic),54.3,7.779655155521484
No,Yes,Yes,30,No,DSL,Yes,No,No,Yes,No,Yes,Month-to-month,No,Bank transfer (automatic),66.3,7.562421472723801
No,Yes,No,71,No,No,No internet service,No internet service,No internet service,No internet service,No internet service,No internet service,Two year,Yes,Bank transfer (automatic),20.9,7.3093462255417005
No,No,No,4,Yes,Fiber optic,No,No,No,No,No,No,Month-to-month,No,Electronic check,75.35,5.826295049131593
No,No,Yes,35,No,Fiber optic,No,No,Yes,No,Yes,No,One year,Yes,Electronic check,85.15,8.016845811937873
No,Yes,No,1,No,Fiber optic,No,No,Yes,No,No,No,Month-to-month,No,Credit card (automatic),75.35,4.335328031664641
Yes,Yes,No,23,Yes,Fiber optic,No,Yes,Yes,No,Yes,Yes,Month-to-month,Yes,Electronic check,104.45,7.689760047900884
No,No,Yes,22,No phone service,DSL,No,No,Yes,No,Yes,Yes,One year,Yes,Credit card (automatic),49.45,6.939641467844459
No,No,Yes,49,No,No,No internet service,No internet service,No internet service,No internet service,No internet service,No internet service,One year,No,Credit card (automatic),19.45,6.826870550241673
No,Yes,Yes,42,No,Fiber optic,No,No,Yes,No,Yes,Yes,Month-to-month,Yes,Electronic check,92.15,8.262662166860395
No,Yes,Yes,33,No,Fiber optic,No,No,Yes,No,Yes,Yes,One year,Yes,Electronic check,93.8,8.047349549371868
No,Yes,Yes,7,No,No,No internet service,No internet service,No internet service,No internet service,No internet service,No internet service,Two year,No,Mailed check,19.85,4.977767690470639
No,Yes,Yes,67,Yes,Fiber optic,Yes,No,Yes,Yes,No,Yes,One year,Yes,Bank transfer (automatic),100.25,8.808369153122275
No,No,No,15,Yes,Fiber optic,No,Yes,No,Yes,No,Yes,Month-to-month,No,Electronic check,95.7,7.280766063536691
No,Yes,No,67,Yes,Fiber optic,No,Yes,Yes,No,No,Yes,Two year,Yes,Electronic check,93.15,8.759229151982272
No,Yes,Yes,53,No,DSL,Yes,Yes,No,Yes,Yes,No,Two year,Yes,Mailed check,69.7,8.224324357610461
No,Yes,Yes,21,No,No,No internet service,No internet service,No internet service,No internet service,No internet service,No internet service,One year,No,Mailed check,19.8,5.861071083174386
No,Yes,Yes,40,No,DSL,Yes,Yes,No,Yes,No,Yes,Month-to-month,Yes,Mailed check,71.35,7.954442494785328
No,Yes,Yes,22,No,No,No internet service,No internet service,No internet service,No internet service,No internet service,No internet service,One year,No,Bank transfer (automatic),20.75,6.116664454092065
No,No,No,39,No phone service,DSL,No,No,No,Yes,No,Yes,Month-to-month,Yes,Electronic check,40.6,7.310215878070003
No,No,No,45,No,No,No internet service,No internet service,No internet service,No internet service,No internet service,No internet service,One year,Yes,Electronic check,20.4,6.836742511735718
No,Yes,No,2,No,No,No internet service,No internet service,No internet service,No internet service,No internet service,No internet service,Month-to-month,No,Mailed check,20.35,3.7577056450437887
No,Yes,Yes,57,No,No,No internet service,No internet service,No internet service,No internet service,No internet service,No internet service,Two year,No,Bank transfer (automatic),19.75,7.1491708750837955
No,Yes,Yes,8,No,DSL,No,No,No,No,Yes,No,Month-to-month,Yes,Electronic check,54.4,6.1656279162004735
Yes,Yes,No,7,Yes,Fiber optic,Yes,Yes,No,No,No,Yes,Month-to-month,Yes,Credit card (automatic),94.7,6.513378467859393
No,No,No,6,No phone service,DSL,No,Yes,No,No,No,No,Month-to-month,Yes,Credit card (automatic),30.5,5.345677937907874
No,Yes,Yes,7,No,No,No internet service,No internet service,No internet service,No internet service,No internet service,No internet service,Month-to-month,No,Mailed check,20.45,5.022234429939608
No,No,No,49,Yes,DSL,No,No,No,Yes,Yes,No,Two year,Yes,Bank transfer (automatic),66.15,8.070906088787819
No,No,No,65,Yes,Fiber optic,Yes,Yes,No,Yes,No,No,One year,Yes,Electronic check,89.85,8.673453073882332
No,No,No,55,No,DSL,No,No,No,No,No,No,One year,No,Bank transfer (automatic),45.05,7.809378973812888
No,Yes,Yes,71,Yes,DSL,Yes,Yes,Yes,Yes,Yes,Yes,Two year,No,Bank transfer (automatic),86.85,8.742701943436728
No,No,No,35,Yes,Fiber optic,Yes,Yes,Yes,Yes,No,No,Month-to-month,Yes,Mailed check,96.75,8.132823991602805
Yes,No,No,3,Yes,Fiber optic,No,No,No,No,No,No,Month-to-month,Yes,Electronic check,77.0,5.47541697936084
No,No,Yes,11,No,No,No internet service,No internet service,No internet service,No internet service,No internet service,No internet service,Month-to-month,No,Credit card (automatic),20.1,5.404252716956705
No,No,No,1,No,Fiber optic,No,No,Yes,No,No,No,Month-to-month,No,Electronic check,75.3,4.334672938290411
No,No,No,17,Yes,Fiber optic,Yes,Yes,Yes,Yes,Yes,No,Month-to-month,Yes,Bank transfer (automatic),106.65,7.422433472063617
No,Yes,No,72,Yes,Fiber optic,Yes,No,Yes,Yes,Yes,Yes,Two year,Yes,Credit card (automatic),110.15,8.972362331703517
No,Yes,Yes,28,No,Fiber optic,Yes,No,No,No,No,Yes,One year,Yes,Bank transfer (automatic),82.85,7.750098025903935
No,Yes,No,18,No,No,No internet service,No internet service,No internet service,No internet service,No internet service,No internet service,Two year,No,Mailed check,20.1,5.917548864157814
Yes,Yes,No,40,No,Fiber optic,No,Yes,No,Yes,Yes,Yes,One year,Yes,Credit card (automatic),99.2,8.309726119487035
No,No,No,52,No,DSL,No,No,Yes,No,No,Yes,Month-to-month,Yes,Electronic check,59.45,8.021157653122883
No,Yes,No,47,No,DSL,No,Yes,No,No,Yes,No,Month-to-month,Yes,Bank transfer (automatic),58.6,7.910003499367163
No,No,No,23,No,DSL,No,No,Yes,No,No,No,Month-to-month,No,Credit card (automatic),49.7,6.98679748632209
No,Yes,Yes,66,No,DSL,Yes,Yes,Yes,Yes,No,No,Two year,No,Mailed check,65.85,8.318266529798107
No,No,No,8,Yes,Fiber optic,No,No,No,No,No,No,Month-to-month,Yes,Electronic check,73.5,6.450786328006857
Yes,No,No,47,No,Fiber optic,Yes,No,No,No,No,Yes,Month-to-month,No,Mailed check,85.5,8.304816469212922
No,No,No,7,No,No,No internet service,No internet service,No internet service,No internet service,No internet service,No internet service,Month-to-month,No,Mailed check,20.05,5.111083765393062
No,Yes,Yes,71,Yes,Fiber optic,Yes,Yes,Yes,Yes,Yes,Yes,Two year,No,Credit card (automatic),113.65,9.007954873746483
Yes,No,No,50,Yes,Fiber optic,Yes,Yes,No,No,No,No,Month-to-month,Yes,Electronic check,83.4,8.322321206443823
No,Yes,No,46,No,DSL,Yes,Yes,Yes,Yes,No,No,Two year,No,Mailed check,65.65,8.022290128194062
No,No,No,1,No,Fiber optic,No,No,No,No,No,No,Month-to-month,No,Electronic check,70.4,4.268297869345539
No,No,No,66,No phone service,DSL,Yes,No,Yes,Yes,Yes,Yes,Two year,Yes,Bank transfer (automatic),61.35,8.341505581258323
No,Yes,No,42,Yes,Fiber optic,No,No,Yes,Yes,No,No,Month-to-month,Yes,Credit card (automatic),85.9,8.224364564811577
No,No,No,5,No,Fiber optic,No,No,No,Yes,No,No,Month-to-month,Yes,Mailed check,75.65,5.992588914769692
No,Yes,Yes,7,No,DSL,Yes,No,No,No,No,No,One year,Yes,Electronic check,49.75,5.806038175360548
No,No,No,29,Yes,DSL,No,Yes,Yes,No,No,Yes,One year,No,Credit card (automatic),70.9,7.583552821206969
No,Yes,Yes,27,No,DSL,No,Yes,No,No,No,No,Month-to-month,No,Mailed check,49.85,7.198295762282399
Yes,No,No,15,No,Fiber optic,No,Yes,No,No,No,No,Month-to-month,Yes,Credit card (automatic),75.3,7.046168486135763
No,Yes,Yes,25,No,No,No internet service,No internet service,No internet service,No internet service,No internet service,No internet service,Two year,No,Mailed check,20.1,6.188366787216965
No,Yes,No,11,Yes,Fiber optic,No,No,No,No,Yes,Yes,Month-to-month,Yes,Electronic check,94.0,6.984623723238714
No,Yes,No,57,Yes,Fiber optic,Yes,Yes,Yes,Yes,Yes,No,Month-to-month,Yes,Electronic check,103.05,8.687231281043342
No,No,No,67,Yes,Fiber optic,Yes,Yes,Yes,Yes,Yes,Yes,One year,Yes,Bank transfer (automatic),118.35,8.962539051214572
Yes,Yes,No,47,Yes,Fiber optic,No,No,Yes,No,Yes,Yes,Month-to-month,No,Electronic check,99.7,8.465520877841568
No,No,No,13,No,Fiber optic,No,No,No,No,Yes,No,Month-to-month,Yes,Mailed check,81.9,6.937216989131756
No,No,No,8,No phone service,DSL,Yes,No,No,No,No,No,Month-to-month,Yes,Electronic check,30.45,5.426930434016013
No,Yes,No,44,Yes,Fiber optic,No,No,No,No,Yes,Yes,Month-to-month,Yes,Electronic check,96.1,8.38139637751873
No,Yes,Yes,71,Yes,DSL,Yes,No,No,No,Yes,No,One year,Yes,Electronic check,66.2,8.45394450475109
Yes,Yes,No,24,Yes,Fiber optic,No,Yes,Yes,No,Yes,Yes,Month-to-month,Yes,Electronic check,104.25,7.79766096691158
Yes,No,No,15,Yes,Fiber optic,No,Yes,No,No,No,No,Month-to-month,Yes,Electronic check,80.2,7.1051706817236155
No,No,No,1,No,No,No internet service,No internet service,No internet service,No internet service,No internet service,No internet service,Month-to-month,No,Electronic check,19.75,3.0325462466767075
Yes,No,No,2,Yes,Fiber optic,No,No,No,No,No,No,Month-to-month,Yes,Mailed check,72.6,5.045358730154642
Yes,No,No,55,Yes,Fiber optic,Yes,Yes,Yes,Yes,Yes,Yes,Month-to-month,Yes,Electronic check,116.5,8.761479647923393
Yes,No,No,71,Yes,Fiber optic,No,Yes,No,Yes,Yes,Yes,Two year,Yes,Electronic check,106.8,8.939082677938543
No,Yes,Yes,50,Yes,No,No internet service,No internet service,No internet service,No internet service,No internet service,No internet service,Two year,No,Mailed check,24.95,7.140809556404862
No,No,No,1,No,Fiber optic,No,No,No,No,Yes,Yes,Month-to-month,Yes,Electronic check,89.25,4.502583597212991
No,No,No,5,No,No,No internet service,No internet service,No internet service,No internet service,No internet service,No internet service,Month-to-month,Yes,Mailed check,19.25,4.466482666214198
No,No,No,66,Yes,Fiber optic,Yes,Yes,Yes,Yes,Yes,No,One year,Yes,Bank transfer (automatic),104.55,8.821739755538518
No,Yes,Yes,49,No,DSL,Yes,Yes,Yes,Yes,Yes,Yes,One year,Yes,Mailed check,87.2,8.377011160816375
Yes,Yes,No,3,No phone service,DSL,No,Yes,No,No,No,No,Month-to-month,Yes,Electronic check,30.75,4.429029488269218
No,Yes,Yes,66,Yes,No,No internet service,No internet service,No internet service,No internet service,No internet service,No internet service,One year,Yes,Credit card (automatic),25.7,7.447489007895335
No,No,Yes,11,Yes,Fiber optic,No,No,No,No,No,Yes,Month-to-month,No,Electronic check,86.2,6.79592946379988
No,No,No,28,No phone service,DSL,No,No,No,Yes,No,No,Month-to-month,Yes,Credit card (automatic),30.1,6.6993155940331235
No,Yes,No,65,Yes,Fiber optic,Yes,Yes,Yes,No,Yes,No,Two year,Yes,Electronic check,99.35,8.755981719355022
No,No,No,62,No,No,No internet service,No internet service,No internet service,No internet service,No internet service,No internet service,Two year,Yes,Credit card (automatic),19.2,7.025227155122308
No,Yes,No,2,No,No,No internet service,No internet service,No internet service,No internet service,No internet service,No internet service,Month-to-month,No,Bank transfer (automatic),20.1,3.787592927049969
No,No,No,2,No,No,No internet service,No internet service,No internet service,No internet service,No internet service,No internet service,Month-to-month,No,Credit card (automatic),20.35,3.586292865338835
No,Yes,Yes,55,Yes,No,No internet service,No internet service,No internet service,No internet service,No internet service,No internet service,Two year,Yes,Credit card (automatic),25.65,7.236339342754344
Yes,Yes,No,41,No,Fiber optic,No,Yes,No,No,Yes,Yes,Month-to-month,Yes,Electronic check,94.55,8.256464588524715
No,Yes,Yes,17,Yes,Fiber optic,Yes,No,Yes,No,Yes,Yes,Month-to-month,Yes,Electronic check,104.2,7.464223260626829
No,No,No,30,No,Fiber optic,No,No,No,Yes,Yes,Yes,One year,Yes,Bank transfer (automatic),94.4,7.8781932289267385
No,No,No,17,No,DSL,Yes,Yes,No,No,No,No,One year,No,Mailed check,56.1,6.854301758248047
No,Yes,Yes,16,No,DSL,Yes,Yes,No,Yes,No,Yes,Two year,No,Bank transfer (automatic),68.25,7.01737172530546
No,No,No,72,Yes,No,No internet service,No internet service,No internet service,No internet service,No internet service,No internet service,Two year,No,Bank transfer (automatic),24.75,7.48358181696554
No,No,No,9,Yes,Fiber optic,No,No,No,No,No,No,Month-to-month,Yes,Electronic check,76.25,6.530658944924416
No,No,No,1,No,Fiber optic,No,Yes,No,No,No,No,Month-to-month,No,Electronic check,74.35,4.3221439250725044
No,No,Yes,23,No,DSL,No,Yes,No,Yes,No,No,Month-to-month,No,Electronic check,54.15,7.180412542165808
No,No,Yes,8,No,No,No internet service,No internet service,No internet service,No internet service,No internet service,No internet service,Month-to-month,No,Bank transfer (automatic),19.45,5.076423034634259
No,Yes,Yes,19,No phone service,DSL,Yes,Yes,No,No,No,No,Month-to-month,Yes,Mailed check,34.95,6.415424237852311
No,No,No,7,Yes,DSL,Yes,No,No,No,No,No,Month-to-month,Yes,Electronic check,53.65,6.004750891433717
Yes,No,No,1,No,Fiber optic,No,No,No,No,No,No,Month-to-month,Yes,Electronic check,69.65,4.257738109130536
No,No,No,61,Yes,Fiber optic,Yes,No,Yes,No,Yes,Yes,One year,No,Electronic check,104.0,8.758483097202955
No,Yes,No,57,No,DSL,Yes,Yes,No,Yes,Yes,No,Two year,Yes,Credit card (automatic),70.35,8.324978862112602
No,No,No,9,No,Fiber optic,No,No,No,No,No,Yes,Month-to-month,Yes,Electronic check,80.8,6.5710230085550645
No,No,Yes,15,No,DSL,Yes,No,Yes,No,No,Yes,One year,No,Mailed check,64.85,6.858302395262607
No,No,No,1,No,No,No internet service,No internet service,No internet service,No internet service,No internet service,No internet service,Month-to-month,No,Mailed check,19.65,3.027715319407042
No,Yes,No,12,No,DSL,No,No,No,No,No,No,Month-to-month,No,Bank transfer (automatic),45.9,6.228412379398589
No,No,No,54,No,No,No internet service,No internet service,No internet service,No internet service,No internet service,No internet service,Two year,No,Mailed check,20.0,7.048082279073415
No,Yes,Yes,4,No,DSL,No,No,No,No,No,No,Month-to-month,No,Electronic check,44.8,5.139614675352716
No,No,No,7,No,Fiber optic,No,No,No,No,Yes,No,Month-to-month,Yes,Mailed check,80.3,6.268527940411622
No,Yes,No,20,No,No,No internet service,No internet service,No internet service,No internet service,No internet service,No internet service,One year,No,Mailed check,20.35,5.976731547505917
No,No,Yes,26,No phone service,DSL,Yes,No,No,Yes,No,Yes,Month-to-month,No,Mailed check,45.8,7.045776576879511
Yes,Yes,No,36,Yes,Fiber optic,No,No,No,No,No,Yes,Month-to-month,Yes,Electronic check,84.1,8.01387266713602
No,Yes,No,53,Yes,Fiber optic,No,Yes,Yes,Yes,Yes,Yes,One year,Yes,Bank transfer (automatic),108.95,8.651584214452642
No,No,No,3,No,DSL,No,No,No,Yes,Yes,Yes,Month-to-month,Yes,Electronic check,69.35,5.259316629198304
No,No,No,68,No phone service,DSL,Yes,Yes,Yes,Yes,Yes,Yes,Two year,No,Credit card (automatic),64.35,8.420814440893524
No,Yes,Yes,72,Yes,DSL,Yes,Yes,Yes,Yes,Yes,Yes,Two year,Yes,Credit card (automatic),90.8,8.763834495418493
No,No,No,12,Yes,No,No internet service,No internet service,No internet service,No internet service,No internet service,No internet service,One year,No,Credit card (automatic),24.95,5.639777144680289
Yes,Yes,Yes,34,Yes,Fiber optic,No,Yes,No,No,No,No,Month-to-month,Yes,Mailed check,79.6,7.908129773227916
No,Yes,No,68,Yes,Fiber optic,Yes,Yes,No,No,No,No,Two year,Yes,Bank transfer (automatic),84.7,8.65033325748251
No,No,Yes,50,No,DSL,Yes,No,Yes,Yes,Yes,No,One year,Yes,Credit card (automatic),70.8,8.154543290060365
Yes,No,No,1,No phone service,DSL,No,No,No,No,Yes,No,Month-to-month,Yes,Electronic check,36.45,3.6230067099632284
Yes,No,No,41,Yes,Fiber optic,No,Yes,Yes,No,Yes,Yes,Month-to-month,Yes,Electronic check,104.4,8.327230515486256
Yes,Yes,No,30,Yes,Fiber optic,No,No,No,Yes,Yes,Yes,Month-to-month,Yes,Electronic check,101.5,7.9788764595883075
No,No,No,1,Yes,DSL,No,Yes,No,No,No,No,Month-to-month,No,Electronic check,54.3,4.012772908528289
Yes,Yes,Yes,29,Yes,Fiber optic,No,No,Yes,No,Yes,Yes,Month-to-month,Yes,Electronic check,103.95,7.994902089540969
No,Yes,Yes,23,Yes,DSL,Yes,Yes,Yes,Yes,Yes,Yes,Two year,Yes,Credit card (automatic),91.1,7.695894406897651
No,No,Yes,60,No,No,No internet service,No internet service,No internet service,No internet service,No internet service,No internet service,Two year,No,Mailed check,19.95,7.082464602773951
No,Yes,No,72,Yes,No,No internet service,No internet service,No internet service,No internet service,No internet service,No internet service,Two year,No,Credit card (automatic),26.45,7.557733964140704
No,No,Yes,22,No,Fiber optic,No,Yes,Yes,No,Yes,No,Month-to-month,Yes,Electronic check,89.4,7.602151678942514
No,No,No,72,No,DSL,Yes,Yes,Yes,Yes,Yes,No,Two year,Yes,Bank transfer (automatic),75.1,8.582484554097485
Yes,No,No,66,Yes,Fiber optic,No,Yes,Yes,No,Yes,Yes,One year,No,Bank transfer (automatic),108.1,8.887321235234717
No,Yes,No,72,Yes,Fiber optic,No,Yes,Yes,Yes,Yes,Yes,Two year,Yes,Electronic check,110.15,8.987171820349468
Yes,Yes,No,47,Yes,Fiber optic,Yes,No,No,No,No,No,Month-to-month,No,Electronic check,80.35,8.249797289465494
No,No,No,51,Yes,Fiber optic,No,Yes,Yes,Yes,Yes,Yes,One year,Yes,Electronic check,111.5,8.64896679002568
No,Yes,Yes,70,Yes,Fiber optic,No,Yes,Yes,No,Yes,Yes,One year,Yes,Electronic check,106.5,8.908964972392399
No,No,No,9,No,No,No internet service,No internet service,No internet service,No internet service,No internet service,No internet service,One year,Yes,Electronic check,19.9,5.109575241951159
No,Yes,Yes,59,Yes,Fiber optic,Yes,Yes,No,Yes,Yes,Yes,Two year,Yes,Mailed check,111.1,8.788166445804755
No,No,Yes,3,No,DSL,No,No,No,Yes,Yes,Yes,Month-to-month,No,Mailed check,70.7,5.4234069773868585
Yes,Yes,No,38,No phone service,DSL,No,No,No,No,No,No,Month-to-month,Yes,Electronic check,24.85,6.863542124305812
No,No,No,37,Yes,Fiber optic,Yes,Yes,Yes,No,No,No,Month-to-month,No,Bank transfer (automatic),91.2,8.12660684353654
No,No,No,37,No,DSL,Yes,Yes,Yes,Yes,No,No,Two year,No,Bank transfer (automatic),65.6,7.747078569699684
Yes,Yes,No,24,No phone service,DSL,No,No,Yes,No,No,Yes,Month-to-month,Yes,Credit card (automatic),40.65,6.83979758579891
No,Yes,Yes,14,No,DSL,Yes,Yes,No,Yes,No,No,Month-to-month,No,Bank transfer (automatic),59.45,6.66166290628952
No,Yes,No,72,Yes,Fiber optic,Yes,Yes,No,Yes,Yes,Yes,Two year,Yes,Credit card (automatic),109.95,8.968701838025728
No,Yes,No,53,No phone service,DSL,No,Yes,Yes,Yes,Yes,Yes,One year,Yes,Electronic check,60.45,8.06628605786149
No,Yes,No,8,Yes,Fiber optic,No,No,No,No,No,Yes,Month-to-month,Yes,Electronic check,84.9,6.6411168934587055
No,Yes,Yes,72,No phone service,DSL,Yes,Yes,Yes,No,No,No,Two year,No,Credit card (automatic),38.5,7.92443418488756
Yes,Yes,No,17,Yes,Fiber optic,No,No,No,No,Yes,Yes,Month-to-month,Yes,Electronic check,92.55,7.387523578282785
No,Yes,Yes,2,No,Fiber optic,No,Yes,No,No,No,No,Month-to-month,Yes,Bank transfer (automatic),73.55,4.986342601527212
No,Yes,No,8,No,No,No internet service,No internet service,No internet service,No internet service,No internet service,No internet service,Month-to-month,No,Bank transfer (automatic),20.15,5.05783689558055
No,Yes,No,48,No phone service,DSL,No,Yes,Yes,No,No,No,One year,No,Mailed check,34.7,7.381190513529568
No,No,No,10,Yes,No,No internet service,No internet service,No internet service,No internet service,No internet service,No internet service,Month-to-month,Yes,Mailed check,24.5,5.602672173287069
No,No,No,1,No,No,No internet service,No internet service,No internet service,No internet service,No internet service,No internet service,Month-to-month,No,Mailed check,20.6,3.0726933146901194
No,No,No,29,No,DSL,Yes,No,Yes,Yes,No,No,One year,No,Credit card (automatic),58.0,7.4590508353018405
Yes,Yes,Yes,65,Yes,Fiber optic,No,Yes,Yes,No,Yes,Yes,One year,Yes,Electronic check,107.45,8.86057010721098
No,No,No,8,Yes,DSL,Yes,Yes,Yes,No,No,No,Month-to-month,Yes,Bank transfer (automatic),65.5,6.3528906862221985
No,Yes,No,61,Yes,No,No internet service,No internet service,No internet service,No internet service,No internet service,No internet service,Two year,No,Bank transfer (automatic),25.45,7.339277921409591
Yes,No,No,45,Yes,Fiber optic,No,No,Yes,No,Yes,Yes,One year,Yes,Bank transfer (automatic),100.15,8.40308340112615
No,Yes,Yes,72,Yes,Fiber optic,No,Yes,Yes,No,Yes,Yes,One year,Yes,Credit card (automatic),104.45,8.917310693197807
No,Yes,Yes,12,No,No,No internet service,No internet service,No internet service,No internet service,No internet service,No internet service,Month-to-month,Yes,Electronic check,21.15,5.727010600775408
No,No,No,7,Yes,Fiber optic,No,No,No,No,Yes,Yes,Month-to-month,No,Electronic check,96.2,6.462561328644976
No,No,No,9,No,DSL,No,No,No,No,No,No,Month-to-month,Yes,Mailed check,44.4,5.8555016292920445
Yes,Yes,No,43,Yes,Fiber optic,No,No,Yes,Yes,Yes,Yes,One year,Yes,Electronic check,107.55,8.419558311589467
No,Yes,Yes,58,Yes,Fiber optic,No,No,Yes,Yes,No,Yes,Two year,No,Bank transfer (automatic),94.35,8.62418936865003
Yes,Yes,No,16,Yes,Fiber optic,No,No,Yes,No,Yes,Yes,Month-to-month,Yes,Electronic check,98.75,7.370576929449647
No,Yes,Yes,2,No,No,No internet service,No internet service,No internet service,No internet service,No internet service,No internet service,Month-to-month,No,Mailed check,20.3,3.71965111278069
No,Yes,No,8,No,Fiber optic,No,Yes,Yes,No,Yes,Yes,Month-to-month,No,Electronic check,101.15,6.738034004163921
No,Yes,No,40,Yes,Fiber optic,Yes,No,Yes,No,Yes,Yes,One year,No,Bank transfer (automatic),105.75,8.34985088340253
No,No,No,9,Yes,Fiber optic,Yes,No,No,No,No,No,Month-to-month,Yes,Electronic check,81.15,6.6662568019459485
No,No,No,41,No,Fiber optic,No,Yes,No,Yes,Yes,No,One year,Yes,Electronic check,89.55,8.224364564811577
No,No,No,26,No,DSL,No,Yes,Yes,No,No,No,Month-to-month,Yes,Credit card (automatic),54.75,7.249854511468482
No,Yes,No,33,No,DSL,No,Yes,No,Yes,No,No,One year,Yes,Credit card (automatic),53.75,7.527417370279605
No,Yes,Yes,68,No,Fiber optic,No,Yes,Yes,Yes,Yes,Yes,One year,No,Credit card (automatic),105.75,8.898843634758363
Yes,Yes,No,65,No,Fiber optic,No,Yes,Yes,Yes,Yes,Yes,Two year,Yes,Credit card (automatic),105.85,8.813810227925597
No,No,No,55,No,DSL,No,Yes,No,Yes,No,Yes,One year,Yes,Electronic check,64.2,8.196519498003813
No,No,No,20,Yes,Fiber optic,No,No,Yes,No,Yes,No,Month-to-month,Yes,Electronic check,88.7,7.474460165489695
No,No,No,19,No,Fiber optic,No,No,No,Yes,No,Yes,One year,Yes,Credit card (automatic),87.7,7.454112125787783
No,No,No,45,Yes,Fiber optic,No,No,Yes,No,No,Yes,Month-to-month,Yes,Credit card (automatic),89.3,8.341207520439788
No,Yes,Yes,70,No,No,No internet service,No internet service,No internet service,No internet service,No internet service,No internet service,Two year,Yes,Credit card (automatic),20.15,7.252904051082247
No,No,No,2,No,Fiber optic,No,No,No,No,Yes,No,Month-to-month,Yes,Electronic check,79.75,5.1089711948171175
No,No,No,27,Yes,Fiber optic,No,No,No,No,Yes,Yes,Month-to-month,Yes,Mailed check,94.55,7.910443866346757
No,Yes,No,12,No,No,No internet service,No internet service,No internet service,No internet service,No internet service,No internet service,Two year,Yes,Electronic check,20.05,5.581803146868408
No,No,Yes,72,No phone service,DSL,Yes,Yes,Yes,Yes,Yes,Yes,Two year,No,Credit card (automatic),67.2,8.449492342051977
No,No,No,12,Yes,Fiber optic,No,No,No,No,Yes,Yes,Month-to-month,No,Electronic check,94.55,7.068640374499775
Yes,No,No,5,No,Fiber optic,No,No,No,No,No,No,Month-to-month,Yes,Mailed check,69.05,5.766757273817589
Yes,Yes,No,71,Yes,Fiber optic,Yes,Yes,Yes,No,Yes,Yes,Month-to-month,Yes,Electronic check,107.5,8.950863435163523
Yes,No,No,35,No,DSL,No,No,Yes,Yes,Yes,Yes,One year,Yes,Electronic check,73.0,7.8128839461501
No,Yes,Yes,70,Yes,Fiber optic,Yes,Yes,Yes,Yes,Yes,Yes,Two year,No,Credit card (automatic),114.75,8.967414943150516
No,No,No,31,Yes,Fiber optic,No,No,No,No,No,No,Month-to-month,Yes,Electronic check,76.05,7.709218603025541
No,Yes,Yes,52,Yes,Fiber optic,No,No,Yes,Yes,No,Yes,Two year,Yes,Bank transfer (automatic),96.25,8.515441658377432
Yes,No,No,37,Yes,Fiber optic,No,No,Yes,No,Yes,Yes,Month-to-month,Yes,Electronic check,101.1,8.228190246997041
No,No,No,69,Yes,Fiber optic,No,Yes,No,Yes,Yes,Yes,One year,Yes,Bank transfer (automatic),104.7,8.884797195017596
Yes,Yes,No,30,Yes,Fiber optic,No,No,No,No,No,No,Month-to-month,No,Mailed check,77.9,7.763212617248543
No,No,No,33,Yes,Fiber optic,Yes,No,No,No,No,Yes,Month-to-month,Yes,Electronic check,90.65,8.003229315149744
Yes,Yes,No,54,Yes,Fiber optic,No,Yes,Yes,Yes,Yes,Yes,Two year,Yes,Electronic check,110.45,8.712554361717995
No,No,No,59,Yes,DSL,Yes,No,No,Yes,No,Yes,One year,No,Bank transfer (automatic),68.7,8.311877279176583
Yes,No,No,55,No phone service,DSL,Yes,Yes,No,No,Yes,No,Month-to-month,Yes,Electronic check,44.85,7.816034000246114
Yes,Yes,No,69,No phone service,DSL,No,No,Yes,No,No,No,One year,Yes,Credit card (automatic),29.8,7.6663624310138685
No,No,No,66,Yes,Fiber optic,No,Yes,No,No,Yes,No,One year,Yes,Bank transfer (automatic),88.9,8.699698064740023
No,Yes,Yes,37,No,DSL,Yes,No,Yes,Yes,No,No,One year,Yes,Mailed check,58.75,7.698074541294341
Yes,Yes,No,9,No,No,No internet service,No internet service,No internet service,No internet service,No internet service,No internet service,One year,No,Credit card (automatic),19.85,5.2157506428910745
No,Yes,Yes,69,Yes,DSL,Yes,No,Yes,Yes,Yes,Yes,Two year,No,Bank transfer (automatic),86.9,8.731513935983001
No,No,No,10,No,DSL,No,Yes,No,No,Yes,No,Month-to-month,Yes,Mailed check,59.65,6.4613900483018005
No,No,Yes,40,No,DSL,Yes,Yes,No,No,No,No,Month-to-month,Yes,Mailed check,55.25,7.668654561592901
No,No,Yes,13,No,DSL,No,No,No,No,Yes,Yes,Month-to-month,No,Credit card (automatic),66.4,6.724733477073789
No,No,No,6,Yes,Fiber optic,No,Yes,No,No,Yes,No,Month-to-month,Yes,Electronic check,90.1,6.258242135442253
No,Yes,Yes,69,No,No,No internet service,No internet service,No internet service,No internet service,No internet service,No internet service,Two year,No,Bank transfer (automatic),20.15,7.199304862960407
Yes,Yes,No,66,Yes,Fiber optic,No,Yes,Yes,Yes,Yes,Yes,One year,Yes,Credit card (automatic),108.1,8.87946544117072
No,No,No,11,Yes,DSL,No,No,Yes,No,No,No,Month-to-month,No,Electronic check,53.75,6.411818267709897
No,Yes,Yes,46,No,DSL,Yes,No,Yes,Yes,No,No,One year,No,Mailed check,56.9,7.84819213268437
No,No,No,6,No,Fiber optic,No,No,No,No,Yes,Yes,Month-to-month,No,Electronic check,89.3,6.360611392542035
No,Yes,Yes,56,Yes,Fiber optic,Yes,No,Yes,Yes,Yes,Yes,Month-to-month,Yes,Mailed check,109.6,8.691818541575723
No,Yes,Yes,70,Yes,No,No internet service,No internet service,No internet service,No internet service,No internet service,No internet service,Two year,No,Credit card (automatic),25.15,7.490613150647503
No,Yes,Yes,33,Yes,DSL,No,No,Yes,Yes,Yes,Yes,One year,Yes,Electronic check,79.15,7.836922748669972
No,Yes,Yes,72,Yes,DSL,Yes,Yes,No,Yes,No,No,Two year,No,Credit card (automatic),66.75,8.468276019181623
No,Yes,No,3,Yes,Fiber optic,No,No,No,No,Yes,Yes,Month-to-month,Yes,Electronic check,95.2,5.68306943305866
No,No,Yes,19,No,DSL,No,No,No,Yes,No,No,Month-to-month,No,Mailed check,48.8,6.861344781159474
Yes,No,No,5,No phone service,DSL,No,No,No,No,Yes,Yes,Month-to-month,No,Electronic check,45.7,5.293304824724492
No,Yes,No,71,No,DSL,No,Yes,Yes,Yes,Yes,Yes,Two year,Yes,Credit card (automatic),80.7,8.649282294440976
No,Yes,No,8,No,Fiber optic,Yes,No,No,No,No,No,Month-to-month,Yes,Electronic check,74.5,6.414933279655721
No,No,No,1,No,No,No internet service,No internet service,No internet service,No internet service,No internet service,No internet service,Month-to-month,No,Credit card (automatic),20.55,3.070375816549757
No,No,No,1,No,Fiber optic,No,No,No,No,Yes,No,Month-to-month,Yes,Electronic check,79.65,4.390118804571218
No,No,No,61,Yes,Fiber optic,Yes,Yes,Yes,Yes,Yes,Yes,One year,Yes,Mailed check,115.1,8.852900850107938
No,Yes,Yes,71,No phone service,DSL,Yes,Yes,No,Yes,Yes,Yes,Two year,No,Bank transfer (automatic),59.7,8.324493972476102
No,Yes,No,68,Yes,Fiber optic,No,Yes,Yes,No,No,No,One year,No,Credit card (automatic),86.45,8.659378282550213
No,No,No,46,No phone service,DSL,No,No,Yes,Yes,No,No,One year,No,Credit card (automatic),33.7,7.338790663201832
No,No,No,33,Yes,Fiber optic,Yes,No,No,No,No,No,One year,No,Bank transfer (automatic),80.1,7.864919204065872
No,Yes,Yes,53,Yes,Fiber optic,Yes,Yes,Yes,Yes,No,Yes,Two year,Yes,Bank transfer (automatic),104.05,8.624683437587189
Yes,Yes,No,50,Yes,Fiber optic,Yes,Yes,Yes,No,Yes,Yes,Month-to-month,No,Bank transfer (automatic),108.75,8.60022834034495
No,No,No,57,No phone service,DSL,Yes,No,Yes,Yes,No,No,One year,Yes,Credit card (automatic),41.1,7.722788178782065
No,Yes,Yes,54,No,No,No internet service,No internet service,No internet service,No internet service,No internet service,No internet service,Two year,Yes,Bank transfer (automatic),20.35,6.997001656496332
Yes,Yes,No,60,Yes,Fiber optic,No,Yes,Yes,No,Yes,Yes,Month-to-month,Yes,Electronic check,105.9,8.764404770064148
Yes,Yes,No,28,Yes,Fiber optic,No,No,No,Yes,Yes,Yes,Month-to-month,Yes,Credit card (automatic),101.3,7.942077904433863
No,Yes,Yes,1,No,Fiber optic,No,No,No,No,Yes,No,Month-to-month,Yes,Mailed check,80.05,4.395066248181685
No,Yes,Yes,29,Yes,Fiber optic,No,No,Yes,No,No,Yes,Month-to-month,Yes,Electronic check,89.2,7.900766282268976
No,Yes,Yes,10,No,DSL,No,Yes,No,Yes,No,Yes,Month-to-month,Yes,Electronic check,65.5,6.426326632066933
No,No,Yes,43,No phone service,DSL,Yes,Yes,Yes,No,No,No,Month-to-month,Yes,Electronic check,40.45,7.556872199035862
Yes,Yes,No,13,No,Fiber optic,No,No,No,No,No,No,Month-to-month,No,Bank transfer (automatic),70.45,6.745353989623313
No,Yes,No,43,No,DSL,Yes,No,Yes,Yes,Yes,Yes,Two year,Yes,Electronic check,78.8,8.149399520029084
No,Yes,Yes,19,Yes,Fiber optic,No,No,No,No,No,Yes,Month-to-month,Yes,Electronic check,83.65,7.290804347805969
No,Yes,Yes,1,No,Fiber optic,No,No,No,No,Yes,Yes,Month-to-month,Yes,Electronic check,90.1,4.511957804265912
No,No,No,69,No,DSL,Yes,No,Yes,Yes,Yes,Yes,Two year,Yes,Credit card (automatic),82.45,8.622687698096867
No,Yes,No,61,No,No,No internet service,No internet service,No internet service,No internet service,No internet service,No internet service,Two year,No,Credit card (automatic),20.25,7.15445909470536
No,Yes,No,43,Yes,DSL,Yes,Yes,No,Yes,No,No,Month-to-month,No,Bank transfer (automatic),66.25,7.975341189045124
No,Yes,No,6,No,No,No internet service,No internet service,No internet service,No internet service,No internet service,No internet service,Month-to-month,No,Bank transfer (automatic),19.5,4.9924713234685845
No,No,No,1,No,DSL,No,No,No,Yes,No,No,Month-to-month,No,Mailed check,51.25,3.9560398908449206
No,Yes,No,56,No,Fiber optic,No,No,No,No,Yes,Yes,Month-to-month,No,Mailed check,89.7,8.507940517144112
No,Yes,No,70,No phone service,DSL,Yes,Yes,Yes,Yes,Yes,Yes,Two year,No,Bank transfer (automatic),64.55,8.413142928113883
No,No,No,1,No,DSL,No,No,No,No,No,No,Month-to-month,Yes,Electronic check,45.6,3.8416005411316
No,Yes,Yes,49,Yes,Fiber optic,No,Yes,Yes,No,Yes,No,One year,Yes,Electronic check,93.65,8.416521665244543
No,No,No,6,No,DSL,No,No,No,Yes,No,No,Month-to-month,Yes,Bank transfer (automatic),49.65,5.592292098622838
No,Yes,Yes,32,No,DSL,Yes,Yes,Yes,Yes,No,Yes,Two year,No,Mailed check,73.6,7.748395310848131
Yes,Yes,No,72,Yes,Fiber optic,Yes,No,Yes,Yes,Yes,Yes,Two year,Yes,Mailed check,109.75,8.996695316779933
No,No,Yes,37,No,DSL,Yes,Yes,No,Yes,No,No,Two year,No,Credit card (automatic),61.45,7.742119863957441
No,Yes,No,69,No,Fiber optic,Yes,Yes,No,Yes,Yes,Yes,One year,Yes,Credit card (automatic),106.4,8.889156667870047
No,Yes,No,26,No,DSL,No,Yes,Yes,Yes,Yes,Yes,Month-to-month,No,Bank transfer (automatic),81.9,7.639906803135313
No,Yes,Yes,58,Yes,Fiber optic,No,Yes,Yes,No,Yes,Yes,One year,Yes,Credit card (automatic),105.2,8.736553595645178
No,No,No,24,Yes,DSL,No,No,No,Yes,No,No,One year,No,Bank transfer (automatic),54.6,7.125484197594848
No,Yes,Yes,5,No,No,No internet service,No internet service,No internet service,No internet service,No internet service,No internet service,One year,No,Electronic check,20.55,4.609660091260944
No,Yes,Yes,15,No,No,No internet service,No internet service,No internet service,No internet service,No internet service,No internet service,Month-to-month,Yes,Electronic check,20.0,5.666599683528485
No,Yes,Yes,30,No,No,No internet service,No internet service,No internet service,No internet service,No internet service,No internet service,Two year,No,Mailed check,19.7,6.397346235101363
No,Yes,No,55,Yes,DSL,Yes,Yes,No,Yes,No,No,One year,Yes,Credit card (automatic),66.05,8.149919420682004
No,Yes,No,25,No phone service,DSL,No,No,No,No,Yes,No,Month-to-month,Yes,Bank transfer (automatic),34.0,6.74993119378857
Yes,Yes,No,10,No,Fiber optic,No,Yes,Yes,Yes,Yes,No,Month-to-month,Yes,Mailed check,92.5,6.8406534754414015
No,Yes,Yes,44,No phone service,DSL,Yes,Yes,Yes,Yes,No,Yes,Two year,Yes,Credit card (automatic),54.05,7.773257852024187
No,No,No,47,No,DSL,Yes,Yes,No,Yes,No,No,One year,Yes,Mailed check,58.9,7.942380005817831
No,Yes,Yes,13,No,Fiber optic,No,No,No,No,Yes,Yes,Month-to-month,No,Electronic check,88.35,7.10971605102844
No,Yes,Yes,49,Yes,Fiber optic,No,Yes,Yes,Yes,Yes,Yes,Two year,Yes,Bank transfer (automatic),107.95,8.574367160690755
No,Yes,No,64,No,Fiber optic,Yes,No,No,Yes,Yes,Yes,One year,Yes,Mailed check,96.9,8.750738456843377
No,No,No,1,No,No,No internet service,No internet service,No internet service,No internet service,No internet service,No internet service,Month-to-month,No,Mailed check,19.1,3.0007198150650303
No,No,No,20,No,DSL,No,No,No,Yes,No,No,Month-to-month,No,Mailed check,50.0,6.911797099808469
No,Yes,No,37,No phone service,DSL,Yes,No,No,Yes,Yes,No,Two year,No,Electronic check,45.4,7.374064592639601
No,Yes,Yes,30,Yes,Fiber optic,No,No,No,No,Yes,No,Month-to-month,No,Electronic check,85.45,7.828416446573827
No,No,No,38,Yes,DSL,Yes,Yes,Yes,No,Yes,Yes,One year,No,Bank transfer (automatic),84.1,8.067352908713396
Yes,No,No,1,Yes,Fiber optic,No,No,No,No,No,No,Month-to-month,Yes,Mailed check,74.45,4.323470185213858
No,No,No,37,No,DSL,No,No,No,No,Yes,Yes,Month-to-month,Yes,Electronic check,64.75,7.7605522770716195
No,Yes,No,52,No phone service,DSL,Yes,Yes,Yes,Yes,Yes,Yes,Two year,No,Credit card (automatic),66.25,8.111057858757768
No,No,Yes,71,No,DSL,Yes,Yes,Yes,Yes,Yes,No,Two year,Yes,Credit card (automatic),76.9,8.616803204582302
No,No,No,26,No,Fiber optic,No,Yes,Yes,No,Yes,No,Month-to-month,No,Electronic check,89.8,7.756323760359912
No,No,No,66,Yes,DSL,Yes,Yes,Yes,No,No,Yes,Two year,Yes,Credit card (automatic),74.6,8.476246189082831
No,Yes,No,72,Yes,Fiber optic,Yes,Yes,Yes,Yes,Yes,Yes,Two year,Yes,Credit card (automatic),116.95,9.05898245541934
No,No,Yes,25,No phone service,DSL,Yes,No,No,No,Yes,No,One year,Yes,Credit card (automatic),40.65,6.878892734297036
No,Yes,Yes,69,Yes,Fiber optic,Yes,Yes,Yes,Yes,Yes,Yes,Two year,Yes,Bank transfer (automatic),114.35,8.944654597396298
No,Yes,Yes,53,Yes,DSL,Yes,Yes,No,No,No,Yes,Two year,No,Bank transfer (automatic),69.7,8.212581959303028
No,No,No,12,No,Fiber optic,No,No,Yes,No,Yes,Yes,One year,No,Mailed check,95.5,7.01764054251138
No,No,No,26,No,Fiber optic,No,No,Yes,Yes,Yes,Yes,Month-to-month,Yes,Electronic check,98.65,7.839131648274333
No,No,No,21,No,DSL,No,No,Yes,No,No,Yes,Month-to-month,No,Mailed check,61.65,7.24036291478691
No,No,Yes,1,No,Fiber optic,No,No,No,No,Yes,Yes,Month-to-month,Yes,Electronic check,89.35,4.503691017038237
No,No,No,48,Yes,Fiber optic,Yes,No,No,Yes,No,Yes,Month-to-month,Yes,Electronic check,95.4,8.399827568630979
No,Yes,No,26,No phone service,DSL,Yes,No,Yes,No,No,No,One year,No,Credit card (automatic),35.4,6.887144325078013
No,Yes,No,60,No,No,No internet service,No internet service,No internet service,No internet service,No internet service,No internet service,Two year,No,Mailed check,19.95,7.138192169123812
No,No,No,18,No,No,No internet service,No internet service,No internet service,No internet service,No internet service,No internet service,Month-to-month,No,Mailed check,19.25,5.806188630487591
Yes,No,No,10,No phone service,DSL,No,No,No,Yes,No,No,Month-to-month,Yes,Electronic check,29.65,5.678122727875623
No,Yes,Yes,5,Yes,Fiber optic,Yes,No,Yes,No,No,No,Month-to-month,Yes,Electronic check,84.5,6.119747817398232
No,No,Yes,4,No,No,No internet service,No internet service,No internet service,No internet service,No internet service,No internet service,One year,Yes,Mailed check,20.4,4.45143608604605
No,Yes,Yes,65,Yes,No,No internet service,No internet service,No internet service,No internet service,No internet service,No internet service,Two year,No,Credit card (automatic),24.75,7.447809553408257
No,Yes,Yes,70,Yes,No,No internet service,No internet service,No internet service,No internet service,No internet service,No internet service,Two year,No,Mailed check,25.35,7.447838688815063
No,No,No,18,Yes,Fiber optic,No,No,Yes,No,No,Yes,Month-to-month,Yes,Credit card (automatic),90.7,7.376664559646836
No,No,Yes,62,No,No,No internet service,No internet service,No internet service,No internet service,No internet service,No internet service,Two year,No,Bank transfer (automatic),20.0,7.131778443323355
No,Yes,Yes,66,No,DSL,Yes,No,No,No,Yes,No,Two year,Yes,Electronic check,59.75,8.293499488796547
No,Yes,Yes,65,Yes,DSL,Yes,Yes,No,Yes,Yes,Yes,Two year,Yes,Bank transfer (automatic),82.5,8.559505275201854
Yes,No,No,3,No,Fiber optic,No,No,No,No,No,No,Month-to-month,Yes,Electronic check,70.3,5.465948207931988
No,No,No,34,No,No,No internet service,No internet service,No internet service,No internet service,No internet service,No internet service,Month-to-month,No,Mailed check,20.35,6.51352680279996
No,Yes,Yes,16,Yes,Fiber optic,No,No,Yes,No,Yes,No,Month-to-month,Yes,Bank transfer (automatic),90.8,7.274618149308359
No,No,No,54,Yes,Fiber optic,Yes,No,Yes,No,Yes,Yes,One year,Yes,Bank transfer (automatic),103.95,8.637648209701036
Yes,No,No,50,Yes,Fiber optic,No,No,Yes,Yes,Yes,Yes,Month-to-month,Yes,Electronic check,104.95,8.560894237487332
No,Yes,No,71,No,Fiber optic,No,Yes,Yes,Yes,Yes,Yes,Two year,Yes,Electronic check,105.25,8.894635982950636
No,No,No,10,Yes,Fiber optic,No,No,No,No,No,No,Month-to-month,Yes,Electronic check,74.75,6.6854238977684854
No,No,No,1,No,DSL,No,No,No,Yes,No,No,Month-to-month,Yes,Electronic check,50.8,3.9473901492654373
No,No,No,18,Yes,No,No internet service,No internet service,No internet service,No internet service,No internet service,No internet service,One year,No,Mailed check,23.75,6.053264948013429
No,No,No,4,No,DSL,No,No,No,Yes,Yes,No,Month-to-month,Yes,Electronic check,61.3,5.523059639225943
No,Yes,Yes,58,Yes,DSL,Yes,No,Yes,Yes,Yes,No,Two year,No,Mailed check,75.8,8.39315941049279
No,Yes,No,56,Yes,Fiber optic,Yes,No,No,No,Yes,Yes,One year,Yes,Electronic check,98.0,8.570089200769734
No,No,No,2,No,Fiber optic,No,No,No,No,Yes,No,Month-to-month,Yes,Electronic check,80.25,4.980519670191632
No,Yes,No,32,Yes,Fiber optic,No,No,Yes,No,No,No,Month-to-month,Yes,Electronic check,78.9,7.803414640247219
No,Yes,Yes,56,No phone service,DSL,Yes,Yes,No,Yes,Yes,No,One year,Yes,Mailed check,52.0,7.96759208869884
No,No,No,36,Yes,Fiber optic,No,No,No,No,No,Yes,Month-to-month,Yes,Electronic check,84.75,8.023273847716606
No,No,No,4,Yes,DSL,No,No,No,Yes,Yes,No,Month-to-month,Yes,Mailed check,64.4,5.537334267018537
No,No,No,53,Yes,Fiber optic,No,No,No,No,Yes,No,Month-to-month,No,Bank transfer (automatic),85.45,8.415880029715748
No,No,No,10,No,DSL,No,No,No,No,No,No,Month-to-month,Yes,Credit card (automatic),45.8,6.080390756302384
No,No,No,4,No phone service,DSL,No,No,No,Yes,No,No,Month-to-month,No,Electronic check,30.5,4.782479200958502
No,Yes,Yes,1,No,No,No internet service,No internet service,No internet service,No internet service,No internet service,No internet service,Month-to-month,No,Mailed check,19.9,3.039749158970765
No,Yes,No,51,No,Fiber optic,No,No,No,No,No,No,Month-to-month,No,Mailed check,69.15,8.202646816628684
Yes,No,No,12,Yes,Fiber optic,No,No,Yes,No,Yes,Yes,Month-to-month,Yes,Electronic check,99.45,7.091034710201204
No,No,No,6,No phone service,DSL,No,No,No,Yes,Yes,Yes,One year,Yes,Mailed check,49.25,5.547518452181536
No,Yes,Yes,63,No phone service,DSL,No,Yes,Yes,Yes,No,No,Two year,No,Bank transfer (automatic),39.35,7.7815768271311265
No,No,No,1,No,Fiber optic,No,No,No,No,No,No,Month-to-month,Yes,Electronic check,70.6,4.2710950739666
No,Yes,No,48,Yes,Fiber optic,No,Yes,No,Yes,Yes,Yes,Month-to-month,Yes,Credit card (automatic),105.1,8.533961808991474
No,No,No,5,No,Fiber optic,No,No,No,No,Yes,No,Month-to-month,Yes,Credit card (automatic),81.0,5.967684018442578
No,No,Yes,35,No,No,No internet service,No internet service,No internet service,No internet service,No internet service,No internet service,One year,Yes,Credit card (automatic),20.1,6.470025210286697
No,No,No,6,No,Fiber optic,No,Yes,No,No,Yes,No,Month-to-month,Yes,Electronic check,84.85,6.262445427836352
No,No,No,2,No,No,No internet service,No internet service,No internet service,No internet service,No internet service,No internet service,Month-to-month,No,Mailed check,19.75,3.696351468952637
No,No,No,50,No,No,No internet service,No internet service,No internet service,No internet service,No internet service,No internet service,One year,No,Bank transfer (automatic),19.75,6.897755446903804
No,No,No,33,No,Fiber optic,No,No,No,No,No,No,Month-to-month,Yes,Bank transfer (automatic),70.4,7.786177982412396
No,No,No,31,No,No,No internet service,No internet service,No internet service,No internet service,No internet service,No internet service,Two year,No,Mailed check,20.45,6.460764804045402
No,Yes,Yes,9,No,No,No internet service,No internet service,No internet service,No internet service,No internet service,No internet service,Two year,No,Mailed check,20.35,5.258016069774511
No,Yes,Yes,54,Yes,DSL,No,Yes,Yes,Yes,Yes,Yes,Month-to-month,Yes,Electronic check,86.2,8.417383905796736
No,No,No,46,No,Fiber optic,Yes,Yes,Yes,No,Yes,No,One year,Yes,Credit card (automatic),95.65,8.447885984816894
No,No,Yes,34,Yes,Fiber optic,Yes,Yes,No,No,Yes,Yes,One year,Yes,Electronic check,103.8,8.15242847043445
No,Yes,Yes,71,Yes,Fiber optic,Yes,No,No,No,Yes,Yes,Two year,Yes,Electronic check,97.2,8.840913032207272
No,Yes,Yes,63,No,DSL,Yes,Yes,Yes,Yes,No,No,Two year,No,Mailed check,63.55,8.297842438340723
No,No,No,51,Yes,No,No internet service,No internet service,No internet service,No internet service,No internet service,No internet service,Two year,No,Bank transfer (automatic),24.95,7.161622002939187
Yes,No,No,26,Yes,Fiber optic,No,Yes,No,No,Yes,No,Month-to-month,Yes,Electronic check,89.15,7.731338441321782
No,Yes,No,64,No,Fiber optic,Yes,No,Yes,No,Yes,Yes,Two year,Yes,Bank transfer (automatic),99.0,8.760421683113714
Yes,Yes,No,1,No phone service,DSL,No,No,No,No,No,No,Month-to-month,Yes,Electronic check,24.8,3.250374491927572
Yes,Yes,No,61,Yes,Fiber optic,No,Yes,No,Yes,No,No,One year,Yes,Bank transfer (automatic),85.55,8.566507027969159
No,No,No,15,No,Fiber optic,No,No,Yes,No,Yes,Yes,Month-to-month,Yes,Credit card (automatic),94.0,7.317511168507457
No,No,No,64,Yes,Fiber optic,No,Yes,No,Yes,Yes,Yes,One year,Yes,Credit card (automatic),105.65,8.83987071701526
No,No,No,18,Yes,DSL,No,No,No,No,No,No,Month-to-month,Yes,Electronic check,50.3,6.818158745170381
No,Yes,Yes,57,No,Fiber optic,No,Yes,No,No,Yes,Yes,One year,Yes,Electronic check,95.0,8.619171995527653
No,Yes,Yes,14,No,DSL,Yes,Yes,No,No,No,Yes,Two year,Yes,Bank transfer (automatic),61.4,6.705088147522752
Yes,No,No,18,Yes,Fiber optic,No,Yes,No,No,No,No,Month-to-month,Yes,Credit card (automatic),80.55,7.253222652072605
Yes,Yes,No,72,Yes,Fiber optic,Yes,No,No,No,No,No,Two year,No,Bank transfer (automatic),78.5,8.63110206552402
No,Yes,No,70,Yes,Fiber optic,Yes,Yes,Yes,Yes,Yes,Yes,Two year,No,Credit card (automatic),114.3,9.017398620020051
No,No,No,38,No,No,No internet service,No internet service,No internet service,No internet service,No internet service,No internet service,Two year,No,Mailed check,20.05,6.610022870676855
No,Yes,Yes,68,No,DSL,Yes,Yes,Yes,Yes,No,No,Two year,No,Credit card (automatic),62.65,8.384073142749616
No,No,No,13,No,Fiber optic,No,No,No,No,No,Yes,Month-to-month,Yes,Electronic check,80.85,6.917408536010275
Yes,Yes,No,65,Yes,Fiber optic,Yes,Yes,No,No,Yes,No,Two year,Yes,Credit card (automatic),92.7,8.694401698823368
No,No,No,30,Yes,Fiber optic,No,No,Yes,No,Yes,Yes,Month-to-month,No,Electronic check,100.45,8.038479741566233
No,Yes,No,51,Yes,DSL,No,No,No,Yes,Yes,Yes,Two year,Yes,Bank transfer (automatic),75.2,8.269308588838523
No,No,No,31,Yes,Fiber optic,Yes,No,Yes,No,No,No,Month-to-month,Yes,Credit card (automatic),84.75,7.868789904665684
No,Yes,No,9,No,Fiber optic,No,No,No,No,Yes,Yes,Month-to-month,No,Electronic check,89.45,6.750048282952101
No,Yes,Yes,72,Yes,DSL,Yes,Yes,Yes,Yes,No,Yes,Two year,Yes,Bank transfer (automatic),79.5,8.64165608925585
No,No,No,10,Yes,DSL,No,No,No,No,Yes,Yes,Month-to-month,Yes,Credit card (automatic),72.15,6.678656530629254
No,No,No,37,No,No,No internet service,No internet service,No internet service,No internet service,No internet service,No internet service,One year,Yes,Electronic check,19.8,6.545421496834576
No,No,No,2,No,DSL,No,No,Yes,Yes,Yes,Yes,Month-to-month,No,Electronic check,76.4,5.086361004624392
No,No,No,55,No,Fiber optic,Yes,Yes,No,No,Yes,Yes,One year,Yes,Mailed check,100.9,8.622102605342976
No,No,Yes,33,Yes,Fiber optic,Yes,No,Yes,No,No,Yes,Month-to-month,Yes,Bank transfer (automatic),95.3,8.09442423147053
No,Yes,Yes,46,No,Fiber optic,No,No,Yes,Yes,No,Yes,One year,No,Bank transfer (automatic),90.95,8.351752350230317
No,No,Yes,1,No,DSL,Yes,No,No,Yes,No,No,Month-to-month,No,Electronic check,54.5,4.0163830207523885
Yes,No,No,20,Yes,DSL,No,No,No,No,No,Yes,Month-to-month,Yes,Mailed check,61.6,7.069321254563527
No,Yes,No,9,No,Fiber optic,No,Yes,Yes,No,No,No,Month-to-month,Yes,Electronic check,79.9,6.61029219467525
Yes,No,No,32,Yes,Fiber optic,No,No,No,No,Yes,Yes,Month-to-month,Yes,Credit card (automatic),96.15,8.013094888399673
No,Yes,Yes,19,No,DSL,No,No,Yes,No,No,No,Month-to-month,Yes,Bank transfer (automatic),49.6,6.870987554789923
No,Yes,No,70,Yes,DSL,Yes,No,Yes,Yes,No,No,Two year,No,Credit card (automatic),65.3,8.468160497838927
No,No,Yes,61,Yes,No,No internet service,No internet service,No internet service,No internet service,No internet service,No internet service,Two year,Yes,Credit card (automatic),25.0,7.312786959840947
No,No,No,26,No,DSL,No,No,No,No,No,No,Month-to-month,No,Electronic check,45.45,7.118137752993733
No,Yes,No,45,Yes,Fiber optic,No,Yes,Yes,No,Yes,Yes,Month-to-month,Yes,Bank transfer (automatic),107.75,8.49367888435117
No,Yes,Yes,62,Yes,Fiber optic,No,No,Yes,No,Yes,No,Two year,Yes,Credit card (automatic),89.1,8.596494085552596
No,No,No,1,No,No,No internet service,No internet service,No internet service,No internet service,No internet service,No internet service,Month-to-month,No,Mailed check,19.65,3.027715319407042
No,No,No,3,No,DSL,No,No,No,No,No,No,Month-to-month,No,Mailed check,44.75,5.00428182012408
No,Yes,Yes,41,Yes,Fiber optic,Yes,Yes,Yes,No,No,Yes,One year,Yes,Bank transfer (automatic),101.6,8.276789029142892
No,Yes,Yes,67,No,Fiber optic,No,Yes,Yes,Yes,Yes,Yes,Two year,No,Bank transfer (automatic),103.15,8.838769315515574
No,No,No,1,Yes,Fiber optic,No,No,No,No,Yes,No,Month-to-month,Yes,Mailed check,84.65,4.450269224770129
No,Yes,No,71,Yes,Fiber optic,Yes,Yes,No,No,Yes,No,One year,No,Mailed check,95.65,8.833163842240966
No,Yes,Yes,37,No,DSL,Yes,Yes,No,No,Yes,Yes,One year,No,Bank transfer (automatic),75.1,7.886006210979063
No,Yes,No,60,No,DSL,Yes,Yes,No,Yes,No,No,Two year,Yes,Mailed check,61.35,8.234087298929344
Yes,Yes,No,1,No,Fiber optic,No,No,No,No,No,No,Month-to-month,Yes,Electronic check,69.55,4.256321678298823
No,No,No,6,No,No,No internet service,No internet service,No internet service,No internet service,No internet service,No internet service,Month-to-month,No,Credit card (automatic),19.7,4.871756295145138
No,No,No,13,No phone service,DSL,No,Yes,No,No,No,No,Month-to-month,Yes,Electronic check,31.05,5.852920612659915
No,Yes,Yes,11,No,DSL,Yes,No,No,No,No,No,Month-to-month,No,Bank transfer (automatic),51.0,6.367672474149028
No,No,No,7,No,DSL,Yes,No,No,No,No,No,Month-to-month,Yes,Mailed check,51.0,5.8722586246281026
No,Yes,Yes,10,No,Fiber optic,No,No,No,No,Yes,Yes,Month-to-month,Yes,Electronic check,88.85,6.835668340087237
No,Yes,No,34,No,No,No internet service,No internet service,No internet service,No internet service,No internet service,No internet service,Two year,No,Credit card (automatic),20.05,6.522092798170152
No,No,No,62,No,DSL,Yes,No,No,Yes,No,Yes,Two year,Yes,Mailed check,65.1,8.255243840860063
No,Yes,No,64,Yes,DSL,No,Yes,No,Yes,No,Yes,One year,Yes,Mailed check,70.15,8.40775771771638
No,Yes,Yes,1,No,DSL,No,No,No,No,No,No,Month-to-month,Yes,Bank transfer (automatic),44.35,3.814410176561146
No,No,No,25,No,No,No internet service,No internet service,No internet service,No internet service,No internet service,No internet service,Two year,Yes,Mailed check,20.75,6.215407778592756
No,No,No,26,No,DSL,No,Yes,Yes,No,No,No,One year,Yes,Mailed check,56.05,7.348716222775142
No,No,Yes,10,No,No,No internet service,No internet service,No internet service,No internet service,No internet service,No internet service,One year,Yes,Bank transfer (automatic),19.95,5.395897694886901
No,No,No,53,Yes,Fiber optic,Yes,Yes,Yes,No,Yes,No,One year,No,Mailed check,98.6,8.577883693415467
No,No,No,7,No,Fiber optic,No,No,No,No,Yes,No,Month-to-month,Yes,Electronic check,79.7,6.375109995076221
No,No,No,33,No,Fiber optic,No,Yes,Yes,No,No,No,Month-to-month,Yes,Credit card (automatic),79.0,7.854691600970679
Yes,Yes,No,71,No,Fiber optic,No,Yes,Yes,No,No,Yes,Two year,No,Credit card (automatic),89.45,8.769701351360352
No,No,No,29,Yes,Fiber optic,No,No,No,No,No,No,Month-to-month,Yes,Electronic check,74.2,7.598023318791239
No,Yes,Yes,24,Yes,DSL,Yes,No,No,Yes,Yes,Yes,Month-to-month,No,Bank transfer (automatic),81.0,7.56260332160788
No,Yes,Yes,20,No,DSL,No,No,Yes,No,No,No,Month-to-month,Yes,Electronic check,49.6,6.8467305771443625
No,No,No,1,Yes,Fiber optic,No,No,No,No,Yes,No,Month-to-month,Yes,Electronic check,84.6,4.449685283147696
No,No,Yes,54,Yes,DSL,No,Yes,No,No,No,No,Month-to-month,Yes,Credit card (automatic),55.0,8.03710690256227
Yes,No,No,5,No,Fiber optic,No,No,Yes,No,Yes,No,Month-to-month,Yes,Mailed check,84.85,6.032006502420918
No,Yes,Yes,72,Yes,DSL,Yes,No,Yes,Yes,Yes,Yes,Two year,Yes,Bank transfer (automatic),84.2,8.697437592414992
No,Yes,No,52,No,Fiber optic,Yes,Yes,Yes,Yes,Yes,Yes,Two year,Yes,Electronic check,106.3,8.610319169405722
No,No,No,9,No,Fiber optic,No,No,No,No,No,No,Month-to-month,No,Electronic check,69.05,6.480811139196849
No,No,No,1,No,DSL,No,No,No,No,No,No,Month-to-month,Yes,Mailed check,45.4,3.8372994592322094
Yes,No,No,1,Yes,Fiber optic,No,No,No,No,No,No,Month-to-month,Yes,Electronic check,73.65,4.312810523985199
No,Yes,Yes,33,No,DSL,No,No,Yes,Yes,Yes,Yes,One year,Yes,Mailed check,73.9,7.785741677698578
No,Yes,No,55,Yes,Fiber optic,No,No,Yes,No,No,No,Month-to-month,Yes,Electronic check,77.75,8.402713443891228
No,Yes,Yes,69,Yes,Fiber optic,No,No,No,Yes,Yes,Yes,Two year,Yes,Electronic check,99.35,8.833090931498264
No,No,No,1,No,DSL,Yes,No,No,No,No,No,Month-to-month,Yes,Mailed check,50.75,3.9464244321454784
No,No,No,54,Yes,DSL,Yes,No,Yes,Yes,Yes,Yes,Two year,No,Bank transfer (automatic),87.1,8.462990405401921
No,No,Yes,33,No,No,No internet service,No internet service,No internet service,No internet service,No internet service,No internet service,One year,Yes,Mailed check,20.15,6.526714454784496
Yes,Yes,No,45,Yes,Fiber optic,No,Yes,Yes,Yes,Yes,No,One year,Yes,Bank transfer (automatic),98.7,8.417770567091786
No,No,Yes,11,No phone service,DSL,No,No,No,No,No,No,Month-to-month,No,Electronic check,25.2,5.7747068129929
No,No,No,6,No,DSL,Yes,Yes,No,No,No,No,Month-to-month,Yes,Bank transfer (automatic),55.7,5.81904381499129
No,No,No,21,No,DSL,Yes,No,Yes,No,Yes,No,Month-to-month,No,Bank transfer (automatic),65.35,7.26220775506777
No,Yes,Yes,65,Yes,No,No internet service,No internet service,No internet service,No internet service,No internet service,No internet service,Two year,Yes,Bank transfer (automatic),25.3,7.467113890993524
Yes,Yes,No,6,Yes,Fiber optic,No,No,No,No,No,Yes,Month-to-month,Yes,Electronic check,84.35,6.165207748127065
No,No,No,8,No,Fiber optic,Yes,No,No,No,Yes,No,Month-to-month,No,Electronic check,84.95,6.506381788777226
No,No,No,11,No,Fiber optic,No,No,No,Yes,No,No,Month-to-month,Yes,Electronic check,73.85,6.8322232163697
No,Yes,Yes,43,Yes,No,No internet service,No internet service,No internet service,No internet service,No internet service,No internet service,Two year,No,Mailed check,24.25,6.983743624981475
No,Yes,Yes,49,No phone service,DSL,No,Yes,No,No,Yes,Yes,One year,Yes,Bank transfer (automatic),51.8,7.8408047946712465
Yes,Yes,No,1,No,DSL,No,No,No,No,No,No,Month-to-month,No,Electronic check,46.0,3.8501476017100584
Yes,No,No,15,No,Fiber optic,No,No,No,No,No,Yes,Month-to-month,Yes,Electronic check,79.4,7.0536721538822915
No,Yes,Yes,60,No,DSL,Yes,Yes,Yes,No,No,No,Two year,No,Bank transfer (automatic),60.5,8.21485761216453
No,No,No,17,No phone service,DSL,No,No,No,No,No,No,Month-to-month,No,Credit card (automatic),25.1,5.950121583573599
Yes,Yes,No,16,No,Fiber optic,No,No,No,No,No,No,Month-to-month,Yes,Bank transfer (automatic),71.8,7.06373286043649
No,Yes,Yes,35,No,No,No internet service,No internet service,No internet service,No internet service,No internet service,No internet service,One year,No,Bank transfer (automatic),20.05,6.617068697510057
Yes,Yes,No,44,Yes,Fiber optic,No,Yes,No,No,No,Yes,One year,No,Mailed check,88.4,8.272289598319464
No,Yes,Yes,12,No phone service,DSL,No,No,No,Yes,No,No,One year,No,Credit card (automatic),30.25,5.913097518033877
No,No,No,28,No,DSL,Yes,Yes,No,Yes,No,No,One year,Yes,Electronic check,59.9,7.4119791591135655
No,Yes,No,70,Yes,No,No internet service,No internet service,No internet service,No internet service,No internet service,No internet service,Two year,No,Bank transfer (automatic),25.15,7.571396405909305
No,No,Yes,5,No,DSL,No,No,No,No,No,No,Month-to-month,No,Mailed check,46.0,5.405825574263322
No,No,No,18,No,Fiber optic,No,Yes,Yes,No,Yes,Yes,Month-to-month,No,Credit card (automatic),101.3,7.493122352365488
No,Yes,No,70,Yes,DSL,Yes,No,No,Yes,Yes,Yes,Two year,Yes,Credit card (automatic),76.95,8.573724742151892
No,Yes,Yes,9,Yes,DSL,No,Yes,No,No,No,No,Month-to-month,Yes,Mailed check,55.3,6.218998446723485
Yes,No,No,67,No,Fiber optic,Yes,Yes,No,Yes,Yes,No,Two year,Yes,Bank transfer (automatic),92.45,8.722881278690172
No,No,No,1,No,DSL,Yes,No,No,No,No,No,Month-to-month,Yes,Bank transfer (automatic),48.45,3.900962058068721
No,Yes,Yes,18,No,No,No internet service,No internet service,No internet service,No internet service,No internet service,No internet service,Two year,No,Mailed check,19.35,5.737378424084716
No,No,No,4,Yes,DSL,No,No,No,No,No,No,Month-to-month,No,Credit card (automatic),51.75,5.308762624409575
Yes,Yes,Yes,71,No,Fiber optic,Yes,Yes,Yes,No,No,No,One year,Yes,Bank transfer (automatic),86.7,8.729130183152282
No,Yes,Yes,30,Yes,Fiber optic,Yes,Yes,No,No,Yes,No,Month-to-month,Yes,Electronic check,94.4,7.951453691772792
No,Yes,No,1,No,DSL,Yes,No,Yes,No,No,No,Month-to-month,No,Mailed check,55.7,4.037774210733707
No,No,No,55,Yes,Fiber optic,Yes,No,Yes,No,No,No,One year,Yes,Credit card (automatic),84.25,8.431820471095117
No,No,No,59,No,DSL,No,No,Yes,Yes,Yes,No,Month-to-month,Yes,Electronic check,64.65,8.225891241774054
No,No,No,1,No,Fiber optic,No,No,No,No,No,No,Month-to-month,Yes,Mailed check,70.15,4.264790324535862
No,Yes,No,7,No,Fiber optic,No,No,No,No,No,No,Month-to-month,Yes,Bank transfer (automatic),69.2,6.1707606986419155
No,Yes,Yes,45,No,DSL,Yes,No,No,Yes,No,No,Two year,No,Bank transfer (automatic),54.65,7.8456900789141635
No,Yes,Yes,54,Yes,No,No internet service,No internet service,No internet service,No internet service,No internet service,No internet service,One year,Yes,Bank transfer (automatic),24.75,7.202772880532065
No,Yes,Yes,51,Yes,No,No internet service,No internet service,No internet service,No internet service,No internet service,No internet service,One year,Yes,Mailed check,23.95,7.104431644081176
Yes,Yes,No,72,Yes,Fiber optic,No,Yes,Yes,No,Yes,Yes,One year,No,Credit card (automatic),105.0,8.933143140966676
No,Yes,No,44,No,DSL,Yes,Yes,No,Yes,No,No,One year,Yes,Bank transfer (automatic),59.85,7.8651687601452975
No,No,No,2,No,No,No internet service,No internet service,No internet service,No internet service,No internet service,No internet service,Month-to-month,No,Mailed check,20.05,3.7773481021015445
No,No,No,66,Yes,Fiber optic,No,No,Yes,No,Yes,No,One year,Yes,Bank transfer (automatic),92.15,8.709118484352887
No,Yes,Yes,68,No phone service,DSL,Yes,Yes,No,No,Yes,No,One year,No,Mailed check,44.8,8.001237766020717
No,No,No,31,No,No,No internet service,No internet service,No internet service,No internet service,No internet service,No internet service,Two year,No,Credit card (automatic),20.9,6.537198715362162
Yes,No,No,21,Yes,Fiber optic,No,No,No,No,Yes,Yes,Month-to-month,Yes,Bank transfer (automatic),95.4,7.613868041932106
No,No,Yes,21,Yes,Fiber optic,Yes,No,No,No,No,No,Month-to-month,No,Electronic check,80.35,7.466341966146388
No,Yes,Yes,55,Yes,DSL,Yes,No,Yes,Yes,Yes,Yes,Two year,Yes,Bank transfer (automatic),85.1,8.446545379842489
No,No,No,9,No phone service,DSL,No,No,No,No,Yes,No,Month-to-month,Yes,Credit card (automatic),34.7,5.694068782468562
Yes,Yes,No,71,Yes,Fiber optic,Yes,Yes,Yes,Yes,Yes,Yes,Two year,Yes,Bank transfer (automatic),115.05,8.989394404205461
No,No,No,1,No,Fiber optic,No,No,No,No,No,Yes,Month-to-month,Yes,Electronic check,81.1,4.407938016458383
No,Yes,Yes,22,No,No,No internet service,No internet service,No internet service,No internet service,No internet service,No internet service,One year,No,Mailed check,19.95,6.074195944705447
No,Yes,Yes,1,No,No,No internet service,No internet service,No internet service,No internet service,No internet service,No internet service,Month-to-month,No,Mailed check,20.55,3.070375816549757
No,No,No,61,Yes,Fiber optic,No,No,Yes,Yes,Yes,Yes,Two year,Yes,Electronic check,106.6,8.768636500280573
No,Yes,No,67,Yes,DSL,No,Yes,Yes,Yes,Yes,Yes,Two year,No,Bank transfer (automatic),86.15,8.680136530839377
Yes,No,No,14,No,Fiber optic,Yes,Yes,No,No,No,No,Month-to-month,No,Electronic check,78.85,6.951580758522167
No,Yes,No,59,Yes,Fiber optic,Yes,Yes,Yes,Yes,Yes,No,Month-to-month,Yes,Electronic check,106.75,8.7409605481234
Yes,Yes,No,21,No,Fiber optic,No,No,Yes,No,Yes,No,Month-to-month,No,Bank transfer (automatic),86.55,7.5273904636054025
No,No,No,4,No phone service,DSL,Yes,Yes,No,Yes,No,No,Month-to-month,No,Mailed check,42.4,4.993149979755236
No,No,No,3,No,Fiber optic,No,No,No,No,Yes,Yes,Month-to-month,Yes,Electronic check,89.45,5.486662412319551
No,Yes,No,70,Yes,No,No internet service,No internet service,No internet service,No internet service,No internet service,No internet service,Two year,No,Bank transfer (automatic),24.25,7.4530692822067
No,No,No,3,No,Fiber optic,No,Yes,No,Yes,Yes,Yes,Month-to-month,Yes,Electronic check,97.9,5.756691130311603
Yes,No,No,21,No,No,No internet service,No internet service,No internet service,No internet service,No internet service,No internet service,One year,No,Bank transfer (automatic),20.5,6.0650634611421745
No,No,No,20,No,No,No internet service,No internet service,No internet service,No internet service,No internet service,No internet service,Month-to-month,Yes,Credit card (automatic),19.6,5.878155861600981
No,Yes,Yes,22,No,No,No internet service,No internet service,No internet service,No internet service,No internet service,No internet service,One year,No,Bank transfer (automatic),20.25,6.192873606276185
No,No,No,1,No,DSL,No,No,No,No,No,Yes,Month-to-month,Yes,Mailed check,55.7,4.037774210733707
No,No,No,63,No,No,No internet service,No internet service,No internet service,No internet service,No internet service,No internet service,Two year,Yes,Mailed check,20.6,7.169888747587542
No,Yes,Yes,70,No,No,No internet service,No internet service,No internet service,No internet service,No internet service,No internet service,Two year,No,Bank transfer (automatic),19.8,7.229657602319611
No,No,No,13,No,Fiber optic,No,Yes,Yes,No,No,No,Month-to-month,Yes,Electronic check,79.8,6.881873209268033
No,No,No,5,No,Fiber optic,No,No,No,No,Yes,No,Month-to-month,No,Electronic check,80.2,5.9538924742002255
No,Yes,Yes,72,Yes,Fiber optic,Yes,Yes,Yes,Yes,Yes,Yes,Two year,Yes,Credit card (automatic),116.4,9.053013821071527
No,No,No,13,No phone service,DSL,No,Yes,No,No,No,No,Month-to-month,Yes,Electronic check,31.65,5.968579674570523
No,Yes,No,61,No,Fiber optic,No,Yes,Yes,Yes,No,Yes,Month-to-month,No,Credit card (automatic),94.15,8.653968068254212
No,No,No,1,No,No,No internet service,No internet service,No internet service,No internet service,No internet service,No internet service,Month-to-month,No,Electronic check,20.65,3.075005454448499
Yes,Yes,No,56,Yes,Fiber optic,No,No,No,Yes,No,No,Month-to-month,Yes,Bank transfer (automatic),76.85,8.360948654332402
No,No,No,4,No,No,No internet service,No internet service,No internet service,No internet service,No internet service,No internet service,Month-to-month,No,Mailed check,20.15,4.448516375942715
No,No,No,35,Yes,DSL,Yes,No,No,No,No,No,Two year,No,Mailed check,55.25,7.562733193424579
No,Yes,No,18,No phone service,DSL,No,No,Yes,No,Yes,No,Month-to-month,Yes,Electronic check,39.05,6.5085455650364805
No,Yes,No,72,Yes,DSL,No,Yes,Yes,No,Yes,Yes,Two year,No,Bank transfer (automatic),82.15,8.66307549653729
Yes,No,No,49,Yes,Fiber optic,Yes,Yes,Yes,Yes,No,Yes,One year,No,Bank transfer (automatic),103.0,8.550086234718263
No,Yes,No,44,Yes,Fiber optic,Yes,Yes,Yes,Yes,No,No,Month-to-month,Yes,Credit card (automatic),95.1,8.309319953137871
Yes,Yes,No,3,No,Fiber optic,No,No,No,Yes,Yes,No,Month-to-month,Yes,Mailed check,83.9,5.592478405097527
No,Yes,Yes,37,Yes,Fiber optic,No,Yes,Yes,No,No,Yes,Month-to-month,Yes,Electronic check,95.15,8.170143207157103
No,Yes,No,61,Yes,DSL,No,Yes,Yes,No,Yes,Yes,One year,Yes,Electronic check,79.8,8.500209786375825
No,Yes,No,70,Yes,DSL,Yes,No,Yes,Yes,No,Yes,Two year,Yes,Credit card (automatic),74.8,8.57862689760033
Yes,No,No,1,No,Fiber optic,No,No,No,No,No,No,Month-to-month,Yes,Electronic check,69.85,4.260564966136689
No,No,No,41,No,No,No internet service,No internet service,No internet service,No internet service,No internet service,No internet service,Month-to-month,No,Electronic check,20.45,6.654925417297567
No,Yes,Yes,70,Yes,DSL,Yes,Yes,Yes,Yes,No,Yes,One year,No,Bank transfer (automatic),78.35,8.602811097976756
No,No,No,1,No,DSL,No,No,No,No,Yes,No,Month-to-month,Yes,Mailed check,53.55,3.9991177122790798
No,No,No,51,No,No,No internet service,No internet service,No internet service,No internet service,No internet service,No internet service,One year,No,Electronic check,19.1,6.916516784650709
No,Yes,Yes,42,No,No,No internet service,No internet service,No internet service,No internet service,No internet service,No internet service,Two year,No,Mailed check,20.0,6.726892657424426
No,Yes,Yes,70,Yes,Fiber optic,Yes,Yes,Yes,Yes,No,No,Two year,No,Bank transfer (automatic),93.9,8.791797623074688
No,No,No,48,No,No,No internet service,No internet service,No internet service,No internet service,No internet service,No internet service,One year,No,Bank transfer (automatic),19.95,6.913240209212707
No,Yes,Yes,68,Yes,Fiber optic,Yes,Yes,Yes,Yes,Yes,Yes,Two year,Yes,Electronic check,113.15,8.969160133175821
No,No,No,48,Yes,No,No internet service,No internet service,No internet service,No internet service,No internet service,No internet service,Two year,No,Credit card (automatic),24.0,7.076696044282031
Yes,Yes,No,26,No,Fiber optic,No,Yes,No,No,No,Yes,Month-to-month,No,Electronic check,84.95,7.682828008940755
No,Yes,No,11,Yes,Fiber optic,No,Yes,No,No,No,No,Month-to-month,Yes,Bank transfer (automatic),80.5,6.800058703526763
No,No,No,1,No,No,No internet service,No internet service,No internet service,No internet service,No internet service,No internet service,Month-to-month,Yes,Mailed check,19.3,3.0106208860477417
No,No,No,27,No,No,No internet service,No internet service,No internet service,No internet service,No internet service,No internet service,One year,No,Mailed check,19.15,6.219297087908323
Yes,No,No,46,No,Fiber optic,No,Yes,Yes,No,Yes,No,One year,Yes,Bank transfer (automatic),91.3,8.325390833522766
No,No,No,1,No,DSL,No,No,Yes,No,No,No,Month-to-month,Yes,Mailed check,49.65,3.9249392306946924
No,No,No,46,No,DSL,No,No,Yes,Yes,No,No,Two year,No,Credit card (automatic),54.35,7.808383999366624
No,Yes,Yes,25,No,No,No internet service,No internet service,No internet service,No internet service,No internet service,No internet service,Month-to-month,Yes,Mailed check,19.15,6.170865175474273
No,No,No,4,No,Fiber optic,No,No,No,No,Yes,Yes,Month-to-month,Yes,Electronic check,88.45,5.917952551171302
No,No,No,13,No,No,No internet service,No internet service,No internet service,No internet service,No internet service,No internet service,Two year,No,Mailed check,19.75,5.586311890181863
No,Yes,No,31,No,DSL,Yes,Yes,Yes,Yes,No,Yes,One year,Yes,Credit card (automatic),75.5,7.793772353166465
No,Yes,Yes,23,Yes,Fiber optic,No,No,No,No,Yes,No,Month-to-month,Yes,Electronic check,83.75,7.52345429978294
No,No,No,2,No,No,No internet service,No internet service,No internet service,No internet service,No internet service,No internet service,Month-to-month,No,Mailed check,19.4,4.127940511650616
No,No,No,65,Yes,No,No internet service,No internet service,No internet service,No internet service,No internet service,No internet service,Two year,No,Bank transfer (automatic),26.5,7.438118789121169
Yes,No,No,22,Yes,Fiber optic,No,No,No,Yes,Yes,No,Month-to-month,Yes,Bank transfer (automatic),90.5,7.555695866704003
No,Yes,Yes,55,No,No,No internet service,No internet service,No internet service,No internet service,No internet service,No internet service,One year,No,Credit card (automatic),19.15,6.906854873738973
No,Yes,No,9,No,Fiber optic,No,Yes,Yes,Yes,Yes,No,Month-to-month,Yes,Mailed check,94.85,6.793017601511714
No,Yes,Yes,7,No,Fiber optic,No,No,No,No,No,No,Month-to-month,Yes,Bank transfer (automatic),69.95,6.2738199580540375
No,Yes,Yes,35,No phone service,DSL,No,No,No,Yes,Yes,No,One year,No,Mailed check,40.9,7.233166568243925
No,No,No,6,No,DSL,Yes,No,Yes,Yes,Yes,Yes,Two year,Yes,Mailed check,80.25,6.203344906143481
No,No,No,1,No,DSL,Yes,No,No,No,No,No,Month-to-month,Yes,Credit card (automatic),48.6,3.903990833730882
No,No,No,17,No,Fiber optic,No,No,No,No,No,No,Month-to-month,Yes,Electronic check,70.8,7.0967213784947605
No,Yes,Yes,10,No,DSL,No,No,Yes,No,Yes,No,Month-to-month,No,Mailed check,60.2,6.335940383589716
No,No,Yes,15,No,DSL,No,No,Yes,Yes,No,No,One year,No,Credit card (automatic),55.2,6.763365143022739
Yes,No,No,40,No phone service,DSL,Yes,Yes,No,No,Yes,Yes,Month-to-month,Yes,Electronic check,55.8,7.6546090894913315
No,Yes,Yes,13,No,DSL,Yes,No,No,Yes,No,No,One year,No,Bank transfer (automatic),54.15,6.554004626560651
No,Yes,No,29,Yes,Fiber optic,No,Yes,No,No,No,No,Month-to-month,Yes,Bank transfer (automatic),80.15,7.7258817620690605
No,No,No,3,Yes,Fiber optic,No,No,No,No,No,No,Month-to-month,Yes,Electronic check,75.5,5.400873954873129
Yes,Yes,No,58,Yes,Fiber optic,No,No,No,Yes,Yes,Yes,Month-to-month,Yes,Bank transfer (automatic),100.4,8.657094254548438
No,No,No,45,No,DSL,Yes,Yes,No,Yes,No,No,One year,Yes,Credit card (automatic),62.55,7.936463566925371
No,Yes,Yes,72,Yes,DSL,Yes,Yes,Yes,Yes,No,No,Two year,Yes,Bank transfer (automatic),70.45,8.54998946583132
No,Yes,Yes,68,Yes,Fiber optic,Yes,Yes,No,No,No,No,One year,Yes,Bank transfer (automatic),85.5,8.647800312523513
No,No,No,1,No,No,No internet service,No internet service,No internet service,No internet service,No internet service,No internet service,Month-to-month,Yes,Bank transfer (automatic),20.2,3.054001181677967
No,Yes,Yes,38,No,DSL,Yes,Yes,No,No,No,No,Month-to-month,No,Electronic check,54.5,7.638703896768833
No,No,No,2,No,No,No internet service,No internet service,No internet service,No internet service,No internet service,No internet service,Month-to-month,No,Mailed check,20.75,3.8110970868381857
No,No,No,11,No,No,No internet service,No internet service,No internet service,No internet service,No internet service,No internet service,Month-to-month,No,Mailed check,20.35,5.376435145811989
Yes,Yes,No,20,No,Fiber optic,No,No,No,No,Yes,Yes,One year,Yes,Bank transfer (automatic),91.0,7.528600547786677
No,Yes,No,72,Yes,Fiber optic,No,Yes,Yes,No,Yes,Yes,Two year,Yes,Bank transfer (automatic),104.8,8.918797522975233
No,Yes,No,3,Yes,Fiber optic,No,No,No,No,No,No,Month-to-month,Yes,Credit card (automatic),74.75,5.440250862436703
No,No,No,23,Yes,Fiber optic,No,No,Yes,Yes,Yes,Yes,Month-to-month,Yes,Mailed check,104.05,7.812418674615313
No,No,No,40,No,DSL,No,No,No,Yes,No,No,Month-to-month,Yes,Electronic check,51.1,7.646783634798271
Yes,Yes,No,62,Yes,Fiber optic,No,Yes,No,No,No,Yes,Month-to-month,Yes,Bank transfer (automatic),89.8,8.635962407303673
No,No,Yes,22,No,No,No internet service,No internet service,No internet service,No internet service,No internet service,No internet service,Month-to-month,Yes,Electronic check,20.55,6.1545395719560725
No,No,No,11,No,DSL,Yes,No,Yes,No,No,Yes,Month-to-month,No,Bank transfer (automatic),64.05,6.599802469687996
Yes,Yes,No,7,Yes,Fiber optic,No,No,No,No,No,No,Month-to-month,Yes,Electronic check,74.85,6.1867228949326565
No,No,No,13,Yes,Fiber optic,Yes,Yes,No,No,Yes,No,Month-to-month,Yes,Electronic check,96.65,7.127292334702235
Yes,No,No,1,No,No,No internet service,No internet service,No internet service,No internet service,No internet service,No internet service,Month-to-month,No,Mailed check,20.05,3.0469005601283903
No,No,No,39,Yes,Fiber optic,No,Yes,Yes,No,Yes,Yes,Month-to-month,Yes,Electronic check,103.45,8.292911492657877
No,Yes,No,3,No phone service,DSL,No,No,No,No,No,No,Month-to-month,No,Mailed check,25.0,4.37260741275739
No,No,No,58,No,No,No internet service,No internet service,No internet service,No internet service,No internet service,No internet service,Two year,No,Credit card (automatic),20.3,7.032182857357189
No,No,Yes,6,Yes,No,No internet service,No internet service,No internet service,No internet service,No internet service,No internet service,Month-to-month,No,Mailed check,26.35,5.220626058832165
No,Yes,Yes,1,No,No,No internet service,No internet service,No internet service,No internet service,No internet service,No internet service,Month-to-month,Yes,Electronic check,19.9,3.039749158970765
No,Yes,No,22,No,DSL,No,Yes,Yes,No,No,No,Month-to-month,Yes,Mailed check,54.7,7.073057830606497
No,Yes,No,14,No phone service,DSL,No,No,No,No,Yes,Yes,Month-to-month,No,Electronic check,46.35,6.505335529059933
No,Yes,Yes,64,Yes,Fiber optic,No,No,Yes,No,No,Yes,One year,No,Credit card (automatic),90.25,8.635891363762832
No,No,No,1,No,No,No internet service,No internet service,No internet service,No internet service,No internet service,No internet service,Month-to-month,No,Electronic check,19.95,3.0421386463681466
No,No,No,6,No,No,No internet service,No internet service,No internet service,No internet service,No internet service,No internet service,Month-to-month,No,Mailed check,20.65,4.703203926259457
No,No,No,1,No,Fiber optic,No,No,No,No,No,Yes,Month-to-month,No,Electronic check,79.6,4.389498649512583
No,No,Yes,39,Yes,No,No internet service,No internet service,No internet service,No internet service,No internet service,No internet service,One year,No,Bank transfer (automatic),25.45,6.866360203615751
No,No,No,20,No,No,No internet service,No internet service,No internet service,No internet service,No internet service,No internet service,One year,No,Mailed check,19.5,6.0017860961798535
No,No,No,1,No,Fiber optic,No,No,No,Yes,No,No,Month-to-month,Yes,Electronic check,75.9,4.3425058765115985
No,Yes,No,1,No,Fiber optic,No,No,Yes,No,No,No,Month-to-month,No,Electronic check,76.2,4.3463994570307305
No,Yes,No,64,Yes,DSL,Yes,No,No,No,Yes,No,One year,Yes,Credit card (automatic),66.15,8.387881454935897
No,No,Yes,1,No,No,No internet service,No internet service,No internet service,No internet service,No internet service,No internet service,Month-to-month,No,Mailed check,19.25,3.0081547935525483
No,Yes,No,46,No,DSL,No,Yes,No,No,Yes,Yes,Month-to-month,Yes,Credit card (automatic),69.1,8.06117135969092
Yes,Yes,Yes,28,No phone service,DSL,No,Yes,No,No,No,Yes,One year,Yes,Electronic check,39.1,7.000881256971621
No,Yes,No,33,No,No,No internet service,No internet service,No internet service,No internet service,No internet service,No internet service,Month-to-month,No,Mailed check,20.05,6.5079491287256515
No,Yes,Yes,39,No,DSL,Yes,Yes,Yes,No,No,No,One year,No,Electronic check,59.8,7.759976712949614
No,Yes,No,42,Yes,Fiber optic,No,No,Yes,Yes,No,No,Month-to-month,Yes,Electronic check,84.3,8.185740336595176
No,No,No,1,No,DSL,No,Yes,No,No,No,No,Month-to-month,Yes,Electronic check,48.6,3.903990833730882
No,No,No,7,No,Fiber optic,No,No,No,No,Yes,No,Month-to-month,Yes,Electronic check,79.0,6.261396259920951
Yes,Yes,No,70,No,Fiber optic,Yes,Yes,Yes,No,Yes,Yes,Two year,No,Credit card (automatic),105.35,8.924376822018367
No,No,No,65,Yes,No,No internet service,No internet service,No internet service,No internet service,No internet service,No internet service,Two year,Yes,Bank transfer (automatic),25.1,7.453561871643373
No,No,No,1,No,DSL,Yes,No,No,No,No,No,Month-to-month,No,Electronic check,49.75,3.926911617921897
No,Yes,No,18,Yes,Fiber optic,No,No,No,No,Yes,Yes,Month-to-month,Yes,Electronic check,94.75,7.434198313643204
No,Yes,No,24,Yes,Fiber optic,No,No,No,No,Yes,Yes,Month-to-month,Yes,Electronic check,93.0,7.718263183815343
No,No,No,63,Yes,DSL,Yes,No,Yes,Yes,No,Yes,Two year,Yes,Bank transfer (automatic),71.9,8.407422967269712
No,No,Yes,44,Yes,DSL,No,Yes,No,No,Yes,Yes,One year,Yes,Mailed check,77.55,8.152514877208793
No,No,No,4,No,No,No internet service,No internet service,No internet service,No internet service,No internet service,No internet service,Month-to-month,Yes,Electronic check,19.85,4.1588830833596715
No,No,No,1,No,Fiber optic,No,No,No,No,No,No,Month-to-month,Yes,Electronic check,70.25,4.26619481914876
No,Yes,Yes,37,Yes,Fiber optic,No,No,No,No,Yes,Yes,Month-to-month,Yes,Electronic check,95.25,8.106258150465042
Yes,No,No,10,No,Fiber optic,No,No,Yes,No,No,Yes,Month-to-month,Yes,Credit card (automatic),84.6,6.764519810895385
No,No,No,34,No phone service,DSL,No,No,No,No,No,No,Month-to-month,Yes,Bank transfer (automatic),25.05,6.749579844016261
No,Yes,No,35,No phone service,DSL,Yes,No,Yes,No,Yes,Yes,One year,No,Credit card (automatic),53.15,7.566259253598508
No,Yes,No,4,No,No,No internet service,No internet service,No internet service,No internet service,No internet service,No internet service,Month-to-month,No,Electronic check,20.15,4.526126978647638
Yes,Yes,No,39,Yes,Fiber optic,No,No,No,Yes,Yes,Yes,Month-to-month,Yes,Electronic check,101.25,8.281508831857693
Yes,Yes,No,43,No,Fiber optic,No,Yes,Yes,No,Yes,Yes,One year,Yes,Bank transfer (automatic),100.55,8.367532416861831
No,Yes,Yes,17,Yes,No,No internet service,No internet service,No internet service,No internet service,No internet service,No internet service,Month-to-month,No,Mailed check,24.1,6.018349875889364
No,Yes,No,61,Yes,No,No internet service,No internet service,No internet service,No internet service,No internet service,No internet service,Two year,No,Bank transfer (automatic),25.3,7.349809435320917
No,Yes,No,49,Yes,DSL,Yes,Yes,Yes,No,No,Yes,One year,No,Electronic check,71.8,8.152788449415564
No,No,No,4,No,No,No internet service,No internet service,No internet service,No internet service,No internet service,No internet service,One year,No,Mailed check,19.7,4.777441406928545
No,Yes,Yes,64,No phone service,DSL,No,Yes,Yes,Yes,No,Yes,Two year,No,Electronic check,49.85,8.07444668846084
No,No,No,3,No,Fiber optic,No,No,No,No,No,No,Month-to-month,Yes,Mailed check,69.6,5.339459309879212
No,Yes,Yes,1,No,No,No internet service,No internet service,No internet service,No internet service,No internet service,No internet service,Month-to-month,No,Electronic check,19.75,3.0325462466767075
No,Yes,No,40,No,Fiber optic,No,Yes,Yes,No,No,No,One year,No,Electronic check,80.8,8.049985649472504
No,No,Yes,1,No,DSL,Yes,Yes,No,Yes,No,No,Month-to-month,Yes,Electronic check,60.0,4.110873864173311
No,No,No,8,Yes,Fiber optic,No,No,No,No,No,Yes,Month-to-month,Yes,Electronic check,86.55,6.477971863222766
Yes,Yes,No,1,No,No,No internet service,No internet service,No internet service,No internet service,No internet service,No internet service,Month-to-month,Yes,Mailed check,20.85,3.084200921541599
Yes,Yes,No,34,No,DSL,No,No,Yes,Yes,Yes,No,One year,No,Bank transfer (automatic),64.2,7.6531627862031675
No,Yes,No,1,No phone service,DSL,No,No,No,No,No,Yes,Month-to-month,No,Electronic check,35.0,3.58351893845611
No,No,No,39,No phone service,DSL,No,No,Yes,No,Yes,Yes,Month-to-month,Yes,Electronic check,50.75,7.607083318617163
Yes,Yes,No,58,No,Fiber optic,Yes,Yes,No,Yes,Yes,Yes,One year,Yes,Credit card (automatic),105.5,8.733352408956003
No,Yes,Yes,45,No,No,No internet service,No internet service,No internet service,No internet service,No internet service,No internet service,Two year,No,Electronic check,19.2,6.807603397031696
Yes,No,No,6,No,Fiber optic,Yes,No,No,No,Yes,No,Month-to-month,Yes,Bank transfer (automatic),85.15,6.223766036206958
No,No,No,43,No,Fiber optic,Yes,Yes,Yes,Yes,No,No,One year,Yes,Credit card (automatic),90.65,8.26444058659791
No,Yes,Yes,41,No,No,No internet service,No internet service,No internet service,No internet service,No internet service,No internet service,Two year,Yes,Mailed check,20.0,6.78083058540847
No,No,No,5,No,Fiber optic,No,Yes,No,No,No,No,Month-to-month,Yes,Electronic check,74.65,5.952333829904943
No,No,No,72,No phone service,DSL,Yes,No,Yes,Yes,Yes,Yes,Two year,Yes,Credit card (automatic),61.2,8.387369203580036
No,No,No,4,No,No,No internet service,No internet service,No internet service,No internet service,No internet service,No internet service,One year,No,Mailed check,19.95,4.237000862623624
No,Yes,Yes,9,No,DSL,No,Yes,No,Yes,No,No,Month-to-month,No,Mailed check,54.8,6.117656572345742
Yes,Yes,No,72,Yes,DSL,No,No,Yes,No,Yes,Yes,Two year,Yes,Credit card (automatic),73.45,8.58110651715989
No,Yes,No,33,No,DSL,No,No,No,Yes,No,No,One year,Yes,Mailed check,51.45,7.4730122682361655
No,Yes,No,72,Yes,Fiber optic,Yes,No,No,No,No,No,Two year,No,Bank transfer (automatic),80.45,8.65497055712555
No,Yes,No,22,No,DSL,Yes,No,No,Yes,No,No,Month-to-month,Yes,Electronic check,54.2,7.050729447933244
No,Yes,No,70,Yes,Fiber optic,No,Yes,Yes,Yes,Yes,Yes,One year,Yes,Electronic check,109.5,8.94579523112564
No,Yes,Yes,21,Yes,Fiber optic,No,Yes,Yes,No,Yes,Yes,Month-to-month,No,Electronic check,104.4,7.677377271376789
No,No,No,15,No,Fiber optic,No,No,Yes,No,Yes,No,Month-to-month,No,Electronic check,85.3,7.10730261644116
Yes,Yes,No,29,Yes,Fiber optic,No,No,No,Yes,No,No,Month-to-month,Yes,Electronic check,79.3,7.789682283428332
No,Yes,Yes,15,No,DSL,No,Yes,Yes,Yes,Yes,Yes,Month-to-month,No,Bank transfer (automatic),76.5,7.053239945724118
Yes,Yes,Yes,71,Yes,Fiber optic,Yes,Yes,No,No,Yes,Yes,Month-to-month,Yes,Credit card (automatic),105.1,8.92918362983954
Yes,No,No,72,Yes,No,No internet service,No internet service,No internet service,No internet service,No internet service,No internet service,Two year,No,Bank transfer (automatic),25.4,7.501275475732016
No,Yes,No,19,Yes,Fiber optic,No,No,No,No,Yes,No,Month-to-month,Yes,Electronic check,86.85,7.355896661370738
No,No,No,1,No,No,No internet service,No internet service,No internet service,No internet service,No internet service,No internet service,Month-to-month,No,Mailed check,19.65,3.027715319407042
No,No,No,1,No,Fiber optic,No,Yes,No,No,No,No,Month-to-month,Yes,Electronic check,75.7,4.33990170837321
No,No,No,2,No,DSL,No,No,No,No,No,No,Month-to-month,No,Electronic check,45.55,4.447346100794524
Yes,Yes,Yes,11,Yes,Fiber optic,No,No,Yes,No,No,No,Month-to-month,Yes,Credit card (automatic),78.1,6.76371168339816
No,No,No,12,No,No,No internet service,No internet service,No internet service,No internet service,No internet service,No internet service,One year,No,Mailed check,19.3,5.436991761235796
No,Yes,No,70,Yes,Fiber optic,No,Yes,Yes,Yes,Yes,Yes,Two year,Yes,Electronic check,110.5,8.955841593314634
Yes,Yes,No,20,Yes,Fiber optic,No,No,Yes,No,Yes,No,Month-to-month,No,Electronic check,90.8,7.5766097669730375
No,No,No,23,No,No,No internet service,No internet service,No internet service,No internet service,No internet service,No internet service,Month-to-month,Yes,Bank transfer (automatic),20.3,6.156131168663216
Yes,No,No,49,Yes,DSL,Yes,Yes,Yes,Yes,No,Yes,Two year,No,Credit card (automatic),81.35,8.309406123422718
No,Yes,Yes,4,Yes,Fiber optic,No,Yes,No,No,Yes,Yes,Month-to-month,Yes,Electronic check,97.95,5.954541193003384
No,No,No,32,Yes,Fiber optic,Yes,Yes,No,Yes,Yes,Yes,Month-to-month,Yes,Credit card (automatic),108.15,8.141451920474294
No,No,Yes,2,No,DSL,No,No,No,No,No,Yes,Month-to-month,Yes,Electronic check,55.3,4.697293474863897
Yes,Yes,No,69,No phone service,DSL,Yes,Yes,No,No,Yes,Yes,Two year,No,Credit card (automatic),56.55,8.282394481856118
No,No,No,6,No,Fiber optic,No,No,No,No,Yes,No,Month-to-month,Yes,Credit card (automatic),80.5,6.139992305041402
No,Yes,Yes,24,No,No,No internet service,No internet service,No internet service,No internet service,No internet service,No internet service,Two year,Yes,Mailed check,19.7,6.204658767568524
No,No,No,32,Yes,Fiber optic,No,Yes,Yes,No,Yes,Yes,One year,Yes,Credit card (automatic),104.05,8.1367669773995
No,No,No,27,No,DSL,Yes,Yes,No,No,No,No,Two year,No,Bank transfer (automatic),52.85,7.312987026530511
Yes,Yes,No,27,Yes,Fiber optic,Yes,No,No,Yes,Yes,Yes,Month-to-month,Yes,Bank transfer (automatic),104.3,7.9616316738088555
No,No,No,58,Yes,Fiber optic,No,No,No,Yes,No,No,Month-to-month,No,Bank transfer (automatic),80.65,8.478109268906689
No,No,No,1,No,Fiber optic,No,No,No,No,No,No,Month-to-month,Yes,Mailed check,71.35,4.281515453077493
No,Yes,Yes,18,Yes,No,No internet service,No internet service,No internet service,No internet service,No internet service,No internet service,Two year,Yes,Credit card (automatic),24.65,6.157720236215144
No,Yes,Yes,47,No,No,No internet service,No internet service,No internet service,No internet service,No internet service,No internet service,Two year,Yes,Bank transfer (automatic),21.3,6.949664682059346
No,Yes,Yes,70,Yes,Fiber optic,No,Yes,Yes,Yes,Yes,Yes,Two year,Yes,Electronic check,110.2,8.947780088298181
No,No,No,13,Yes,Fiber optic,No,Yes,Yes,Yes,No,No,Month-to-month,No,Electronic check,89.4,7.032933127710366
No,Yes,Yes,36,No,DSL,Yes,No,No,No,No,No,Month-to-month,No,Credit card (automatic),51.05,7.504391559161238
No,No,No,67,No,No,No internet service,No internet service,No internet service,No internet service,No internet service,No internet service,Two year,Yes,Mailed check,19.8,7.179536601902241
No,No,No,10,No,No,No internet service,No internet service,No internet service,No internet service,No internet service,No internet service,Month-to-month,Yes,Mailed check,19.9,5.300564839088516
Yes,No,No,19,No,Fiber optic,Yes,No,No,No,No,Yes,Month-to-month,Yes,Electronic check,87.3,7.401414397826217
No,Yes,Yes,71,No,No,No internet service,No internet service,No internet service,No internet service,No internet service,No internet service,Two year,No,Bank transfer (automatic),19.85,7.190939752381468
No,Yes,Yes,72,Yes,DSL,Yes,Yes,Yes,Yes,Yes,Yes,Two year,Yes,Mailed check,89.4,8.760539290047953
No,Yes,Yes,48,No,No,No internet service,No internet service,No internet service,No internet service,No internet service,No internet service,Two year,No,Mailed check,20.0,6.8425765529571425
No,Yes,Yes,18,No,DSL,Yes,No,Yes,Yes,Yes,Yes,Month-to-month,No,Electronic check,83.25,7.385323970846676
No,No,No,1,No,No,No internet service,No internet service,No internet service,No internet service,No internet service,No internet service,Month-to-month,No,Mailed check,20.6,3.0726933146901194
Yes,Yes,No,67,Yes,Fiber optic,No,Yes,No,Yes,Yes,Yes,Two year,No,Bank transfer (automatic),102.9,8.852335973275391
No,Yes,Yes,69,No phone service,DSL,Yes,No,Yes,Yes,No,No,Two year,No,Mailed check,39.1,7.930386046627619
No,No,No,19,Yes,Fiber optic,No,Yes,No,No,Yes,Yes,Month-to-month,Yes,Electronic check,99.95,7.566699138200584
Yes,Yes,No,72,Yes,Fiber optic,Yes,Yes,Yes,Yes,Yes,Yes,Two year,Yes,Mailed check,114.5,9.027972814124196
Yes,No,No,38,No,No,No internet service,No internet service,No internet service,No internet service,No internet service,No internet service,Two year,No,Mailed check,20.2,6.602452197772954
Yes,Yes,No,40,No,DSL,No,No,No,No,No,Yes,One year,No,Electronic check,55.8,7.733814910661824
No,Yes,Yes,61,Yes,No,No internet service,No internet service,No internet service,No internet service,No internet service,No internet service,Two year,Yes,Mailed check,24.2,7.2766947057408515
No,No,No,10,Yes,Fiber optic,No,Yes,No,No,No,No,Month-to-month,Yes,Credit card (automatic),81.0,6.708145132050641
No,Yes,No,32,Yes,DSL,Yes,No,No,Yes,Yes,No,One year,Yes,Credit card (automatic),72.8,7.755360235067772
No,No,No,21,Yes,Fiber optic,No,Yes,No,No,Yes,Yes,Month-to-month,Yes,Credit card (automatic),99.85,7.597672248021797
Yes,No,No,59,Yes,Fiber optic,No,No,Yes,No,Yes,Yes,One year,Yes,Electronic check,99.5,8.681181041521688
Yes,Yes,No,13,No,Fiber optic,No,No,No,No,No,No,Month-to-month,Yes,Electronic check,70.15,6.821925022376944
No,No,No,47,No,No,No internet service,No internet service,No internet service,No internet service,No internet service,No internet service,Two year,No,Credit card (automatic),20.25,6.93809047877821
No,Yes,Yes,69,Yes,No,No internet service,No internet service,No internet service,No internet service,No internet service,No internet service,Two year,Yes,Bank transfer (automatic),26.0,7.494179905620015
No,No,No,2,No,No,No internet service,No internet service,No internet service,No internet service,No internet service,No internet service,Month-to-month,Yes,Credit card (automatic),19.9,3.5467396869528134
No,Yes,Yes,22,No,No,No internet service,No internet service,No internet service,No internet service,No internet service,No internet service,Month-to-month,No,Bank transfer (automatic),19.05,6.120407303023365
Yes,Yes,No,15,Yes,Fiber optic,Yes,No,Yes,No,Yes,No,Month-to-month,Yes,Electronic check,96.5,7.239394426449646
No,No,No,53,No,No,No internet service,No internet service,No internet service,No internet service,No internet service,No internet service,Two year,No,Credit card (automatic),19.85,6.957116708519861
Yes,Yes,No,28,Yes,No,No internet service,No internet service,No internet service,No internet service,No internet service,No internet service,Month-to-month,No,Mailed check,25.7,6.6006864927301665
No,No,No,22,No,No,No internet service,No internet service,No internet service,No internet service,No internet service,No internet service,One year,No,Mailed check,20.3,6.1656279162004735
Yes,Yes,No,16,No,Fiber optic,No,No,Yes,Yes,No,Yes,Month-to-month,Yes,Electronic check,91.55,7.340219281257076
No,Yes,Yes,48,No phone service,DSL,Yes,Yes,No,Yes,No,No,Two year,No,Mailed check,39.4,7.590675340386566
Yes,Yes,No,30,Yes,Fiber optic,Yes,Yes,Yes,Yes,Yes,No,Month-to-month,Yes,Bank transfer (automatic),105.7,8.06551659150338
No,No,No,3,No,Fiber optic,No,No,No,No,No,No,Month-to-month,Yes,Electronic check,70.25,5.441118165179708
Yes,No,No,57,Yes,Fiber optic,Yes,No,No,Yes,No,Yes,Two year,No,Electronic check,93.75,8.635251744669718
Yes,Yes,No,68,Yes,Fiber optic,Yes,Yes,No,No,No,Yes,One year,Yes,Credit card (automatic),96.55,8.792230656709933
No,Yes,No,23,No,DSL,No,No,No,Yes,Yes,No,One year,No,Bank transfer (automatic),60.0,7.2064885612459335
No,Yes,No,65,No,DSL,No,No,No,Yes,Yes,No,Two year,Yes,Credit card (automatic),59.8,8.24517447231989
No,Yes,No,44,No,Fiber optic,No,No,No,No,Yes,Yes,One year,Yes,Bank transfer (automatic),90.65,8.28781776222551
No,Yes,Yes,71,Yes,Fiber optic,Yes,Yes,Yes,No,Yes,Yes,Two year,Yes,Bank transfer (automatic),109.0,8.944132731190946
No,Yes,No,37,Yes,DSL,Yes,No,Yes,Yes,No,No,One year,No,Credit card (automatic),68.1,7.816114640530012
No,No,No,12,No,No,No internet service,No internet service,No internet service,No internet service,No internet service,No internet service,Month-to-month,No,Mailed check,20.4,5.589493328254074
No,Yes,Yes,69,Yes,DSL,No,Yes,Yes,Yes,Yes,Yes,Two year,Yes,Bank transfer (automatic),81.95,8.630950356341307
No,No,No,35,No,DSL,Yes,Yes,Yes,No,No,No,Month-to-month,No,Electronic check,60.55,7.592668654614979
No,No,No,5,No,DSL,No,Yes,No,Yes,No,Yes,Month-to-month,Yes,Bank transfer (automatic),65.6,5.831589179143857
No,Yes,Yes,58,Yes,Fiber optic,No,No,No,No,Yes,No,Two year,No,Bank transfer (automatic),82.5,8.482405039930521
No,Yes,No,72,Yes,DSL,Yes,Yes,Yes,Yes,No,Yes,Two year,Yes,Bank transfer (automatic),82.3,8.696435010683269
No,Yes,No,72,Yes,DSL,Yes,Yes,Yes,Yes,No,No,Two year,No,Mailed check,68.15,8.478389991092344
No,No,No,1,No,No,No internet service,No internet service,No internet service,No internet service,No internet service,No internet service,Month-to-month,No,Credit card (automatic),20.3,3.0587070727153796
No,No,No,39,No,Fiber optic,Yes,No,Yes,Yes,Yes,No,One year,Yes,Electronic check,95.55,8.214424553545985
No,Yes,Yes,53,No,No,No internet service,No internet service,No internet service,No internet service,No internet service,No internet service,One year,No,Credit card (automatic),20.2,6.974619219235644
No,No,No,27,No,Fiber optic,No,No,Yes,Yes,No,Yes,Month-to-month,Yes,Electronic check,89.2,7.7767866743720315
Yes,No,No,1,No,Fiber optic,No,No,No,No,No,No,Month-to-month,Yes,Electronic check,69.65,4.257738109130536
Yes,No,No,1,No,Fiber optic,No,No,No,No,Yes,Yes,Month-to-month,Yes,Electronic check,89.3,4.5031374604229395
No,Yes,No,18,No,Fiber optic,Yes,No,No,No,No,No,Month-to-month,No,Electronic check,74.8,7.27173845263536
No,Yes,Yes,46,No,No,No internet service,No internet service,No internet service,No internet service,No internet service,No internet service,Two year,Yes,Mailed check,20.2,6.822687466592074
No,Yes,No,72,Yes,DSL,Yes,No,Yes,Yes,Yes,Yes,Two year,Yes,Credit card (automatic),84.4,8.715625929974454
No,No,No,36,No,Fiber optic,No,No,Yes,Yes,No,Yes,Month-to-month,Yes,Electronic check,87.55,8.032392625474397
No,Yes,No,4,No phone service,DSL,No,No,No,No,No,No,Month-to-month,Yes,Electronic check,25.15,4.614625344758847
No,No,No,25,No,No,No internet service,No internet service,No internet service,No internet service,No internet service,No internet service,Two year,No,Credit card (automatic),19.8,6.165837934052762
No,Yes,Yes,40,No phone service,DSL,No,Yes,No,No,Yes,Yes,Month-to-month,Yes,Electronic check,50.85,7.61950338469122
No,Yes,No,63,Yes,Fiber optic,No,Yes,Yes,No,Yes,Yes,Month-to-month,Yes,Electronic check,102.4,8.771067673295097
Yes,No,No,15,No,Fiber optic,Yes,No,Yes,Yes,No,Yes,Month-to-month,Yes,Mailed check,96.3,7.263855057544973
No,No,No,14,Yes,DSL,No,Yes,No,No,No,No,Month-to-month,Yes,Credit card (automatic),55.5,6.644505622670941
Yes,Yes,No,72,Yes,Fiber optic,No,Yes,Yes,Yes,Yes,Yes,Two year,Yes,Bank transfer (automatic),109.75,8.978849579174144
No,No,No,39,Yes,Fiber optic,Yes,Yes,No,No,Yes,Yes,Month-to-month,Yes,Electronic check,106.4,8.304408303417732
No,Yes,Yes,47,No phone service,DSL,Yes,Yes,Yes,No,Yes,Yes,Two year,Yes,Credit card (automatic),60.0,7.926476237407458
No,Yes,No,19,Yes,Fiber optic,Yes,Yes,No,Yes,No,No,Month-to-month,Yes,Credit card (automatic),88.8,7.422582884127426
No,No,No,5,Yes,Fiber optic,No,No,No,No,Yes,No,Month-to-month,Yes,Electronic check,85.2,6.164997597868857
No,No,No,13,No phone service,DSL,No,No,No,No,No,Yes,Month-to-month,Yes,Electronic check,35.1,6.102782283239935
No,No,No,17,Yes,Fiber optic,No,No,Yes,No,No,No,Month-to-month,No,Bank transfer (automatic),80.05,7.2053753059728765
Yes,Yes,No,34,Yes,Fiber optic,No,No,No,No,No,No,Month-to-month,Yes,Electronic check,75.55,7.794163956374371
No,No,No,42,No,DSL,No,Yes,No,No,No,No,Month-to-month,Yes,Electronic check,49.55,7.639618237544757
No,Yes,No,5,Yes,Fiber optic,No,Yes,No,No,No,No,Month-to-month,Yes,Electronic check,81.3,6.033805387597507
No,Yes,Yes,71,Yes,No,No internet service,No internet service,No internet service,No internet service,No internet service,No internet service,Two year,No,Credit card (automatic),23.9,7.41728005701508
Yes,Yes,No,19,No,DSL,Yes,No,Yes,No,Yes,No,Month-to-month,No,Bank transfer (automatic),66.4,7.1601080568803335
No,No,Yes,2,No,No,No internet service,No internet service,No internet service,No internet service,No internet service,No internet service,Month-to-month,Yes,Electronic check,19.6,3.6068556186353455
No,No,No,57,No,No,No internet service,No internet service,No internet service,No internet service,No internet service,No internet service,Two year,No,Credit card (automatic),18.8,6.998829225881509
No,Yes,No,72,Yes,Fiber optic,No,Yes,Yes,Yes,Yes,Yes,Two year,Yes,Electronic check,108.4,8.951634407760919
No,No,No,6,No,Fiber optic,No,Yes,No,No,No,Yes,Month-to-month,Yes,Mailed check,85.95,6.245331271065032
No,Yes,Yes,17,Yes,Fiber optic,No,No,No,No,No,Yes,Month-to-month,Yes,Electronic check,85.45,7.281110333172068
No,Yes,No,61,Yes,DSL,No,Yes,Yes,No,Yes,Yes,Two year,No,Bank transfer (automatic),80.9,8.503803954297222
No,Yes,Yes,1,No,Fiber optic,No,No,No,No,No,No,Month-to-month,Yes,Electronic check,71.0,4.276666119016055
No,Yes,Yes,48,Yes,Fiber optic,Yes,Yes,Yes,Yes,Yes,Yes,Two year,No,Credit card (automatic),111.8,8.60238875414588
No,No,No,16,No,No,No internet service,No internet service,No internet service,No internet service,No internet service,No internet service,Month-to-month,Yes,Credit card (automatic),20.6,5.802873377300432
Yes,No,No,9,Yes,Fiber optic,No,No,No,No,No,Yes,Month-to-month,Yes,Electronic check,85.05,6.616734305264841
No,No,No,3,No,DSL,No,No,No,No,No,No,Month-to-month,No,Electronic check,44.6,4.8178592793984425
No,No,Yes,1,No,DSL,No,No,No,No,No,No,Month-to-month,Yes,Electronic check,44.4,3.8155121050473024
No,No,No,65,Yes,Fiber optic,No,Yes,Yes,No,Yes,Yes,Two year,No,Credit card (automatic),105.1,8.799789855068132
No,Yes,Yes,70,Yes,Fiber optic,Yes,Yes,Yes,Yes,Yes,Yes,Two year,Yes,Credit card (automatic),115.15,9.018089684104343
No,Yes,No,60,No,DSL,Yes,No,No,No,Yes,No,One year,Yes,Mailed check,59.8,8.178119574136455
No,Yes,No,69,Yes,No,No internet service,No internet service,No internet service,No internet service,No internet service,No internet service,One year,Yes,Electronic check,26.3,7.475650979353125
Yes,No,No,35,No,Fiber optic,No,No,No,No,No,No,Month-to-month,No,Electronic check,70.55,7.791522819150732
No,No,No,22,No,No,No internet service,No internet service,No internet service,No internet service,No internet service,No internet service,Month-to-month,Yes,Mailed check,20.05,6.155282632337377
No,Yes,Yes,66,Yes,DSL,No,Yes,Yes,No,Yes,Yes,Two year,No,Bank transfer (automatic),79.85,8.563303577709942
Yes,Yes,No,1,No,Fiber optic,No,No,No,No,No,No,Month-to-month,Yes,Electronic check,70.3,4.26689632742025
No,Yes,No,1,No,Fiber optic,No,No,No,No,Yes,No,Month-to-month,Yes,Bank transfer (automatic),79.35,4.386392092183521
No,Yes,Yes,34,Yes,Fiber optic,No,No,Yes,No,No,Yes,Month-to-month,Yes,Credit card (automatic),90.05,8.038512020976814
No,Yes,Yes,72,Yes,No,No internet service,No internet service,No internet service,No internet service,No internet service,No internet service,Two year,No,Bank transfer (automatic),24.45,7.444307127319008
No,Yes,Yes,31,No phone service,DSL,Yes,No,Yes,Yes,Yes,Yes,One year,No,Electronic check,59.95,7.52283280412016
No,No,Yes,30,Yes,No,No internet service,No internet service,No internet service,No internet service,No internet service,No internet service,One year,No,Bank transfer (automatic),25.35,6.5852056712012805
No,No,No,9,No,Fiber optic,No,No,No,No,Yes,Yes,Month-to-month,Yes,Bank transfer (automatic),90.8,6.697959745187427
No,Yes,Yes,20,No,Fiber optic,No,No,No,No,No,No,Month-to-month,Yes,Electronic check,70.45,7.294343331320612
Yes,Yes,No,19,No phone service,DSL,No,Yes,Yes,No,No,No,Month-to-month,Yes,Credit card (automatic),34.3,6.359833350574971
No,Yes,No,65,Yes,Fiber optic,Yes,No,Yes,No,Yes,Yes,Month-to-month,Yes,Electronic check,105.05,8.841585617164554
No,Yes,Yes,30,No,No,No internet service,No internet service,No internet service,No internet service,No internet service,No internet service,Two year,No,Mailed check,19.3,6.403408621313855
No,No,No,6,No,No,No internet service,No internet service,No internet service,No internet service,No internet service,No internet service,One year,No,Mailed check,19.15,4.83150862819882
No,No,No,2,No phone service,DSL,No,Yes,No,No,Yes,Yes,Month-to-month,No,Electronic check,51.4,4.582924577040772
No,Yes,Yes,53,Yes,DSL,Yes,No,No,Yes,No,Yes,Month-to-month,No,Electronic check,71.85,8.250332834656755
Yes,Yes,No,7,Yes,Fiber optic,No,No,No,No,No,No,Month-to-month,Yes,Electronic check,75.4,6.280489467535705
No,Yes,Yes,61,No,DSL,Yes,No,No,No,No,No,One year,Yes,Bank transfer (automatic),49.7,7.993755029599403
Yes,No,No,70,No phone service,DSL,No,No,No,No,Yes,Yes,One year,Yes,Electronic check,45.25,8.091152857634613
No,No,No,13,Yes,DSL,Yes,No,Yes,No,Yes,Yes,Month-to-month,Yes,Electronic check,78.75,6.9040986014785934
Yes,Yes,No,35,Yes,Fiber optic,No,No,Yes,No,No,No,One year,Yes,Bank transfer (automatic),81.6,7.943161491746454
No,Yes,No,2,No,Fiber optic,No,No,No,No,No,No,Month-to-month,Yes,Credit card (automatic),70.4,5.048573133436648
No,No,No,3,Yes,Fiber optic,No,No,No,No,No,No,Month-to-month,Yes,Electronic check,75.8,5.510602174527371
No,No,No,3,Yes,Fiber optic,No,No,No,No,No,No,Month-to-month,No,Electronic check,76.1,5.555282466337757
No,No,No,62,Yes,Fiber optic,No,No,No,No,Yes,Yes,One year,Yes,Bank transfer (automatic),94.0,8.658380204851637
No,Yes,Yes,72,Yes,Fiber optic,Yes,Yes,Yes,Yes,No,Yes,Two year,No,Credit card (automatic),103.95,8.925148529659314
No,Yes,No,63,No,No,No internet service,No internet service,No internet service,No internet service,No internet service,No internet service,Two year,Yes,Bank transfer (automatic),19.95,7.119473812626879
Yes,No,No,20,No,Fiber optic,No,No,No,No,No,No,Month-to-month,No,Credit card (automatic),71.3,7.237202900666386
Yes,No,No,35,Yes,Fiber optic,Yes,Yes,Yes,Yes,Yes,Yes,One year,Yes,Bank transfer (automatic),110.8,8.252524273273457
Yes,Yes,No,21,No,Fiber optic,No,No,No,No,No,No,Month-to-month,Yes,Electronic check,69.1,7.296921614120799
No,Yes,No,62,Yes,Fiber optic,Yes,Yes,No,No,No,Yes,One year,No,Electronic check,96.1,8.699922998198158
No,No,No,15,Yes,DSL,No,No,No,No,No,No,Month-to-month,Yes,Mailed check,48.8,6.5807778239227135
No,No,No,55,No,DSL,Yes,No,No,No,No,No,Month-to-month,Yes,Credit card (automatic),50.55,7.949356201821739
No,No,No,11,No,DSL,No,No,No,No,No,No,Month-to-month,Yes,Mailed check,44.65,6.159623790089432
No,Yes,Yes,17,Yes,Fiber optic,No,No,Yes,No,Yes,No,Month-to-month,No,Electronic check,88.25,7.287321213564613
No,No,No,61,No,No,No internet service,No internet service,No internet service,No internet service,No internet service,No internet service,One year,No,Bank transfer (automatic),19.45,7.198445322948222
No,Yes,No,71,Yes,DSL,Yes,Yes,Yes,Yes,Yes,Yes,Two year,No,Credit card (automatic),89.3,8.762434772788538
No,No,No,2,No,Fiber optic,No,No,No,No,No,No,Month-to-month,No,Bank transfer (automatic),70.0,5.037277225042677
No,No,No,35,No,No,No internet service,No internet service,No internet service,No internet service,No internet service,No internet service,Two year,No,Mailed check,19.25,6.520473841307601
No,No,No,17,No,Fiber optic,No,No,No,No,No,No,Month-to-month,No,Bank transfer (automatic),70.5,7.0618488143195375
No,No,No,21,Yes,Fiber optic,No,No,No,No,Yes,Yes,Month-to-month,Yes,Electronic check,97.35,7.659407188914646
No,Yes,No,47,No,No,No internet service,No internet service,No internet service,No internet service,No internet service,No internet service,Two year,No,Bank transfer (automatic),19.65,6.827141574987891
No,Yes,No,3,No,No,No internet service,No internet service,No internet service,No internet service,No internet service,No internet service,Month-to-month,No,Mailed check,20.85,4.290459441148391
No,No,No,3,No,No,No internet service,No internet service,No internet service,No internet service,No internet service,No internet service,Month-to-month,Yes,Mailed check,19.65,4.239166146760841
Yes,Yes,No,44,No,No,No internet service,No internet service,No internet service,No internet service,No internet service,No internet service,Two year,Yes,Credit card (automatic),19.35,6.743175403664339
No,No,No,1,No,DSL,No,No,No,No,No,No,Month-to-month,Yes,Mailed check,44.0,3.8066624897703196
No,Yes,Yes,44,Yes,Fiber optic,No,Yes,Yes,No,No,Yes,One year,No,Electronic check,94.4,8.365521104006048
No,Yes,Yes,5,Yes,No,No internet service,No internet service,No internet service,No internet service,No internet service,No internet service,Month-to-month,Yes,Bank transfer (automatic),25.9,4.912654885736052
No,No,No,24,Yes,DSL,Yes,No,No,No,No,No,Month-to-month,Yes,Bank transfer (automatic),55.65,7.24533404602983
No,No,Yes,1,No,Fiber optic,No,No,No,No,No,No,Month-to-month,Yes,Electronic check,69.65,4.257738109130536
No,No,No,18,No,Fiber optic,Yes,No,No,No,No,No,Month-to-month,Yes,Electronic check,75.4,7.230852756654873
No,No,No,10,Yes,Fiber optic,No,No,Yes,No,Yes,Yes,Month-to-month,Yes,Electronic check,100.6,6.967155622263585
No,Yes,No,65,No,DSL,Yes,Yes,Yes,No,No,Yes,Two year,No,Bank transfer (automatic),71.0,8.386446489367994
Yes,No,No,1,No,Fiber optic,No,Yes,No,No,No,Yes,Month-to-month,Yes,Electronic check,86.0,4.465908118654584
No,No,No,53,Yes,Fiber optic,Yes,No,Yes,No,Yes,Yes,One year,Yes,Credit card (automatic),106.95,8.663282897288132
No,No,No,3,No,No,No internet service,No internet service,No internet service,No internet service,No internet service,No internet service,One year,No,Mailed check,21.2,3.971234865059992
No,Yes,No,33,No,DSL,Yes,Yes,No,Yes,No,No,Two year,Yes,Mailed check,61.05,7.610555716570221
No,No,No,3,No phone service,DSL,No,Yes,No,No,No,No,Month-to-month,Yes,Electronic check,29.6,4.387635873438392
No,No,No,34,No,DSL,Yes,No,Yes,Yes,Yes,Yes,One year,Yes,Bank transfer (automatic),79.95,7.911433983591508
No,Yes,Yes,14,No,No,No internet service,No internet service,No internet service,No internet service,No internet service,No internet service,Two year,Yes,Mailed check,19.7,5.578408198303997
No,No,No,13,No,No,No internet service,No internet service,No internet service,No internet service,No internet service,No internet service,Month-to-month,Yes,Mailed check,20.3,5.621849091893515
Yes,Yes,No,46,No phone service,DSL,No,Yes,Yes,Yes,Yes,Yes,One year,Yes,Bank transfer (automatic),59.9,7.943658483183582
No,Yes,Yes,23,Yes,No,No internet service,No internet service,No internet service,No internet service,No internet service,No internet service,One year,No,Mailed check,24.35,6.290642784698189
No,Yes,Yes,47,No,No,No internet service,No internet service,No internet service,No internet service,No internet service,No internet service,Two year,No,Mailed check,19.75,6.856356715896137
No,No,Yes,17,No,DSL,Yes,No,No,No,No,No,Month-to-month,Yes,Mailed check,50.3,6.742644758918536
No,Yes,Yes,49,Yes,Fiber optic,No,No,No,No,Yes,Yes,Month-to-month,Yes,Electronic check,95.6,8.473136805219317
Yes,Yes,No,59,No phone service,DSL,No,Yes,No,No,Yes,Yes,Month-to-month,Yes,Electronic check,50.25,8.005850767465367
No,No,No,69,Yes,DSL,Yes,No,Yes,Yes,Yes,Yes,Two year,Yes,Credit card (automatic),85.35,8.682436406675441
No,No,No,11,No phone service,DSL,No,No,Yes,No,Yes,No,One year,Yes,Electronic check,41.6,6.156131168663216
No,No,No,10,No,DSL,Yes,No,No,No,No,No,Month-to-month,Yes,Mailed check,51.65,6.264350190317006
No,Yes,Yes,12,Yes,No,No internet service,No internet service,No internet service,No internet service,No internet service,No internet service,Two year,Yes,Bank transfer (automatic),24.0,5.600826473242987
No,No,No,45,Yes,Fiber optic,No,Yes,No,No,Yes,Yes,Month-to-month,Yes,Credit card (automatic),100.85,8.464003362902119
No,Yes,Yes,39,No,DSL,No,No,Yes,No,Yes,No,Month-to-month,Yes,Mailed check,59.85,7.758974014112577
Yes,Yes,No,71,Yes,No,No internet service,No internet service,No internet service,No internet service,No internet service,No internet service,Two year,No,Credit card (automatic),25.45,7.490333961411227
No,Yes,Yes,71,Yes,No,No internet service,No internet service,No internet service,No internet service,No internet service,No internet service,Two year,No,Credit card (automatic),23.9,7.394738928262557
No,Yes,Yes,33,Yes,No,No internet service,No internet service,No internet service,No internet service,No internet service,No internet service,One year,No,Credit card (automatic),24.15,6.686235408784025
Yes,No,No,67,Yes,Fiber optic,No,No,No,No,No,No,Month-to-month,Yes,Mailed check,75.7,8.529487308109715
No,Yes,Yes,37,No phone service,DSL,Yes,Yes,Yes,No,No,No,Month-to-month,No,Bank transfer (automatic),40.2,7.279180894866777
No,Yes,Yes,49,Yes,Fiber optic,No,No,No,No,Yes,No,Month-to-month,No,Electronic check,84.5,8.356049786039481
No,Yes,No,9,No,DSL,No,Yes,No,No,No,No,Month-to-month,No,Mailed check,50.85,6.147613229597914
No,Yes,No,52,Yes,Fiber optic,Yes,No,Yes,Yes,No,No,Two year,Yes,Credit card (automatic),91.6,8.440052934221871
No,No,No,70,Yes,Fiber optic,No,Yes,No,No,Yes,Yes,One year,No,Electronic check,98.9,8.830484529374438
No,No,No,1,No,Fiber optic,No,Yes,No,No,No,Yes,Month-to-month,Yes,Electronic check,85.0,4.454347296253507
Yes,No,No,14,Yes,Fiber optic,No,Yes,No,No,No,No,Month-to-month,Yes,Electronic check,78.95,7.005653017258597
No,No,No,1,No,DSL,No,No,No,No,No,No,Month-to-month,Yes,Mailed check,44.3,3.8133070324889884
No,No,No,1,No,No,No internet service,No internet service,No internet service,No internet service,No internet service,No internet service,Month-to-month,No,Mailed check,20.2,3.054001181677967
No,No,No,52,Yes,Fiber optic,No,Yes,No,No,No,No,One year,Yes,Mailed check,80.2,8.366044667273176
No,No,No,6,No,DSL,No,No,Yes,No,Yes,No,Month-to-month,No,Mailed check,60.9,6.028519455058993
No,Yes,No,7,No phone service,DSL,Yes,Yes,No,No,No,No,Month-to-month,No,Mailed check,34.2,5.551407994230199
Yes,No,No,47,Yes,Fiber optic,No,Yes,Yes,No,No,No,Month-to-month,Yes,Bank transfer (automatic),85.2,8.286609531004332
No,No,No,26,No,Fiber optic,Yes,No,Yes,Yes,No,No,One year,Yes,Credit card (automatic),87.15,7.729779286462969
No,Yes,Yes,25,No,DSL,Yes,No,No,Yes,No,No,Month-to-month,No,Electronic check,54.3,7.168425802187068
No,No,No,69,No,No,No internet service,No internet service,No internet service,No internet service,No internet service,No internet service,Two year,Yes,Mailed check,19.1,7.146654062240853
No,No,No,72,Yes,Fiber optic,Yes,Yes,Yes,Yes,Yes,Yes,Two year,Yes,Credit card (automatic),112.75,9.011108640708287
No,No,No,4,No,No,No internet service,No internet service,No internet service,No internet service,No internet service,No internet service,Month-to-month,Yes,Mailed check,19.95,4.098502572370764
No,Yes,Yes,59,No,No,No internet service,No internet service,No internet service,No internet service,No internet service,No internet service,Two year,No,Mailed check,19.5,7.046516721023712
No,No,No,67,No,DSL,Yes,No,Yes,No,No,Yes,Two year,No,Bank transfer (automatic),65.55,8.380812027763055
Yes,No,No,26,No,Fiber optic,No,No,No,No,No,Yes,Month-to-month,Yes,Electronic check,78.8,7.604446173165448
No,No,No,27,No,DSL,No,Yes,Yes,Yes,Yes,Yes,One year,No,Mailed check,78.2,7.640099133944896
No,Yes,Yes,72,Yes,Fiber optic,Yes,No,Yes,No,Yes,Yes,Two year,No,Bank transfer (automatic),105.25,8.937317000533062
No,No,No,6,No,Fiber optic,No,No,Yes,Yes,No,Yes,Month-to-month,Yes,Electronic check,89.25,6.1904178596209745
No,Yes,Yes,62,No,No,No internet service,No internet service,No internet service,No internet service,No internet service,No internet service,Two year,No,Credit card (automatic),20.65,7.106155216405431
No,No,No,20,Yes,DSL,No,Yes,No,Yes,Yes,No,One year,Yes,Electronic check,68.7,7.256438372991317
No,No,No,6,No,DSL,Yes,No,Yes,Yes,Yes,Yes,Month-to-month,No,Credit card (automatic),78.65,6.182704549409183
No,No,No,51,Yes,No,No internet service,No internet service,No internet service,No internet service,No internet service,No internet service,Two year,No,Mailed check,24.75,7.119311961044427
No,Yes,Yes,61,No,No,No internet service,No internet service,No internet service,No internet service,No internet service,No internet service,Two year,No,Credit card (automatic),19.75,7.179765182039622
Yes,Yes,No,62,Yes,Fiber optic,Yes,Yes,Yes,No,No,No,Month-to-month,Yes,Electronic check,89.1,8.633962379969956
No,No,No,72,Yes,Fiber optic,Yes,No,No,Yes,No,No,Two year,Yes,Bank transfer (automatic),84.7,8.730068201253648
Yes,Yes,No,13,No,Fiber optic,No,Yes,Yes,No,Yes,Yes,Month-to-month,Yes,Electronic check,98.0,7.121938808924836
No,Yes,No,5,No,Fiber optic,No,No,Yes,No,Yes,Yes,Month-to-month,Yes,Electronic check,94.45,6.2128064764755635
Yes,No,No,3,Yes,Fiber optic,No,Yes,Yes,No,Yes,Yes,Month-to-month,Yes,Electronic check,105.0,5.688499617791684
Yes,Yes,No,26,Yes,Fiber optic,No,Yes,Yes,No,No,Yes,Month-to-month,Yes,Electronic check,93.85,7.775926621667013
Yes,No,No,13,No,DSL,No,Yes,No,No,Yes,No,Month-to-month,Yes,Electronic check,59.9,6.671209821977736
No,Yes,Yes,38,No,No,No internet service,No internet service,No internet service,No internet service,No internet service,No internet service,Two year,Yes,Mailed check,19.95,6.629891515467694
Yes,Yes,No,8,Yes,Fiber optic,No,No,No,No,No,Yes,Month-to-month,Yes,Electronic check,84.0,6.420646181833463
Yes,Yes,Yes,34,Yes,Fiber optic,No,Yes,Yes,Yes,Yes,Yes,Month-to-month,Yes,Electronic check,108.9,8.195940546991709
No,No,No,18,No phone service,DSL,Yes,No,Yes,No,No,No,Month-to-month,No,Mailed check,33.6,6.312369816204687
No,Yes,Yes,56,No,Fiber optic,No,Yes,Yes,Yes,No,No,One year,Yes,Mailed check,85.85,8.475287276332946
No,No,No,36,No phone service,DSL,No,Yes,No,Yes,No,No,Month-to-month,Yes,Bank transfer (automatic),34.85,7.145353851265932
No,Yes,No,9,No phone service,DSL,No,No,Yes,No,Yes,Yes,Month-to-month,Yes,Electronic check,48.75,6.094021135433074
No,No,No,1,No,Fiber optic,No,No,Yes,No,Yes,No,Month-to-month,Yes,Electronic check,84.85,4.4526015873434845
No,No,No,12,No,DSL,Yes,No,No,Yes,No,No,Month-to-month,No,Mailed check,56.65,6.485932104261154
Yes,Yes,Yes,57,No,Fiber optic,No,Yes,Yes,Yes,Yes,No,Month-to-month,Yes,Credit card (automatic),95.3,8.624872017714097
No,No,No,42,No,DSL,Yes,Yes,Yes,Yes,No,Yes,One year,No,Credit card (automatic),73.9,8.058817692651166
No,Yes,Yes,33,Yes,No,No internet service,No internet service,No internet service,No internet service,No internet service,No internet service,Two year,Yes,Mailed check,24.5,6.608405401662674
No,Yes,No,70,No,Fiber optic,Yes,Yes,No,Yes,No,No,Two year,No,Bank transfer (automatic),84.6,8.649483814604627
No,No,No,68,No phone service,DSL,No,Yes,No,Yes,No,Yes,Month-to-month,No,Electronic check,44.95,8.03474444191656
No,No,Yes,1,No phone service,DSL,No,No,No,No,No,No,Month-to-month,Yes,Electronic check,24.7,3.246490991901174
No,No,No,37,Yes,Fiber optic,No,No,No,Yes,Yes,Yes,Month-to-month,No,Credit card (automatic),100.3,8.172559742514318
No,No,Yes,4,Yes,No,No internet service,No internet service,No internet service,No internet service,No internet service,No internet service,Month-to-month,Yes,Mailed check,25.45,4.44500143383527
No,No,No,1,No,DSL,Yes,No,No,No,No,No,Month-to-month,Yes,Mailed check,50.7,3.9454577815143836
No,No,No,20,No phone service,DSL,Yes,Yes,Yes,Yes,Yes,No,Month-to-month,Yes,Credit card (automatic),55.0,7.061805953809062
No,Yes,Yes,72,No,DSL,Yes,Yes,No,Yes,Yes,No,Two year,No,Bank transfer (automatic),68.4,8.488042405924537
No,No,No,31,Yes,Fiber optic,No,No,Yes,No,No,Yes,Month-to-month,Yes,Electronic check,89.9,7.940192151975948
Yes,Yes,No,18,No,Fiber optic,No,No,No,No,No,Yes,Month-to-month,No,Electronic check,78.55,7.260979275244611
No,Yes,No,11,No,DSL,No,No,No,No,Yes,No,Month-to-month,Yes,Bank transfer (automatic),55.05,6.412064542800416
No,Yes,Yes,33,No,No,No internet service,No internet service,No internet service,No internet service,No internet service,No internet service,Two year,No,Credit card (automatic),19.8,6.465133326477619
Yes,No,No,62,Yes,Fiber optic,No,No,No,No,Yes,No,One year,No,Electronic check,84.45,8.509191261197179
No,No,No,1,No phone service,DSL,No,No,Yes,Yes,No,No,Month-to-month,No,Mailed check,35.9,3.6082115510464816
No,Yes,No,16,No,Fiber optic,Yes,Yes,No,No,No,No,Month-to-month,No,Bank transfer (automatic),80.75,7.187127923562777
No,Yes,Yes,22,Yes,DSL,No,No,Yes,Yes,Yes,Yes,One year,Yes,Mailed check,78.65,7.417430240990732
No,Yes,Yes,49,No,DSL,Yes,No,Yes,Yes,No,No,Month-to-month,No,Bank transfer (automatic),61.75,8.014715956012418
No,Yes,Yes,36,No,DSL,Yes,No,Yes,No,No,Yes,One year,Yes,Credit card (automatic),63.7,7.6914284862414535
No,Yes,No,42,Yes,Fiber optic,No,Yes,Yes,Yes,No,Yes,Month-to-month,Yes,Electronic check,99.45,8.32822157188838
Yes,No,No,4,No phone service,DSL,No,No,No,No,No,No,Month-to-month,Yes,Bank transfer (automatic),25.2,4.639571612705423
No,No,No,12,Yes,DSL,No,No,No,Yes,Yes,Yes,One year,No,Mailed check,74.05,6.772679837785048
No,No,No,31,No,Fiber optic,Yes,No,Yes,Yes,No,No,Month-to-month,No,Electronic check,87.6,7.910315446008468
No,Yes,No,5,Yes,Fiber optic,Yes,No,No,No,No,Yes,Month-to-month,Yes,Electronic check,89.15,6.026469656306673
No,Yes,Yes,66,No,No,No internet service,No internet service,No internet service,No internet service,No internet service,No internet service,Two year,No,Credit card (automatic),20.0,7.226354454068639
Yes,No,No,15,Yes,DSL,No,No,No,Yes,No,No,Month-to-month,No,Credit card (automatic),55.0,6.630815303062258
No,No,No,64,Yes,Fiber optic,No,Yes,Yes,No,Yes,Yes,Two year,Yes,Bank transfer (automatic),104.4,8.808914594775409
No,Yes,Yes,10,No,No,No internet service,No internet service,No internet service,No internet service,No internet service,No internet service,Month-to-month,Yes,Credit card (automatic),20.05,5.391352232515226
No,Yes,Yes,7,No,Fiber optic,No,Yes,No,Yes,Yes,No,Month-to-month,Yes,Electronic check,89.75,6.413131034554154
No,No,No,29,No phone service,DSL,No,Yes,No,Yes,No,No,Month-to-month,No,Electronic check,34.3,6.9134888108298975
No,No,No,57,No,No,No internet service,No internet service,No internet service,No internet service,No internet service,No internet service,Two year,No,Bank transfer (automatic),20.65,7.0269595264606135
No,No,No,46,Yes,Fiber optic,Yes,Yes,No,No,No,No,Month-to-month,No,Mailed check,84.25,8.255464724786458
No,No,No,53,No,No,No internet service,No internet service,No internet service,No internet service,No internet service,No internet service,Two year,No,Bank transfer (automatic),19.65,6.88653164253051
No,No,No,17,No,DSL,Yes,Yes,No,Yes,Yes,Yes,One year,No,Credit card (automatic),79.85,7.235871270662697
No,Yes,Yes,38,No,No,No internet service,No internet service,No internet service,No internet service,No internet service,No internet service,Two year,Yes,Mailed check,20.2,6.616132117297094
No,No,No,15,No,No,No internet service,No internet service,No internet service,No internet service,No internet service,No internet service,One year,No,Mailed check,19.8,5.722277057292366
No,No,No,22,No phone service,DSL,No,Yes,No,No,Yes,Yes,Month-to-month,Yes,Electronic check,50.35,7.002929085851732
No,Yes,No,14,Yes,Fiber optic,No,No,No,No,No,Yes,Month-to-month,Yes,Electronic check,85.15,7.038958964597482
No,Yes,No,57,Yes,DSL,No,Yes,Yes,Yes,Yes,No,One year,No,Bank transfer (automatic),74.6,8.382506846376582
Yes,No,No,11,No,Fiber optic,No,No,No,No,No,Yes,Month-to-month,Yes,Credit card (automatic),79.15,6.719858207854997
No,Yes,Yes,1,No,No,No internet service,No internet service,No internet service,No internet service,No internet service,No internet service,Two year,No,Mailed check,20.35,3.0610517396746335
No,Yes,Yes,12,No,No,No internet service,No internet service,No internet service,No internet service,No internet service,No internet service,Two year,No,Bank transfer (automatic),21.05,5.572344128176816
Yes,Yes,No,3,Yes,Fiber optic,No,No,No,No,Yes,Yes,Month-to-month,Yes,Electronic check,94.6,5.636751962196981
No,No,Yes,36,No,Fiber optic,No,Yes,No,No,Yes,Yes,Month-to-month,Yes,Electronic check,94.7,8.164367970632252
No,No,No,16,No,Fiber optic,Yes,No,No,No,Yes,Yes,Month-to-month,Yes,Electronic check,94.25,7.302664873150785
No,Yes,Yes,65,Yes,DSL,Yes,Yes,Yes,No,No,Yes,One year,No,Credit card (automatic),72.45,8.4456649657763
No,No,No,2,No,Fiber optic,No,Yes,No,No,No,No,Month-to-month,No,Electronic check,74.95,5.028802598051705
No,No,No,42,Yes,Fiber optic,Yes,No,Yes,No,Yes,Yes,Month-to-month,Yes,Electronic check,105.2,8.389757468106554
No,Yes,Yes,72,No,Fiber optic,Yes,Yes,Yes,Yes,Yes,Yes,Two year,No,Bank transfer (automatic),111.95,8.991450261941589
No,No,No,62,No,No,No internet service,No internet service,No internet service,No internet service,No internet service,No internet service,Two year,No,Bank transfer (automatic),19.85,7.13461192820823
No,No,No,6,Yes,Fiber optic,No,Yes,No,No,Yes,No,Month-to-month,Yes,Electronic check,89.75,6.316532718144117
No,Yes,No,48,No,No,No internet service,No internet service,No internet service,No internet service,No internet service,No internet service,Two year,Yes,Mailed check,20.05,6.9440872082295275
No,No,No,35,Yes,Fiber optic,Yes,No,Yes,Yes,Yes,Yes,Two year,Yes,Electronic check,108.95,8.3006527912356
No,No,Yes,52,No,No,No internet service,No internet service,No internet service,No internet service,No internet service,No internet service,One year,No,Credit card (automatic),19.65,6.834539216650878
No,No,No,1,No phone service,DSL,No,No,No,No,No,No,Month-to-month,Yes,Mailed check,24.9,3.254242968705492
No,Yes,No,6,Yes,Fiber optic,No,No,No,No,Yes,No,Month-to-month,Yes,Electronic check,82.85,6.133940195354737
No,Yes,No,71,Yes,DSL,Yes,Yes,Yes,Yes,Yes,Yes,Two year,No,Credit card (automatic),93.2,8.780656851327029
No,Yes,Yes,67,No,Fiber optic,Yes,Yes,Yes,No,No,No,One year,No,Bank transfer (automatic),84.8,8.63039686891009
Yes,No,No,60,Yes,DSL,Yes,Yes,No,No,No,Yes,One year,Yes,Electronic check,71.75,8.38378750517605
No,Yes,Yes,23,No phone service,DSL,No,No,No,Yes,No,No,Month-to-month,Yes,Bank transfer (automatic),30.35,6.52172508351258
No,No,Yes,39,No phone service,DSL,No,No,Yes,Yes,Yes,Yes,One year,No,Bank transfer (automatic),54.85,7.692888940154456
No,Yes,Yes,15,No,No,No internet service,No internet service,No internet service,No internet service,No internet service,No internet service,One year,Yes,Mailed check,19.5,5.483759050678235
Yes,Yes,No,53,Yes,Fiber optic,No,Yes,Yes,No,Yes,Yes,Month-to-month,Yes,Electronic check,103.85,8.610045808430854
No,Yes,Yes,24,Yes,No,No internet service,No internet service,No internet service,No internet service,No internet service,No internet service,Two year,No,Mailed check,24.2,6.413540921021343
No,Yes,Yes,37,No,No,No internet service,No internet service,No internet service,No internet service,No internet service,No internet service,Month-to-month,No,Electronic check,19.35,6.529053808143187
No,Yes,Yes,5,No,Fiber optic,No,Yes,No,No,No,Yes,Month-to-month,Yes,Electronic check,83.6,6.004380772374528
Yes,Yes,No,50,Yes,Fiber optic,No,No,No,Yes,Yes,Yes,One year,Yes,Electronic check,100.65,8.554633474390082
No,No,No,54,No,Fiber optic,No,No,Yes,No,Yes,Yes,One year,Yes,Credit card (automatic),94.1,8.529497185872401
No,No,No,3,No,Fiber optic,Yes,No,No,No,No,No,Month-to-month,Yes,Electronic check,74.55,5.458095042240426
No,No,No,68,Yes,Fiber optic,No,Yes,Yes,Yes,Yes,Yes,One year,No,Electronic check,108.45,8.878713378184818
No,No,No,5,No,DSL,No,No,Yes,Yes,No,No,Month-to-month,No,Electronic check,56.15,5.678293711889035
No,No,No,33,No,No,No internet service,No internet service,No internet service,No internet service,No internet service,No internet service,Two year,No,Mailed check,20.35,6.537777963803526
No,No,No,41,Yes,DSL,No,Yes,Yes,No,Yes,Yes,One year,Yes,Electronic check,80.55,8.090984413370126
No,Yes,Yes,34,No phone service,DSL,Yes,No,Yes,Yes,Yes,Yes,One year,No,Mailed check,61.25,7.597998246394693
No,Yes,Yes,13,No,No,No internet service,No internet service,No internet service,No internet service,No internet service,No internet service,Month-to-month,Yes,Mailed check,20.45,5.543222409643759
No,No,No,20,No,No,No internet service,No internet service,No internet service,No internet service,No internet service,No internet service,Month-to-month,Yes,Credit card (automatic),18.9,5.85406855366702
Yes,No,No,51,No,No,No internet service,No internet service,No internet service,No internet service,No internet service,No internet service,Two year,No,Credit card (automatic),19.6,6.876161407390958
No,Yes,No,3,Yes,Fiber optic,No,Yes,No,No,No,Yes,Month-to-month,Yes,Credit card (automatic),91.5,5.496963286261846
No,No,Yes,41,No,DSL,No,No,No,No,No,No,Month-to-month,No,Bank transfer (automatic),45.2,7.519095696837992
No,No,No,13,No,No,No internet service,No internet service,No internet service,No internet service,No internet service,No internet service,Month-to-month,No,Credit card (automatic),19.45,5.4514675460417115
No,Yes,Yes,35,Yes,No,No internet service,No internet service,No internet service,No internet service,No internet service,No internet service,Two year,No,Bank transfer (automatic),25.45,6.697342842021657
No,Yes,No,12,No,Fiber optic,Yes,No,No,Yes,No,No,Month-to-month,No,Bank transfer (automatic),80.85,6.765557873272337
No,No,No,4,No,Fiber optic,Yes,Yes,No,Yes,No,Yes,Month-to-month,Yes,Mailed check,94.9,5.890400344620961
No,No,No,43,No phone service,DSL,No,No,Yes,No,Yes,Yes,Month-to-month,Yes,Bank transfer (automatic),49.05,7.638776111970164
Yes,Yes,Yes,12,No phone service,DSL,No,No,No,Yes,No,No,Month-to-month,Yes,Mailed check,29.3,5.877455630496114
Yes,Yes,No,68,Yes,Fiber optic,No,Yes,Yes,No,Yes,Yes,Month-to-month,Yes,Electronic check,105.3,8.89571866426845
Yes,No,No,25,Yes,Fiber optic,No,Yes,No,No,Yes,No,Month-to-month,Yes,Electronic check,88.95,7.737267334062599
No,No,No,7,No,No,No internet service,No internet service,No internet service,No internet service,No internet service,No internet service,One year,No,Mailed check,20.25,4.868687631440574
Yes,Yes,No,66,Yes,Fiber optic,No,Yes,Yes,Yes,Yes,Yes,One year,Yes,Electronic check,110.85,8.921691165334195
No,Yes,No,53,No,Fiber optic,Yes,Yes,Yes,Yes,Yes,Yes,One year,No,Electronic check,110.5,8.671886581092718
Yes,No,No,63,Yes,Fiber optic,Yes,Yes,Yes,No,Yes,Yes,Month-to-month,Yes,Bank transfer (automatic),109.4,8.858290430491598
No,Yes,Yes,70,Yes,Fiber optic,Yes,Yes,Yes,Yes,Yes,Yes,Two year,Yes,Bank transfer (automatic),114.2,8.95220415669834
Yes,Yes,No,27,No phone service,DSL,No,No,No,No,No,Yes,Month-to-month,No,Bank transfer (automatic),36.5,6.940222469119639
No,No,No,1,No,Fiber optic,No,No,No,No,No,No,Month-to-month,No,Mailed check,70.75,4.273187854639731
No,No,No,5,No,No,No internet service,No internet service,No internet service,No internet service,No internet service,No internet service,Month-to-month,No,Mailed check,19.95,4.7059200890882344
Yes,Yes,No,37,No,No,No internet service,No internet service,No internet service,No internet service,No internet service,No internet service,One year,No,Mailed check,19.6,6.5913993459457485
No,No,No,3,No phone service,DSL,No,No,Yes,No,Yes,No,Month-to-month,Yes,Mailed check,40.15,4.880906187421472
No,No,Yes,12,Yes,Fiber optic,No,No,No,No,No,No,Month-to-month,Yes,Electronic check,76.6,6.795705775173514
No,Yes,Yes,38,No,No,No internet service,No internet service,No internet service,No internet service,No internet service,No internet service,One year,No,Credit card (automatic),19.6,6.638698670653521
No,No,No,9,No,Fiber optic,No,No,Yes,No,No,Yes,Month-to-month,Yes,Credit card (automatic),85.3,6.662366118720607
No,Yes,No,13,Yes,DSL,Yes,No,No,No,No,Yes,Month-to-month,Yes,Electronic check,65.85,6.80599937002775
Yes,Yes,No,29,Yes,Fiber optic,No,No,No,No,Yes,Yes,Month-to-month,Yes,Electronic check,94.45,7.884068098244135
No,Yes,Yes,47,No,No,No internet service,No internet service,No internet service,No internet service,No internet service,No internet service,Two year,No,Credit card (automatic),20.05,6.925300458197886
No,Yes,No,61,Yes,Fiber optic,Yes,No,Yes,Yes,Yes,No,Month-to-month,No,Bank transfer (automatic),99.4,8.690246934389275
No,No,No,16,No,No,No internet service,No internet service,No internet service,No internet service,No internet service,No internet service,Month-to-month,No,Mailed check,20.0,5.62293388679288
No,Yes,Yes,41,No,DSL,Yes,Yes,No,Yes,Yes,Yes,Two year,No,Electronic check,78.45,8.047973255003038
No,No,Yes,43,Yes,No,No internet service,No internet service,No internet service,No internet service,No internet service,No internet service,Two year,Yes,Electronic check,25.1,6.976488116663229
No,Yes,Yes,36,Yes,Fiber optic,No,Yes,Yes,No,Yes,No,Month-to-month,Yes,Bank transfer (automatic),97.35,8.148705898429643
No,No,No,6,No,DSL,No,No,No,No,No,Yes,Month-to-month,Yes,Electronic check,55.0,5.83305481036034
No,No,No,58,Yes,DSL,Yes,Yes,Yes,Yes,No,No,One year,Yes,Credit card (automatic),71.1,8.366416812227929
No,No,No,19,No,DSL,No,No,No,Yes,Yes,No,Month-to-month,Yes,Credit card (automatic),61.55,6.997778781629726
No,Yes,No,11,No,DSL,No,No,No,No,No,No,Month-to-month,Yes,Bank transfer (automatic),45.9,6.259390241194085
No,No,No,39,No phone service,DSL,Yes,Yes,No,Yes,No,No,One year,Yes,Bank transfer (automatic),40.3,7.39719382086648
Yes,No,No,8,No,Fiber optic,No,Yes,No,No,Yes,No,Month-to-month,Yes,Electronic check,87.1,6.571722945589309
No,No,Yes,26,Yes,DSL,No,No,No,No,No,No,Month-to-month,Yes,Mailed check,49.5,7.144130899065065
Yes,No,No,53,No,Fiber optic,No,Yes,No,No,No,No,Month-to-month,Yes,Credit card (automatic),73.8,8.29526140561755
No,Yes,Yes,70,No,No,No internet service,No internet service,No internet service,No internet service,No internet service,No internet service,Two year,Yes,Mailed check,19.2,7.245940333607025
No,No,No,1,No phone service,DSL,No,No,No,No,Yes,Yes,Month-to-month,Yes,Mailed check,45.3,3.835141961092188
No,No,No,59,Yes,No,No internet service,No internet service,No internet service,No internet service,No internet service,No internet service,Two year,No,Mailed check,25.0,7.320857814219512
No,No,No,2,No,Fiber optic,No,No,Yes,No,Yes,Yes,Month-to-month,No,Electronic check,94.95,5.187944309066666
No,No,No,7,No phone service,DSL,Yes,No,Yes,No,No,No,One year,No,Mailed check,35.3,5.582744146279145
No,No,Yes,12,No,DSL,No,No,No,No,No,No,Month-to-month,Yes,Electronic check,44.55,6.177113893994611
No,Yes,Yes,59,No,DSL,No,Yes,Yes,Yes,Yes,Yes,One year,No,Credit card (automatic),76.75,8.42132085363072
No,Yes,Yes,61,Yes,DSL,No,No,Yes,Yes,Yes,Yes,Two year,Yes,Bank transfer (automatic),81.0,8.512612717042128
No,Yes,Yes,72,Yes,Fiber optic,Yes,No,Yes,No,Yes,Yes,Two year,Yes,Bank transfer (automatic),105.55,8.928408402616084
No,Yes,Yes,13,No,No,No internet service,No internet service,No internet service,No internet service,No internet service,No internet service,Month-to-month,No,Mailed check,18.8,5.530420659233719
No,Yes,Yes,64,Yes,No,No internet service,No internet service,No internet service,No internet service,No internet service,No internet service,One year,No,Mailed check,24.9,7.375569012154837
No,Yes,No,1,No phone service,DSL,No,No,No,No,No,No,Month-to-month,Yes,Electronic check,23.45,3.196630215920881
No,No,No,10,No,DSL,No,Yes,No,Yes,No,Yes,One year,No,Mailed check,64.9,6.531679055767761
No,Yes,Yes,65,No,DSL,Yes,Yes,Yes,No,No,No,One year,No,Bank transfer (automatic),61.35,8.26232674790608
No,Yes,No,62,Yes,Fiber optic,Yes,Yes,Yes,Yes,Yes,Yes,Two year,No,Mailed check,113.95,8.838174634268944
No,Yes,No,55,Yes,DSL,Yes,Yes,Yes,Yes,Yes,Yes,One year,Yes,Electronic check,90.15,8.500647055990012
No,Yes,No,25,Yes,DSL,No,Yes,No,No,No,No,Month-to-month,No,Electronic check,54.1,7.2254814727822945
No,No,No,1,No phone service,DSL,Yes,No,No,No,No,No,Month-to-month,No,Mailed check,29.7,3.4242626545931514
No,No,No,1,No,DSL,Yes,No,No,No,No,No,Month-to-month,Yes,Credit card (automatic),49.8,3.927896354584436
No,Yes,No,59,Yes,Fiber optic,No,Yes,No,No,Yes,Yes,Month-to-month,No,Electronic check,101.1,8.706308286450993
Yes,Yes,Yes,64,Yes,No,No internet service,No internet service,No internet service,No internet service,No internet service,No internet service,Two year,Yes,Bank transfer (automatic),24.4,7.3457843779635645
No,Yes,No,36,Yes,Fiber optic,No,No,No,No,Yes,Yes,Month-to-month,Yes,Bank transfer (automatic),95.0,8.143590056456818
No,No,No,3,Yes,DSL,No,No,No,No,No,No,Month-to-month,Yes,Mailed check,50.65,5.025852259901116
No,Yes,No,61,Yes,DSL,Yes,No,Yes,No,No,Yes,Two year,Yes,Mailed check,69.9,8.349413388938133
No,No,Yes,26,No phone service,DSL,No,Yes,No,No,Yes,No,One year,Yes,Bank transfer (automatic),39.95,6.932203959384447
No,No,No,1,No,DSL,No,No,No,No,No,Yes,Month-to-month,Yes,Electronic check,55.4,4.032469158504013
Yes,Yes,No,1,Yes,Fiber optic,No,Yes,No,No,Yes,No,Month-to-month,Yes,Electronic check,90.6,4.517431271680085
No,Yes,Yes,68,No,Fiber optic,Yes,Yes,Yes,No,Yes,Yes,Two year,Yes,Credit card (automatic),103.25,8.86437925801575
Yes,Yes,No,2,Yes,Fiber optic,No,No,No,No,Yes,No,Month-to-month,Yes,Mailed check,86.85,5.058472623510416
No,Yes,No,72,Yes,Fiber optic,Yes,Yes,Yes,Yes,No,No,Two year,Yes,Bank transfer (automatic),94.25,8.832113414313877
No,Yes,No,71,No phone service,DSL,No,No,Yes,Yes,No,Yes,Two year,Yes,Electronic check,47.05,8.090892522719935
No,No,No,57,No,No,No internet service,No internet service,No internet service,No internet service,No internet service,No internet service,Two year,No,Credit card (automatic),20.55,7.133974096813275
No,No,No,4,No,No,No internet service,No internet service,No internet service,No internet service,No internet service,No internet service,Month-to-month,Yes,Mailed check,19.65,4.227563406008323
Yes,No,No,1,No,Fiber optic,No,No,No,No,No,No,Month-to-month,Yes,Electronic check,70.2,4.26549281841793
No,Yes,Yes,72,Yes,DSL,Yes,Yes,Yes,Yes,No,Yes,Two year,No,Credit card (automatic),81.0,8.657129031713755
No,Yes,Yes,21,Yes,DSL,Yes,No,No,No,Yes,Yes,One year,Yes,Bank transfer (automatic),75.9,7.346493963853227
No,Yes,Yes,71,Yes,No,No internet service,No internet service,No internet service,No internet service,No internet service,No internet service,Two year,No,Bank transfer (automatic),24.7,7.501938111389494
Yes,Yes,No,29,Yes,Fiber optic,No,No,Yes,No,Yes,Yes,Month-to-month,Yes,Bank transfer (automatic),99.05,7.990864683196767
Yes,No,No,69,Yes,Fiber optic,Yes,No,Yes,Yes,Yes,Yes,Two year,No,Credit card (automatic),110.25,8.9184561495127
No,Yes,No,64,Yes,DSL,Yes,No,Yes,Yes,Yes,Yes,Two year,Yes,Credit card (automatic),85.0,8.609845296212608
No,No,No,16,No,No,No internet service,No internet service,No internet service,No internet service,No internet service,No internet service,Month-to-month,No,Credit card (automatic),19.75,5.690021559406164
No,No,No,4,Yes,No,No internet service,No internet service,No internet service,No internet service,No internet service,No internet service,One year,No,Electronic check,23.9,4.590056548178043
No,No,No,52,Yes,Fiber optic,Yes,Yes,No,Yes,Yes,Yes,One year,Yes,Credit card (automatic),111.25,8.685660891838289
No,No,No,2,No,DSL,Yes,No,Yes,No,No,No,Month-to-month,Yes,Mailed check,55.1,4.73926392046879
No,No,No,1,No,No,No internet service,No internet service,No internet service,No internet service,No internet service,No internet service,Month-to-month,No,Mailed check,19.95,3.0421386463681466
No,No,No,18,No phone service,DSL,No,No,No,No,No,No,Month-to-month,No,Mailed check,25.15,6.169192234891709
No,No,No,2,Yes,DSL,No,Yes,No,No,No,No,Month-to-month,No,Mailed check,54.15,4.6313251434649425
No,Yes,No,19,No,DSL,No,Yes,No,No,No,Yes,Month-to-month,Yes,Mailed check,59.8,7.031608741149134
No,No,No,40,Yes,Fiber optic,No,No,No,No,No,Yes,Month-to-month,No,Bank transfer (automatic),83.85,8.16997340624826
Yes,Yes,Yes,66,Yes,Fiber optic,No,Yes,Yes,No,Yes,Yes,One year,Yes,Electronic check,104.9,8.83818188860976
No,No,No,21,Yes,Fiber optic,No,No,No,No,No,No,Month-to-month,No,Mailed check,75.3,7.359913115082284
No,No,No,8,No,DSL,No,Yes,No,Yes,Yes,No,Month-to-month,Yes,Electronic check,66.65,6.2575717978543075
No,Yes,Yes,72,No,Fiber optic,Yes,Yes,Yes,Yes,Yes,Yes,Two year,Yes,Credit card (automatic),109.5,8.96902012082905
No,No,No,48,Yes,DSL,No,Yes,Yes,Yes,Yes,No,One year,Yes,Bank transfer (automatic),73.85,8.183788245844491
No,No,No,69,No,No,No internet service,No internet service,No internet service,No internet service,No internet service,No internet service,Two year,Yes,Bank transfer (automatic),19.3,7.278559926826676
No,No,No,72,Yes,Fiber optic,Yes,Yes,Yes,Yes,Yes,Yes,Two year,Yes,Electronic check,118.2,9.05347016424951
No,No,No,14,No,DSL,No,Yes,No,No,No,No,One year,No,Credit card (automatic),51.45,6.5914679495200215
No,No,No,6,No,DSL,No,Yes,No,No,Yes,No,Month-to-month,No,Electronic check,59.45,5.8822075611710325
No,Yes,Yes,8,No,No,No internet service,No internet service,No internet service,No internet service,No internet service,No internet service,Two year,No,Bank transfer (automatic),19.5,5.077358926139164
No,No,No,17,No,No,No internet service,No internet service,No internet service,No internet service,No internet service,No internet service,One year,No,Mailed check,19.55,5.6413750145275845
No,No,No,65,Yes,Fiber optic,Yes,No,No,Yes,No,Yes,One year,No,Electronic check,93.55,8.711155069366868
No,Yes,Yes,57,No,DSL,Yes,No,Yes,Yes,No,No,One year,Yes,Mailed check,59.3,8.094180012588144
No,Yes,No,13,Yes,Fiber optic,No,No,Yes,No,Yes,Yes,Month-to-month,Yes,Credit card (automatic),102.25,7.215239978730097
Yes,No,No,19,No,Fiber optic,No,No,Yes,No,Yes,Yes,Month-to-month,Yes,Credit card (automatic),95.9,7.483750474731224
No,Yes,No,56,Yes,Fiber optic,Yes,Yes,Yes,No,Yes,Yes,One year,No,Bank transfer (automatic),109.8,8.717788429486097
No,Yes,No,14,No,Fiber optic,No,No,No,No,No,Yes,Month-to-month,Yes,Electronic check,78.1,7.0241150800983325
No,Yes,No,52,No phone service,DSL,Yes,No,No,No,No,Yes,Month-to-month,Yes,Electronic check,39.9,7.611792942373255
No,No,No,58,No,DSL,Yes,Yes,Yes,Yes,No,No,Two year,Yes,Credit card (automatic),64.9,8.24182169854154
Yes,No,No,47,Yes,Fiber optic,No,Yes,No,Yes,Yes,No,Month-to-month,Yes,Electronic check,95.05,8.413065249160956
No,No,No,67,No phone service,DSL,No,No,Yes,Yes,Yes,Yes,Month-to-month,Yes,Credit card (automatic),53.4,8.18315997795833
No,No,No,2,No phone service,DSL,No,No,No,No,No,No,Month-to-month,Yes,Credit card (automatic),24.9,3.9259259105971376
Yes,No,No,6,No,DSL,No,No,No,No,No,No,Month-to-month,No,Credit card (automatic),44.7,5.625820933186489
No,Yes,Yes,71,Yes,Fiber optic,Yes,Yes,Yes,Yes,Yes,Yes,Two year,Yes,Bank transfer (automatic),114.0,9.009068384663204
No,Yes,Yes,46,No,No,No internet service,No internet service,No internet service,No internet service,No internet service,No internet service,Two year,No,Bank transfer (automatic),20.25,6.7927371673978705
No,No,No,5,No,DSL,Yes,No,No,Yes,No,No,Month-to-month,No,Credit card (automatic),53.85,5.563753830052498
Yes,Yes,No,67,Yes,Fiber optic,Yes,Yes,No,No,No,No,Month-to-month,No,Bank transfer (automatic),83.85,8.628698787333777
No,No,Yes,3,No,No,No internet service,No internet service,No internet service,No internet service,No internet service,No internet service,Month-to-month,No,Bank transfer (automatic),20.2,3.9435216724875173
No,No,No,3,No,No,No internet service,No internet service,No internet service,No internet service,No internet service,No internet service,Month-to-month,No,Mailed check,19.95,4.07753744390572
Yes,Yes,No,52,Yes,Fiber optic,Yes,No,Yes,No,Yes,Yes,Month-to-month,Yes,Electronic check,104.2,8.625033629522884
No,Yes,No,42,Yes,DSL,No,No,No,No,No,No,Month-to-month,Yes,Electronic check,50.25,7.698324045123251
No,Yes,Yes,50,No,No,No internet service,No internet service,No internet service,No internet service,No internet service,No internet service,One year,Yes,Mailed check,20.35,6.84582668235997
Yes,Yes,No,23,No,Fiber optic,Yes,Yes,No,No,No,Yes,Month-to-month,Yes,Electronic check,90.0,7.613374361037403
No,Yes,Yes,67,No phone service,DSL,Yes,Yes,Yes,Yes,Yes,No,Two year,No,Credit card (automatic),54.2,8.1955957740902
No,No,No,25,No,Fiber optic,No,Yes,Yes,No,Yes,Yes,Month-to-month,Yes,Electronic check,99.5,7.770666330953051
Yes,Yes,No,39,No,Fiber optic,Yes,Yes,No,No,Yes,Yes,One year,No,Mailed check,99.1,8.26331977743681
No,No,No,69,Yes,DSL,Yes,Yes,No,Yes,No,No,Two year,Yes,Mailed check,66.9,8.429214073589186
No,No,No,1,No phone service,DSL,No,No,No,No,No,No,One year,No,Mailed check,25.85,3.2902658209548736
No,No,No,32,No,Fiber optic,No,No,No,No,Yes,Yes,Month-to-month,No,Electronic check,91.05,7.962938009722911
No,No,No,9,No,Fiber optic,No,No,No,No,No,No,Month-to-month,No,Electronic check,71.0,6.512562232144577
No,No,No,16,No,Fiber optic,No,Yes,Yes,No,No,Yes,Month-to-month,Yes,Credit card (automatic),93.2,7.361820056926364
No,Yes,Yes,60,No,No,No internet service,No internet service,No internet service,No internet service,No internet service,No internet service,Two year,Yes,Bank transfer (automatic),20.95,7.147991907722524
No,Yes,Yes,72,Yes,Fiber optic,No,Yes,Yes,Yes,Yes,Yes,Two year,Yes,Bank transfer (automatic),109.2,8.950591185210456
No,Yes,No,5,No,No,No internet service,No internet service,No internet service,No internet service,No internet service,No internet service,Month-to-month,No,Mailed check,19.35,4.8445807097661735
Yes,No,No,26,No,Fiber optic,Yes,No,No,No,Yes,No,Month-to-month,Yes,Credit card (automatic),85.8,7.693777859492281
No,No,No,3,No,No,No internet service,No internet service,No internet service,No internet service,No internet service,No internet service,Month-to-month,No,Mailed check,19.85,4.182813210209709
No,No,No,2,No,No,No internet service,No internet service,No internet service,No internet service,No internet service,No internet service,Month-to-month,Yes,Electronic check,19.65,3.4719664525503626
No,No,Yes,2,No,No,No internet service,No internet service,No internet service,No internet service,No internet service,No internet service,One year,No,Bank transfer (automatic),20.5,3.6699514442284173
No,No,No,36,Yes,DSL,Yes,No,Yes,Yes,Yes,Yes,One year,Yes,Credit card (automatic),89.65,8.116446932008014
No,No,No,7,No,Fiber optic,Yes,No,No,No,No,No,Month-to-month,No,Mailed check,74.35,6.281518803704818
Yes,Yes,No,60,No phone service,DSL,No,Yes,No,No,Yes,Yes,Two year,Yes,Credit card (automatic),49.45,7.975409954194973
No,Yes,No,19,Yes,Fiber optic,No,Yes,No,No,No,Yes,Month-to-month,Yes,Electronic check,89.1,7.391291922510457
Yes,Yes,No,45,Yes,DSL,Yes,No,Yes,Yes,No,Yes,Two year,No,Credit card (automatic),75.15,8.155175428577213
Yes,No,No,4,No,Fiber optic,No,No,No,No,No,No,Month-to-month,Yes,Electronic check,70.65,5.686466752446513
No,Yes,Yes,31,Yes,Fiber optic,No,No,Yes,Yes,Yes,Yes,Month-to-month,Yes,Electronic check,104.2,8.084701123247454
No,Yes,Yes,47,No,Fiber optic,Yes,No,Yes,No,No,Yes,Month-to-month,No,Electronic check,90.05,8.3280161896653
No,No,No,1,No,Fiber optic,No,No,No,No,No,Yes,Month-to-month,Yes,Electronic check,79.25,4.385146762010125
No,No,No,1,No,DSL,No,No,No,No,No,No,Month-to-month,Yes,Bank transfer (automatic),44.9,3.8264651170664994
No,No,No,1,No,No,No internet service,No internet service,No internet service,No internet service,No internet service,No internet service,Month-to-month,No,Credit card (automatic),19.4,3.0155349008501706
Yes,Yes,Yes,59,Yes,Fiber optic,No,No,Yes,No,No,Yes,Month-to-month,Yes,Credit card (automatic),88.75,8.584786417189287
No,Yes,No,10,No,Fiber optic,No,No,No,No,No,No,Month-to-month,Yes,Electronic check,70.1,6.493224198860226
Yes,No,No,35,Yes,Fiber optic,Yes,No,No,No,No,Yes,Month-to-month,No,Credit card (automatic),91.0,8.065108062672847
No,No,No,4,No phone service,DSL,No,No,Yes,No,No,No,Month-to-month,Yes,Electronic check,29.65,4.783316371371566
No,Yes,Yes,32,No,Fiber optic,Yes,Yes,No,No,No,Yes,One year,Yes,Electronic check,90.8,8.014616782458617
No,No,No,43,Yes,Fiber optic,No,Yes,No,No,No,No,Month-to-month,Yes,Electronic check,77.85,8.121732868124141
No,No,No,4,No,DSL,No,No,No,No,No,Yes,Month-to-month,No,Electronic check,54.3,5.279644101282416
Yes,Yes,No,54,No,No,No internet service,No internet service,No internet service,No internet service,No internet service,No internet service,Two year,Yes,Mailed check,18.95,6.939350840571888
Yes,No,No,11,Yes,Fiber optic,No,No,No,No,Yes,Yes,Month-to-month,Yes,Bank transfer (automatic),95.15,6.906404366911181
Yes,No,No,66,Yes,Fiber optic,Yes,No,No,No,Yes,Yes,Two year,Yes,Bank transfer (automatic),102.4,8.775371785096103
No,Yes,Yes,61,Yes,Fiber optic,No,No,Yes,No,Yes,Yes,One year,Yes,Electronic check,99.9,8.73911199303063
No,Yes,Yes,72,Yes,DSL,Yes,Yes,Yes,Yes,Yes,Yes,Two year,No,Credit card (automatic),88.7,8.779918929005985
No,Yes,Yes,44,No phone service,DSL,No,No,Yes,Yes,Yes,Yes,One year,Yes,Electronic check,54.3,7.748503163607648
No,No,No,41,Yes,DSL,No,No,Yes,No,No,No,Month-to-month,Yes,Bank transfer (automatic),55.7,7.71358361381754
No,Yes,No,50,Yes,Fiber optic,Yes,No,Yes,No,Yes,Yes,One year,Yes,Electronic check,103.95,8.562606230942732
No,Yes,No,47,Yes,Fiber optic,Yes,No,Yes,Yes,Yes,Yes,One year,Yes,Credit card (automatic),110.85,8.57107513236528
No,Yes,Yes,8,No,No,No internet service,No internet service,No internet service,No internet service,No internet service,No internet service,Two year,No,Mailed check,20.15,5.1149953094204985
No,No,No,18,No,No,No internet service,No internet service,No internet service,No internet service,No internet service,No internet service,Month-to-month,No,Mailed check,20.05,5.884714177161102
No,Yes,Yes,72,Yes,DSL,Yes,Yes,Yes,Yes,Yes,Yes,Two year,Yes,Credit card (automatic),91.95,8.797231121716262
No,No,No,1,No,Fiber optic,No,No,No,No,No,Yes,Month-to-month,No,Electronic check,80.5,4.400603020246817
Yes,No,No,42,Yes,DSL,No,No,Yes,No,No,No,Month-to-month,No,Electronic check,55.65,7.79265853761466
Yes,No,No,18,No,Fiber optic,No,Yes,No,No,No,No,Month-to-month,Yes,Electronic check,74.7,7.166729187297174
No,No,Yes,13,Yes,Fiber optic,No,Yes,Yes,No,Yes,Yes,One year,Yes,Credit card (automatic),104.15,7.170196463568123
No,Yes,Yes,68,Yes,Fiber optic,No,Yes,No,Yes,No,No,One year,Yes,Bank transfer (automatic),83.65,8.654238403340557
No,No,No,4,Yes,Fiber optic,No,No,No,No,No,No,Month-to-month,Yes,Bank transfer (automatic),72.2,5.725380874208697
No,No,No,69,Yes,Fiber optic,Yes,Yes,Yes,No,Yes,Yes,Two year,Yes,Credit card (automatic),110.05,8.913516641607119
No,No,No,17,No,DSL,No,No,No,Yes,No,No,Month-to-month,No,Mailed check,51.5,6.804060042643372
No,Yes,Yes,25,Yes,No,No internet service,No internet service,No internet service,No internet service,No internet service,No internet service,Two year,No,Credit card (automatic),25.5,6.448256282381487
Yes,No,No,43,No,Fiber optic,No,No,No,No,Yes,Yes,Month-to-month,Yes,Mailed check,89.55,8.257839390951315
No,Yes,Yes,59,No,No,No internet service,No internet service,No internet service,No internet service,No internet service,No internet service,Two year,No,Credit card (automatic),19.5,7.109593474469011
Yes,No,No,5,No,Fiber optic,Yes,Yes,No,No,No,No,Month-to-month,No,Electronic check,80.7,5.929057086979365
No,Yes,Yes,21,Yes,DSL,Yes,Yes,No,Yes,Yes,No,One year,No,Mailed check,77.5,7.3938782901077555
No,Yes,Yes,69,Yes,Fiber optic,Yes,Yes,Yes,Yes,Yes,No,One year,Yes,Credit card (automatic),105.1,8.886796206553328
No,No,No,13,No phone service,DSL,No,No,No,No,No,No,Month-to-month,Yes,Bank transfer (automatic),25.15,5.8076919380467125
No,Yes,No,42,Yes,Fiber optic,No,Yes,Yes,No,Yes,No,Month-to-month,Yes,Bank transfer (automatic),95.25,8.284087684181289
No,Yes,No,52,Yes,Fiber optic,No,Yes,No,Yes,No,Yes,Month-to-month,Yes,Credit card (automatic),95.65,8.534915224403854
Yes,No,No,46,No,Fiber optic,Yes,No,No,No,No,Yes,Month-to-month,No,Electronic check,85.0,8.286622124273231
No,Yes,No,61,Yes,DSL,Yes,Yes,Yes,Yes,No,Yes,Two year,Yes,Bank transfer (automatic),80.8,8.48917430289871
No,No,No,29,No phone service,DSL,No,No,No,No,No,No,One year,Yes,Mailed check,24.85,6.670829690194141
No,No,Yes,25,No,DSL,No,Yes,No,Yes,No,No,One year,Yes,Credit card (automatic),54.75,7.144683385266964
No,Yes,Yes,5,No,Fiber optic,No,No,No,Yes,Yes,No,Month-to-month,Yes,Electronic check,85.75,6.1568730477709535
No,No,No,15,No phone service,DSL,No,No,Yes,No,Yes,Yes,One year,No,Electronic check,50.75,6.5355315046537745
No,Yes,Yes,19,No,No,No internet service,No internet service,No internet service,No internet service,No internet service,No internet service,Two year,No,Mailed check,20.15,5.962807837858177
No,No,No,44,No,No,No internet service,No internet service,No internet service,No internet service,No internet service,No internet service,Two year,No,Mailed check,20.05,6.740814824226485
Yes,No,No,6,Yes,Fiber optic,No,Yes,No,No,Yes,Yes,Month-to-month,Yes,Electronic check,98.25,6.330789852711601
No,Yes,Yes,58,Yes,DSL,Yes,Yes,Yes,Yes,No,No,Two year,No,Credit card (automatic),71.6,8.350252736660584
No,Yes,Yes,62,No,Fiber optic,Yes,Yes,No,No,No,No,One year,Yes,Credit card (automatic),81.45,8.513998092519696
No,Yes,Yes,70,No phone service,DSL,No,Yes,Yes,Yes,Yes,Yes,One year,Yes,Bank transfer (automatic),58.4,8.32218753041356
Yes,No,No,1,No phone service,DSL,No,No,No,No,No,No,Month-to-month,Yes,Mailed check,25.7,3.2846635654062037
No,Yes,Yes,10,No phone service,DSL,Yes,Yes,Yes,Yes,No,Yes,Two year,No,Credit card (automatic),53.7,6.257667587882639
No,No,No,26,No,No,No internet service,No internet service,No internet service,No internet service,No internet service,No internet service,One year,Yes,Bank transfer (automatic),19.6,6.158778213461521
No,No,No,66,Yes,Fiber optic,No,Yes,No,No,No,Yes,Month-to-month,No,Credit card (automatic),89.4,8.695824614701293
No,Yes,Yes,7,No,Fiber optic,No,No,No,No,No,No,Month-to-month,Yes,Electronic check,69.0,6.2302845778072
No,Yes,Yes,51,Yes,Fiber optic,No,Yes,No,Yes,No,No,One year,No,Bank transfer (automatic),84.2,8.366544705077148
No,Yes,Yes,72,Yes,Fiber optic,Yes,Yes,Yes,Yes,Yes,No,Two year,Yes,Credit card (automatic),106.1,8.929249860707124
No,No,No,65,Yes,No,No internet service,No internet service,No internet service,No internet service,No internet service,No internet service,Two year,No,Mailed check,25.75,7.412009357365089
No,No,No,2,No,DSL,No,No,No,No,No,No,Month-to-month,No,Bank transfer (automatic),46.05,4.3987608336650466
No,No,Yes,70,Yes,DSL,Yes,Yes,No,Yes,No,No,One year,No,Bank transfer (automatic),64.95,8.423431811601763
No,Yes,No,72,Yes,DSL,No,Yes,Yes,Yes,Yes,Yes,Two year,Yes,Credit card (automatic),85.45,8.736890812326147
No,Yes,Yes,1,No,No,No internet service,No internet service,No internet service,No internet service,No internet service,No internet service,Month-to-month,No,Mailed check,20.05,3.0469005601283903
Yes,Yes,No,1,No,Fiber optic,No,Yes,No,No,No,No,Month-to-month,Yes,Mailed check,76.4,4.3489867805956814
No,No,No,5,Yes,Fiber optic,No,No,Yes,No,Yes,Yes,Month-to-month,Yes,Electronic check,100.5,6.244166900663736
No,No,No,3,No,No,No internet service,No internet service,No internet service,No internet service,No internet service,No internet service,Month-to-month,No,Mailed check,20.7,4.069026754237811
No,No,No,58,Yes,No,No internet service,No internet service,No internet service,No internet service,No internet service,No internet service,Two year,Yes,Credit card (automatic),25.3,7.296650528761137
Yes,Yes,Yes,22,No phone service,DSL,Yes,No,No,No,No,Yes,Month-to-month,No,Mailed check,40.05,6.781284614928188
Yes,Yes,No,33,Yes,Fiber optic,No,Yes,No,No,Yes,Yes,Month-to-month,Yes,Bank transfer (automatic),100.6,8.092927453844355
No,No,No,1,No,Fiber optic,No,No,No,No,No,No,Month-to-month,No,Electronic check,69.95,4.261975403606051
Yes,Yes,No,54,Yes,Fiber optic,No,No,No,No,No,No,Month-to-month,No,Bank transfer (automatic),74.0,8.273885197358533
No,Yes,No,72,Yes,Fiber optic,No,Yes,No,No,Yes,Yes,Two year,Yes,Electronic check,99.4,8.893806047617373
No,No,Yes,1,Yes,Fiber optic,No,No,No,No,Yes,Yes,Month-to-month,Yes,Electronic check,93.3,4.546481189639412
No,No,No,3,No,DSL,No,No,Yes,No,No,No,Month-to-month,Yes,Electronic check,49.15,5.136092511453205
No,Yes,Yes,72,Yes,Fiber optic,Yes,Yes,Yes,Yes,No,Yes,Two year,No,Credit card (automatic),107.45,8.943675874746871
No,Yes,Yes,72,Yes,DSL,Yes,Yes,Yes,No,Yes,Yes,Two year,Yes,Credit card (automatic),83.6,8.692876094363072
Yes,Yes,No,54,Yes,Fiber optic,No,No,Yes,No,Yes,Yes,Month-to-month,Yes,Credit card (automatic),99.05,8.574839264109055
No,Yes,No,59,Yes,DSL,No,Yes,No,Yes,Yes,Yes,One year,Yes,Electronic check,80.1,8.454082983087442
No,No,No,54,No,DSL,Yes,Yes,No,No,Yes,No,Two year,Yes,Bank transfer (automatic),65.3,8.164481810743938
No,No,No,60,Yes,Fiber optic,No,No,Yes,No,Yes,No,Two year,Yes,Electronic check,89.55,8.562587118706123
No,Yes,No,60,No phone service,DSL,No,Yes,Yes,Yes,Yes,Yes,Two year,No,Credit card (automatic),60.8,8.189924472198971
No,No,No,3,Yes,Fiber optic,No,No,No,No,No,No,Month-to-month,No,Electronic check,74.5,5.386557155397445
No,Yes,No,69,Yes,Fiber optic,Yes,No,No,No,Yes,Yes,Two year,No,Bank transfer (automatic),99.15,8.83584326689432
No,Yes,Yes,1,No,No,No internet service,No internet service,No internet service,No internet service,No internet service,No internet service,Month-to-month,No,Electronic check,19.25,3.0081547935525483
No,Yes,Yes,50,No phone service,DSL,Yes,No,No,No,Yes,No,Month-to-month,Yes,Credit card (automatic),39.45,7.612015480545652
No,No,No,56,No phone service,DSL,No,No,No,No,Yes,Yes,Month-to-month,Yes,Credit card (automatic),44.85,7.850084059405065
No,Yes,No,60,No,Fiber optic,Yes,No,No,Yes,Yes,Yes,Two year,Yes,Electronic check,97.2,8.632796074488324
Yes,Yes,No,69,Yes,Fiber optic,Yes,No,Yes,Yes,Yes,Yes,One year,Yes,Mailed check,110.55,8.937362987059018
No,No,No,1,No phone service,DSL,No,No,No,No,No,Yes,Month-to-month,No,Mailed check,35.05,3.584906863730958
Yes,No,No,1,No,Fiber optic,No,Yes,No,No,No,No,Month-to-month,Yes,Electronic check,73.0,4.30406509320417
No,Yes,No,3,No,No,No internet service,No internet service,No internet service,No internet service,No internet service,No internet service,Month-to-month,Yes,Mailed check,19.9,3.844814255734696
No,Yes,Yes,60,No,DSL,No,Yes,No,Yes,Yes,Yes,Two year,No,Bank transfer (automatic),76.95,8.421772005450956
No,No,No,13,No phone service,DSL,No,No,Yes,Yes,No,No,Two year,No,Mailed check,35.4,6.112353864383436
No,Yes,Yes,62,No,No,No internet service,No internet service,No internet service,No internet service,No internet service,No internet service,Two year,No,Bank transfer (automatic),20.45,7.168849506524821
No,No,No,45,Yes,Fiber optic,Yes,Yes,No,No,No,Yes,One year,No,Bank transfer (automatic),96.75,8.39925389355155
No,No,No,25,No phone service,DSL,No,No,Yes,Yes,Yes,Yes,One year,No,Electronic check,54.2,7.261330423503012
No,No,No,44,No,Fiber optic,No,No,Yes,Yes,Yes,Yes,Two year,No,Bank transfer (automatic),100.1,8.384655590531366
No,No,No,2,No,DSL,No,No,No,No,No,No,Month-to-month,Yes,Mailed check,45.25,4.320151230955794
Yes,No,No,33,Yes,Fiber optic,No,Yes,Yes,No,No,No,Month-to-month,Yes,Credit card (automatic),83.85,7.907394019230851
No,No,No,22,No,No,No internet service,No internet service,No internet service,No internet service,No internet service,No internet service,One year,No,Bank transfer (automatic),20.85,6.112907543595853
No,No,No,35,No phone service,DSL,No,No,Yes,Yes,No,No,Month-to-month,Yes,Mailed check,33.45,7.0705966564879645
No,Yes,Yes,29,No,No,No internet service,No internet service,No internet service,No internet service,No internet service,No internet service,Two year,No,Mailed check,20.2,6.327579577081353
Yes,Yes,No,27,Yes,Fiber optic,Yes,No,Yes,No,No,No,One year,Yes,Electronic check,85.9,7.705757847644463
No,No,Yes,54,No,DSL,No,Yes,Yes,Yes,No,No,One year,Yes,Electronic check,61.0,8.096832695791372
Yes,No,No,2,No,Fiber optic,No,No,No,No,No,No,Month-to-month,Yes,Electronic check,70.65,4.9652891923293785
No,No,No,57,Yes,Fiber optic,No,No,No,No,Yes,No,One year,Yes,Electronic check,86.9,8.505171216188913
No,No,No,62,Yes,DSL,Yes,Yes,Yes,Yes,No,No,Two year,No,Bank transfer (automatic),69.4,8.35196471204846
No,Yes,Yes,15,No,No,No internet service,No internet service,No internet service,No internet service,No internet service,No internet service,One year,No,Credit card (automatic),20.35,5.819934551392226
No,No,No,2,No,No,No internet service,No internet service,No internet service,No internet service,No internet service,No internet service,Month-to-month,No,Mailed check,20.35,3.5322256440685598
No,Yes,No,70,Yes,Fiber optic,No,No,Yes,Yes,Yes,Yes,Two year,Yes,Bank transfer (automatic),104.3,8.880376907267795
No,Yes,Yes,21,No,DSL,No,No,No,No,No,No,Month-to-month,Yes,Electronic check,44.95,6.8322232163697
No,No,Yes,23,No,DSL,No,No,No,Yes,No,No,One year,Yes,Electronic check,49.45,7.021396415471186
No,No,No,6,No,No,No internet service,No internet service,No internet service,No internet service,No internet service,No internet service,One year,No,Mailed check,20.6,4.767289035464526
No,Yes,Yes,4,No,No,No internet service,No internet service,No internet service,No internet service,No internet service,No internet service,Two year,No,Credit card (automatic),19.55,4.2456340097683265
No,No,No,3,No,Fiber optic,Yes,No,Yes,No,Yes,Yes,Month-to-month,Yes,Credit card (automatic),99.0,5.664348405410794
No,No,No,23,Yes,Fiber optic,No,No,No,No,Yes,Yes,Month-to-month,Yes,Electronic check,93.5,7.758995358601965
No,No,No,26,No phone service,DSL,Yes,No,No,Yes,Yes,Yes,One year,No,Credit card (automatic),54.55,7.218066861681702
No,No,Yes,8,No,No,No internet service,No internet service,No internet service,No internet service,No internet service,No internet service,Month-to-month,No,Mailed check,20.05,5.103518288242969
No,No,No,26,Yes,Fiber optic,No,No,No,No,No,Yes,Month-to-month,Yes,Electronic check,83.95,7.720993939799903
No,No,No,2,Yes,Fiber optic,No,Yes,No,No,No,No,Month-to-month,Yes,Electronic check,79.45,4.984633491557255
No,No,No,67,Yes,Fiber optic,Yes,Yes,Yes,Yes,Yes,Yes,Two year,No,Credit card (automatic),116.2,8.955873838169165
No,Yes,No,71,Yes,Fiber optic,No,No,No,No,Yes,Yes,Two year,Yes,Bank transfer (automatic),93.7,8.79275460455494
No,No,No,59,Yes,DSL,Yes,Yes,Yes,Yes,No,Yes,One year,No,Credit card (automatic),79.85,8.473680079084492
No,Yes,Yes,39,Yes,Fiber optic,No,No,Yes,No,Yes,Yes,One year,No,Electronic check,100.0,8.252328804244902
No,No,Yes,21,No,No,No internet service,No internet service,No internet service,No internet service,No internet service,No internet service,Two year,No,Mailed check,19.6,5.986452005284438
No,No,No,1,No,No,No internet service,No internet service,No internet service,No internet service,No internet service,No internet service,Month-to-month,No,Mailed check,19.7,3.0301337002713233
No,Yes,Yes,48,No,No,No internet service,No internet service,No internet service,No internet service,No internet service,No internet service,Two year,No,Bank transfer (automatic),20.2,6.935613607110533
Yes,Yes,No,31,No phone service,DSL,Yes,Yes,Yes,No,No,Yes,One year,Yes,Credit card (automatic),50.4,7.365876086316099
No,Yes,Yes,64,Yes,Fiber optic,Yes,Yes,Yes,Yes,Yes,Yes,One year,No,Electronic check,113.35,8.885129487631987
No,Yes,Yes,46,Yes,Fiber optic,No,Yes,No,No,No,No,Month-to-month,Yes,Bank transfer (automatic),80.0,8.2350159395989
No,No,No,52,Yes,DSL,No,No,Yes,Yes,Yes,Yes,Two year,Yes,Bank transfer (automatic),80.95,8.351126800641016
No,Yes,Yes,67,Yes,No,No internet service,No internet service,No internet service,No internet service,No internet service,No internet service,Two year,Yes,Mailed check,24.9,7.427292843350149
Yes,No,No,67,Yes,DSL,No,Yes,No,No,No,No,Month-to-month,No,Electronic check,54.9,8.223224734321748
No,No,No,5,Yes,Fiber optic,No,No,No,No,No,No,Month-to-month,No,Electronic check,75.55,6.027434790897213
No,Yes,No,71,Yes,Fiber optic,No,Yes,Yes,Yes,Yes,Yes,Two year,No,Electronic check,109.25,8.950104840148782
No,No,No,9,No,Fiber optic,No,No,No,No,Yes,No,Month-to-month,Yes,Bank transfer (automatic),77.65,6.572492310900909
Yes,No,No,26,Yes,Fiber optic,Yes,Yes,No,No,No,Yes,Month-to-month,Yes,Electronic check,95.0,7.823325751531809
No,No,No,71,Yes,Fiber optic,Yes,Yes,Yes,Yes,Yes,Yes,One year,Yes,Bank transfer (automatic),116.3,9.025281070978235
No,No,No,32,No,No,No internet service,No internet service,No internet service,No internet service,No internet service,No internet service,Month-to-month,No,Bank transfer (automatic),19.9,6.401170649473401
No,No,No,2,No,Fiber optic,No,No,No,No,No,No,Month-to-month,No,Electronic check,70.35,4.943426544402806
No,Yes,No,71,Yes,No,No internet service,No internet service,No internet service,No internet service,No internet service,No internet service,Two year,No,Credit card (automatic),25.6,7.543935203900829
No,No,No,60,No phone service,DSL,Yes,No,Yes,No,No,Yes,One year,Yes,Electronic check,44.45,7.928369989495185
Yes,No,No,55,Yes,Fiber optic,No,No,Yes,No,Yes,Yes,One year,Yes,Electronic check,100.15,8.596142994394638
No,No,No,54,No,Fiber optic,Yes,Yes,No,Yes,Yes,Yes,One year,Yes,Credit card (automatic),105.4,8.638419182183606
No,No,No,2,No,Fiber optic,No,No,Yes,No,Yes,Yes,Month-to-month,Yes,Electronic check,95.85,5.291796149557771
No,No,No,6,Yes,Fiber optic,No,No,No,No,No,No,Month-to-month,Yes,Mailed check,73.85,5.997198078955742
No,Yes,Yes,48,No,DSL,Yes,Yes,Yes,No,No,Yes,Two year,Yes,Credit card (automatic),70.1,8.083143406452296
No,Yes,Yes,63,Yes,No,No internet service,No internet service,No internet service,No internet service,No internet service,No internet service,Two year,No,Mailed check,25.25,7.361407194673576
No,No,No,1,Yes,Fiber optic,No,Yes,No,No,No,No,Month-to-month,Yes,Electronic check,79.15,4.383899879055562
No,No,Yes,12,No,No,No internet service,No internet service,No internet service,No internet service,No internet service,No internet service,Month-to-month,No,Credit card (automatic),21.05,5.46721590300985
Yes,Yes,No,54,No phone service,DSL,No,No,No,No,No,No,Month-to-month,Yes,Bank transfer (automatic),24.95,7.219459007275827
No,Yes,Yes,30,No,DSL,No,No,Yes,Yes,Yes,No,One year,Yes,Electronic check,64.5,7.5939533704538755
No,Yes,No,30,No,No,No internet service,No internet service,No internet service,No internet service,No internet service,No internet service,Month-to-month,No,Bank transfer (automatic),19.65,6.487455681915517
No,No,No,4,No,Fiber optic,No,No,No,No,Yes,No,Month-to-month,Yes,Electronic check,79.0,5.717521000766714
No,No,No,40,Yes,Fiber optic,No,No,Yes,Yes,Yes,Yes,One year,Yes,Credit card (automatic),105.95,8.374753667516991
No,Yes,Yes,9,No,Fiber optic,No,No,No,Yes,No,No,Month-to-month,Yes,Electronic check,75.85,6.474662003756499
No,Yes,Yes,17,No,Fiber optic,Yes,No,No,Yes,Yes,No,Month-to-month,No,Electronic check,91.85,7.362296224736894
No,No,No,62,No phone service,DSL,No,Yes,Yes,No,No,Yes,Two year,Yes,Credit card (automatic),43.6,7.91924709380068
No,No,No,28,No,Fiber optic,No,Yes,No,Yes,Yes,No,One year,Yes,Bank transfer (automatic),91.25,7.817887083540708
No,No,No,70,Yes,DSL,Yes,Yes,Yes,Yes,Yes,Yes,Two year,No,Credit card (automatic),89.75,8.759072134066205
No,No,No,46,No,Fiber optic,No,Yes,Yes,Yes,Yes,Yes,Two year,Yes,Bank transfer (automatic),104.4,8.498051145887871
No,Yes,No,23,Yes,Fiber optic,No,No,Yes,No,No,Yes,Month-to-month,No,Mailed check,90.15,7.623617508285297
No,Yes,Yes,47,No phone service,DSL,Yes,No,Yes,Yes,No,No,One year,No,Electronic check,40.3,7.493205884086708
No,Yes,Yes,68,No,Fiber optic,Yes,Yes,Yes,No,Yes,Yes,Two year,Yes,Bank transfer (automatic),105.25,8.878239566711109
Yes,No,No,60,Yes,Fiber optic,No,No,Yes,Yes,Yes,Yes,One year,Yes,Electronic check,106.0,8.770656420481336
No,No,Yes,67,Yes,Fiber optic,No,Yes,No,Yes,Yes,Yes,Two year,Yes,Electronic check,104.0,8.859370551399595
No,No,No,14,No,DSL,No,No,No,Yes,Yes,Yes,Month-to-month,Yes,Electronic check,69.65,6.826978968954849
No,Yes,Yes,57,Yes,Fiber optic,No,No,No,No,No,No,Month-to-month,Yes,Electronic check,74.3,8.298875476997292
No,Yes,Yes,55,Yes,Fiber optic,Yes,No,No,No,Yes,Yes,One year,No,Mailed check,100.9,8.60329749046837
No,No,No,1,No,No,No internet service,No internet service,No internet service,No internet service,No internet service,No internet service,Month-to-month,Yes,Mailed check,20.25,3.056356895370426
No,No,Yes,1,No,DSL,No,No,No,Yes,No,No,Month-to-month,Yes,Mailed check,49.9,3.929862923556477
No,No,No,23,Yes,Fiber optic,No,No,Yes,Yes,Yes,No,Month-to-month,Yes,Credit card (automatic),96.9,7.6432193361691105
No,No,No,13,Yes,Fiber optic,Yes,No,No,No,Yes,Yes,Month-to-month,Yes,Electronic check,100.35,7.215129678529607
No,Yes,No,47,Yes,Fiber optic,No,Yes,Yes,No,Yes,Yes,Month-to-month,Yes,Electronic check,104.1,8.544059050550798
No,No,No,38,No,No,No internet service,No internet service,No internet service,No internet service,No internet service,No internet service,One year,No,Mailed check,20.1,6.59455024929927
Yes,Yes,No,38,Yes,Fiber optic,No,No,No,No,No,No,Month-to-month,Yes,Bank transfer (automatic),74.95,7.962363432152192
Yes,No,No,2,Yes,DSL,No,Yes,No,No,No,No,Month-to-month,Yes,Credit card (automatic),56.55,4.781222129768451
Yes,Yes,Yes,1,No,DSL,No,No,No,Yes,No,No,Month-to-month,Yes,Credit card (automatic),49.25,3.917010546939185
No,Yes,No,15,No,Fiber optic,No,No,No,No,No,No,Month-to-month,Yes,Bank transfer (automatic),68.6,7.0117548690006215
No,No,No,26,No,Fiber optic,No,No,No,No,No,No,Month-to-month,Yes,Credit card (automatic),69.05,7.504749424635169
No,Yes,Yes,35,No,No,No internet service,No internet service,No internet service,No internet service,No internet service,No internet service,Two year,No,Credit card (automatic),19.7,6.594960505715281
No,No,Yes,3,No,No,No internet service,No internet service,No internet service,No internet service,No internet service,No internet service,Month-to-month,Yes,Mailed check,20.05,4.336636932375072
No,Yes,Yes,50,Yes,Fiber optic,No,Yes,No,Yes,Yes,Yes,Month-to-month,No,Electronic check,103.7,8.531500354112636
No,Yes,No,42,Yes,Fiber optic,Yes,No,Yes,No,No,Yes,Month-to-month,Yes,Electronic check,94.4,8.297942054817371
No,Yes,No,10,No,DSL,Yes,No,No,Yes,No,No,Month-to-month,Yes,Credit card (automatic),54.95,6.3453731683017445
No,Yes,No,61,No,Fiber optic,Yes,Yes,No,Yes,No,Yes,One year,No,Bank transfer (automatic),93.7,8.676194942888575
No,No,No,68,Yes,Fiber optic,Yes,Yes,No,Yes,Yes,Yes,Two year,No,Credit card (automatic),110.25,8.89293421695815
No,No,No,10,No,Fiber optic,Yes,No,Yes,No,Yes,Yes,One year,Yes,Electronic check,98.9,6.9716216993105515
No,Yes,No,65,Yes,Fiber optic,Yes,Yes,Yes,No,No,No,One year,No,Electronic check,89.75,8.660531340231143
No,Yes,Yes,72,No,DSL,Yes,No,Yes,Yes,Yes,Yes,Two year,Yes,Bank transfer (automatic),80.45,8.680646184540727
No,Yes,Yes,55,No,Fiber optic,No,Yes,No,Yes,No,No,Month-to-month,No,Electronic check,79.4,8.352188822830897
No,No,No,1,No,No,No internet service,No internet service,No internet service,No internet service,No internet service,No internet service,Month-to-month,Yes,Mailed check,20.3,3.0587070727153796
No,No,No,7,No,DSL,No,No,Yes,Yes,No,Yes,Month-to-month,No,Bank transfer (automatic),62.8,6.038586654176717
No,No,No,2,Yes,Fiber optic,No,No,No,No,No,No,Month-to-month,Yes,Mailed check,74.9,4.920345822748795
No,No,No,9,No,Fiber optic,Yes,No,No,No,No,No,Month-to-month,Yes,Electronic check,74.85,6.5641375742000525
No,No,Yes,27,Yes,No,No internet service,No internet service,No internet service,No internet service,No internet service,No internet service,Two year,Yes,Credit card (automatic),25.85,6.671463162912652
Yes,Yes,No,7,Yes,Fiber optic,No,No,Yes,No,Yes,Yes,Month-to-month,Yes,Electronic check,101.95,6.553719705980335
No,Yes,No,64,No,DSL,No,Yes,Yes,Yes,No,Yes,Two year,Yes,Mailed check,68.3,8.38475834022749
No,No,No,70,No phone service,DSL,Yes,No,Yes,Yes,No,Yes,Two year,No,Bank transfer (automatic),48.4,8.144330791852086
Yes,No,No,2,Yes,Fiber optic,No,No,No,No,Yes,Yes,Month-to-month,Yes,Electronic check,94.0,5.207845463383961
Yes,No,No,67,No,Fiber optic,Yes,Yes,No,Yes,Yes,Yes,Two year,Yes,Electronic check,105.05,8.878037431746998
No,No,No,45,Yes,Fiber optic,No,Yes,No,No,Yes,No,Month-to-month,Yes,Credit card (automatic),89.3,8.29850221267205
No,No,No,24,Yes,No,No internet service,No internet service,No internet service,No internet service,No internet service,No internet service,Two year,No,Credit card (automatic),25.15,6.317164686747284
No,Yes,Yes,4,No,No,No internet service,No internet service,No internet service,No internet service,No internet service,No internet service,Two year,No,Credit card (automatic),19.5,4.583435693842085
No,Yes,Yes,44,No,Fiber optic,No,No,Yes,No,Yes,Yes,Month-to-month,Yes,Bank transfer (automatic),92.95,8.324554596540237
No,Yes,Yes,72,No,No,No internet service,No internet service,No internet service,No internet service,No internet service,No internet service,Two year,Yes,Mailed check,20.7,7.302024614329567
No,No,No,1,No,Fiber optic,No,Yes,No,No,No,No,Month-to-month,Yes,Credit card (automatic),74.3,4.321480134805848
No,No,No,66,No,No,No internet service,No internet service,No internet service,No internet service,No internet service,No internet service,Two year,No,Bank transfer (automatic),19.35,7.124317218930792
No,No,No,1,No phone service,DSL,No,Yes,No,Yes,No,Yes,Month-to-month,Yes,Mailed check,44.65,3.8210036070409776
No,Yes,Yes,13,No,Fiber optic,Yes,No,No,No,No,Yes,Month-to-month,No,Electronic check,84.05,6.999696152680494
No,No,No,10,Yes,Fiber optic,No,Yes,No,No,No,No,Month-to-month,Yes,Bank transfer (automatic),80.7,6.671779748852549
Yes,Yes,No,65,Yes,Fiber optic,No,Yes,Yes,No,Yes,Yes,Month-to-month,Yes,Electronic check,104.35,8.791721632922973
No,No,Yes,1,No,No,No internet service,No internet service,No internet service,No internet service,No internet service,No internet service,Month-to-month,No,Mailed check,19.55,3.022860940942244
No,Yes,Yes,38,No,DSL,Yes,Yes,Yes,Yes,Yes,No,One year,No,Electronic check,74.05,7.938552573621769
No,No,Yes,23,No phone service,DSL,Yes,No,Yes,Yes,No,No,Two year,No,Mailed check,40.1,6.755477843536559
No,Yes,No,10,No,No,No internet service,No internet service,No internet service,No internet service,No internet service,No internet service,One year,No,Mailed check,20.1,5.2225156531317545
No,No,Yes,4,Yes,Fiber optic,No,Yes,No,No,Yes,Yes,Month-to-month,Yes,Electronic check,101.7,5.901403068739325
No,Yes,Yes,72,Yes,DSL,Yes,No,Yes,Yes,Yes,Yes,Two year,Yes,Credit card (automatic),83.55,8.715109187083549
No,Yes,No,35,No,DSL,No,Yes,No,Yes,No,No,Month-to-month,No,Electronic check,56.85,7.529460162087717
No,No,No,1,No,No,No internet service,No internet service,No internet service,No internet service,No internet service,No internet service,Month-to-month,No,Mailed check,20.4,3.0633909220278057
No,Yes,Yes,58,No,No,No internet service,No internet service,No internet service,No internet service,No internet service,No internet service,Two year,No,Credit card (automatic),19.55,6.985317990929928
No,Yes,Yes,70,No,Fiber optic,No,Yes,Yes,Yes,Yes,Yes,One year,Yes,Electronic check,106.15,8.919466544622965
No,Yes,Yes,38,Yes,DSL,No,Yes,Yes,No,Yes,Yes,One year,No,Credit card (automatic),78.95,7.959817392830412
No,Yes,Yes,60,No phone service,DSL,No,Yes,No,No,Yes,Yes,Month-to-month,Yes,Electronic check,49.75,8.029579409644032
No,No,No,26,Yes,Fiber optic,Yes,Yes,No,No,Yes,No,Month-to-month,Yes,Credit card (automatic),92.4,7.762510974738495
No,No,No,8,No,DSL,Yes,Yes,No,Yes,No,No,One year,No,Bank transfer (automatic),58.2,6.15326446818114
No,Yes,Yes,41,Yes,Fiber optic,No,No,Yes,Yes,Yes,Yes,One year,Yes,Electronic check,102.6,8.346250647393541
Yes,Yes,No,36,Yes,Fiber optic,No,Yes,No,No,Yes,No,Month-to-month,Yes,Credit card (automatic),91.95,8.102298766703406
Yes,No,No,54,No,DSL,No,No,Yes,Yes,No,Yes,One year,No,Bank transfer (automatic),65.25,8.169322235533594
No,Yes,Yes,71,Yes,Fiber optic,No,Yes,Yes,No,Yes,Yes,Two year,Yes,Bank transfer (automatic),106.0,8.952178266060393
No,No,No,55,Yes,Fiber optic,No,No,No,No,No,No,Month-to-month,Yes,Electronic check,73.1,8.32987517307146
No,No,No,72,Yes,DSL,Yes,Yes,No,No,No,No,Two year,No,Bank transfer (automatic),59.75,8.358431899031295
No,No,Yes,3,No,DSL,Yes,No,No,Yes,No,No,Month-to-month,Yes,Mailed check,55.1,5.047609896887617
No,Yes,Yes,54,Yes,DSL,No,Yes,Yes,No,No,No,Two year,Yes,Bank transfer (automatic),59.8,8.085625351967414
No,Yes,Yes,72,Yes,Fiber optic,Yes,Yes,Yes,Yes,Yes,Yes,Two year,Yes,Bank transfer (automatic),116.6,9.02863262676135
No,No,No,52,Yes,Fiber optic,Yes,No,Yes,Yes,Yes,Yes,Two year,Yes,Electronic check,109.3,8.653889570183916
Yes,No,No,60,Yes,Fiber optic,Yes,No,No,No,Yes,Yes,One year,Yes,Bank transfer (automatic),101.4,8.728685125509973
No,No,No,39,No phone service,DSL,No,No,Yes,No,Yes,Yes,Month-to-month,Yes,Credit card (automatic),50.65,7.552971925784532
No,No,No,15,No,DSL,No,No,No,No,Yes,No,One year,No,Mailed check,56.15,6.838298013966916
No,No,No,69,Yes,Fiber optic,No,No,Yes,Yes,Yes,Yes,Two year,Yes,Bank transfer (automatic),106.5,8.902428380952307
No,Yes,Yes,43,No,No,No internet service,No internet service,No internet service,No internet service,No internet service,No internet service,One year,Yes,Mailed check,19.2,6.655762048938863
Yes,No,No,63,Yes,DSL,Yes,Yes,Yes,Yes,Yes,No,One year,No,Bank transfer (automatic),83.0,8.564849379544466
Yes,Yes,No,2,No,Fiber optic,No,No,No,No,No,No,Month-to-month,No,Electronic check,70.1,4.960394077659509
No,Yes,Yes,72,No,Fiber optic,Yes,Yes,Yes,Yes,Yes,Yes,Two year,Yes,Bank transfer (automatic),108.3,8.94645945797701
No,Yes,Yes,32,Yes,Fiber optic,No,No,Yes,No,No,Yes,Month-to-month,Yes,Bank transfer (automatic),91.05,7.991423120264424
No,Yes,Yes,40,Yes,No,No internet service,No internet service,No internet service,No internet service,No internet service,No internet service,Two year,No,Credit card (automatic),25.25,6.9156242373608325
No,Yes,No,58,No phone service,DSL,Yes,Yes,No,No,Yes,No,One year,Yes,Electronic check,45.35,7.840352337130602
No,No,No,67,No phone service,DSL,Yes,No,No,Yes,Yes,No,Two year,No,Electronic check,43.9,8.038576576672263
Yes,Yes,No,51,Yes,Fiber optic,Yes,No,No,No,No,No,Month-to-month,Yes,Electronic check,77.5,8.244951303452334
No,Yes,No,31,Yes,DSL,No,No,Yes,Yes,Yes,Yes,One year,Yes,Mailed check,79.3,7.818027938530729
Yes,Yes,No,69,Yes,Fiber optic,Yes,Yes,No,No,No,No,Month-to-month,Yes,Credit card (automatic),84.9,8.663308819357752
No,Yes,No,32,Yes,Fiber optic,No,No,No,Yes,No,No,One year,Yes,Electronic check,79.25,7.870986847024712
No,No,No,21,No,DSL,Yes,Yes,No,Yes,Yes,No,Two year,No,Credit card (automatic),71.05,7.330306910813801
No,No,No,52,No,DSL,Yes,No,Yes,No,No,No,One year,No,Electronic check,53.75,7.934388097858083
No,Yes,Yes,72,Yes,No,No internet service,No internet service,No internet service,No internet service,No internet service,No internet service,Two year,No,Credit card (automatic),24.25,7.487453767034503
No,Yes,No,72,No phone service,DSL,No,Yes,Yes,No,Yes,Yes,Two year,Yes,Electronic check,54.2,8.27854252387427
No,Yes,Yes,52,No phone service,DSL,Yes,No,Yes,No,No,Yes,One year,No,Bank transfer (automatic),44.25,7.730657982534619
No,No,No,41,No,DSL,No,No,No,Yes,No,No,One year,No,Bank transfer (automatic),50.05,7.615815702274378
No,No,No,41,No,No,No internet service,No internet service,No internet service,No internet service,No internet service,No internet service,Two year,No,Mailed check,20.15,6.688790484489344
No,No,No,6,No,Fiber optic,No,No,No,No,No,No,Month-to-month,Yes,Mailed check,69.25,6.03882511846782
No,Yes,Yes,67,Yes,DSL,Yes,Yes,Yes,Yes,No,No,One year,Yes,Credit card (automatic),69.35,8.445536059652007
No,Yes,Yes,16,No,No,No internet service,No internet service,No internet service,No internet service,No internet service,No internet service,Month-to-month,No,Mailed check,19.35,5.623656430176916
No,No,No,17,No,No,No internet service,No internet service,No internet service,No internet service,No internet service,No internet service,Two year,No,Mailed check,19.15,5.841948942039205
No,Yes,No,35,No,DSL,Yes,Yes,Yes,No,No,No,Month-to-month,No,Mailed check,61.0,7.664557778271204
No,Yes,Yes,58,No,No,No internet service,No internet service,No internet service,No internet service,No internet service,No internet service,Two year,No,Credit card (automatic),20.5,7.083723361803917
No,No,No,1,No,DSL,No,No,Yes,No,No,No,Month-to-month,Yes,Electronic check,50.5,3.9415818076696905
No,Yes,Yes,52,No phone service,DSL,No,Yes,Yes,Yes,Yes,No,Two year,No,Mailed check,50.2,7.845807502637805
No,No,No,70,No,DSL,Yes,No,Yes,Yes,Yes,Yes,Two year,No,Bank transfer (automatic),79.6,8.628815063803575
No,Yes,Yes,19,Yes,No,No internet service,No internet service,No internet service,No internet service,No internet service,No internet service,Two year,Yes,Bank transfer (automatic),24.9,6.14996290492866
Yes,No,No,1,Yes,Fiber optic,No,No,No,No,No,No,Month-to-month,Yes,Electronic check,74.4,4.32280727501391
No,Yes,Yes,35,No,Fiber optic,Yes,No,Yes,Yes,Yes,Yes,Month-to-month,Yes,Electronic check,106.9,8.2314958148187
No,No,No,32,Yes,Fiber optic,No,No,Yes,No,Yes,Yes,Month-to-month,Yes,Electronic check,101.35,8.112497787010163
No,Yes,Yes,17,No,DSL,Yes,No,No,Yes,No,No,Month-to-month,Yes,Credit card (automatic),55.35,6.826002777109878
No,Yes,Yes,67,No,DSL,No,Yes,No,No,No,No,One year,No,Credit card (automatic),50.55,8.141116968201862
No,No,No,9,No,No,No internet service,No internet service,No internet service,No internet service,No internet service,No internet service,Month-to-month,No,Bank transfer (automatic),19.5,5.019595035467727
No,No,Yes,31,Yes,DSL,No,Yes,No,Yes,Yes,Yes,One year,Yes,Mailed check,79.45,7.8589110981823715
No,No,No,4,Yes,Fiber optic,Yes,No,No,No,Yes,No,Month-to-month,No,Electronic check,90.65,5.910661133504376
Yes,Yes,Yes,58,Yes,Fiber optic,Yes,Yes,No,Yes,No,No,One year,Yes,Bank transfer (automatic),89.85,8.542227209135879
No,No,No,60,No,DSL,Yes,No,Yes,Yes,Yes,Yes,One year,No,Mailed check,79.0,8.476808601220762
No,No,No,58,Yes,Fiber optic,No,No,Yes,Yes,Yes,Yes,One year,Yes,Electronic check,104.65,8.735621644103475
No,No,No,1,No,No,No internet service,No internet service,No internet service,No internet service,No internet service,No internet service,Month-to-month,No,Mailed check,19.55,3.022860940942244
No,Yes,Yes,27,No,No,No internet service,No internet service,No internet service,No internet service,No internet service,No internet service,Two year,No,Mailed check,19.9,6.311916280889189
Yes,Yes,Yes,66,Yes,Fiber optic,Yes,Yes,Yes,Yes,Yes,Yes,One year,Yes,Electronic check,116.25,8.969955285966561
No,No,No,15,Yes,Fiber optic,Yes,No,No,No,Yes,No,Month-to-month,Yes,Bank transfer (automatic),87.75,7.125443979613383
Yes,Yes,No,47,Yes,Fiber optic,No,No,Yes,No,Yes,Yes,Month-to-month,Yes,Electronic check,100.05,8.491270072062852
No,No,No,41,Yes,Fiber optic,Yes,No,No,No,No,No,Month-to-month,Yes,Credit card (automatic),81.3,8.068293303434988
No,Yes,No,59,No phone service,DSL,No,No,No,No,Yes,Yes,Month-to-month,Yes,Electronic check,44.3,7.8889906994966745
No,No,Yes,50,No,Fiber optic,No,No,No,No,No,No,Two year,No,Credit card (automatic),70.35,8.170355417755697
No,Yes,Yes,17,No phone service,DSL,Yes,No,Yes,No,Yes,No,One year,No,Credit card (automatic),44.45,6.676012358854464
No,Yes,Yes,6,No,DSL,Yes,No,No,No,No,No,Month-to-month,Yes,Electronic check,49.15,5.692552992704652
Yes,Yes,No,51,No phone service,DSL,No,Yes,No,No,No,No,Month-to-month,Yes,Credit card (automatic),29.45,7.286431412000087
No,No,No,44,No,Fiber optic,No,Yes,No,Yes,Yes,Yes,Month-to-month,No,Electronic check,100.55,8.38916661942616
No,Yes,No,49,No,Fiber optic,No,Yes,No,No,Yes,No,Month-to-month,Yes,Credit card (automatic),85.3,8.366126085816875
No,No,No,2,No,Fiber optic,No,Yes,No,No,Yes,Yes,Month-to-month,No,Electronic check,95.65,5.12574810119676
No,Yes,No,59,Yes,DSL,Yes,No,No,Yes,No,Yes,One year,Yes,Mailed check,69.1,8.31822992635372
Yes,No,No,50,Yes,DSL,Yes,Yes,No,No,Yes,No,Month-to-month,Yes,Bank transfer (automatic),70.35,8.14775138248473
No,Yes,Yes,59,No,No,No internet service,No internet service,No internet service,No internet service,No internet service,No internet service,Two year,No,Mailed check,20.6,7.160069207596127
No,No,No,18,Yes,Fiber optic,No,No,No,No,No,No,Month-to-month,No,Mailed check,74.15,7.23561914106675
No,No,No,10,Yes,Fiber optic,No,No,No,No,No,No,Month-to-month,No,Electronic check,75.05,6.668609370190421
No,Yes,No,14,No,DSL,No,No,No,No,No,No,One year,No,Electronic check,44.6,6.464977635989993
No,No,No,35,No,No,No internet service,No internet service,No internet service,No internet service,No internet service,No internet service,Two year,No,Bank transfer (automatic),21.45,6.560252428211817
No,Yes,Yes,8,No,DSL,No,No,No,No,No,No,One year,Yes,Mailed check,43.45,5.847882818629958
No,Yes,Yes,18,No,No,No internet service,No internet service,No internet service,No internet service,No internet service,No internet service,One year,No,Bank transfer (automatic),20.05,5.849036553975704
No,Yes,Yes,60,Yes,Fiber optic,Yes,Yes,No,No,Yes,No,One year,No,Bank transfer (automatic),94.15,8.667817661466938
No,No,No,1,No,Fiber optic,No,No,Yes,No,Yes,Yes,Month-to-month,No,Electronic check,94.4,4.558078578454241
No,No,No,6,No,No,No internet service,No internet service,No internet service,No internet service,No internet service,No internet service,Two year,No,Mailed check,19.55,4.8319072728124315
No,No,Yes,19,Yes,DSL,Yes,Yes,No,Yes,Yes,No,Month-to-month,Yes,Mailed check,75.9,7.227371969964263
No,Yes,Yes,53,Yes,DSL,Yes,Yes,No,Yes,No,No,One year,No,Bank transfer (automatic),64.15,8.158387407420907
Yes,Yes,No,72,Yes,Fiber optic,Yes,Yes,Yes,No,Yes,Yes,Two year,Yes,Bank transfer (automatic),109.55,8.977361108239862
No,Yes,No,60,Yes,Fiber optic,No,Yes,Yes,Yes,Yes,Yes,Two year,Yes,Credit card (automatic),110.8,8.80112323379829
No,No,No,1,No,DSL,No,No,No,No,Yes,No,Month-to-month,Yes,Credit card (automatic),55.0,4.02535169073515
No,No,Yes,13,No,DSL,No,No,Yes,Yes,No,No,Month-to-month,No,Mailed check,53.45,6.578000430108449
No,Yes,Yes,5,No,Fiber optic,No,No,No,No,No,No,Month-to-month,No,Credit card (automatic),69.95,5.772686453303412
No,No,No,1,Yes,Fiber optic,No,No,Yes,No,Yes,Yes,Month-to-month,Yes,Electronic check,101.45,4.629374874684909
No,Yes,Yes,13,No,Fiber optic,No,No,Yes,No,Yes,Yes,Month-to-month,No,Electronic check,97.0,7.19702359268779
No,No,No,37,Yes,DSL,Yes,Yes,Yes,Yes,Yes,Yes,One year,Yes,Bank transfer (automatic),90.6,8.119592080864859
No,Yes,No,64,No,Fiber optic,Yes,No,No,No,No,No,Month-to-month,Yes,Mailed check,73.55,8.469052816088302
No,Yes,No,5,Yes,DSL,No,No,Yes,Yes,Yes,No,Month-to-month,No,Bank transfer (automatic),67.95,5.861640559271781
No,Yes,No,61,Yes,Fiber optic,No,Yes,No,Yes,No,Yes,Two year,Yes,Bank transfer (automatic),94.35,8.648922962094131
No,No,No,1,No,Fiber optic,No,No,No,No,No,No,Month-to-month,Yes,Electronic check,69.5,4.255612709818223
No,No,No,1,No,No,No internet service,No internet service,No internet service,No internet service,No internet service,No internet service,Month-to-month,Yes,Mailed check,18.85,2.9882040071331994
No,No,No,26,No,No,No internet service,No internet service,No internet service,No internet service,No internet service,No internet service,One year,No,Mailed check,19.4,6.266346293826606
No,No,No,1,No,Fiber optic,No,No,No,No,No,No,Month-to-month,Yes,Electronic check,69.2,4.251348311031766
No,Yes,No,24,No,No,No internet service,No internet service,No internet service,No internet service,No internet service,No internet service,Two year,No,Mailed check,19.75,6.18239477605754
No,Yes,No,17,No phone service,DSL,No,No,Yes,Yes,Yes,Yes,One year,No,Electronic check,54.6,6.8414017784321155
No,No,Yes,26,No phone service,DSL,No,No,Yes,No,No,No,Month-to-month,Yes,Mailed check,29.8,6.668863370699788
No,No,No,1,No,Fiber optic,No,No,No,No,No,No,Month-to-month,Yes,Electronic check,69.65,4.257738109130536
Yes,Yes,No,40,Yes,Fiber optic,Yes,No,No,No,Yes,Yes,Month-to-month,No,Electronic check,101.85,8.315639884344804
No,No,No,52,Yes,Fiber optic,No,Yes,Yes,No,Yes,Yes,Month-to-month,Yes,Electronic check,103.05,8.58780075858019
No,No,No,1,No,Fiber optic,No,Yes,Yes,No,No,No,Month-to-month,Yes,Electronic check,82.3,4.422448549172797
No,No,No,21,No phone service,DSL,Yes,No,No,Yes,No,No,Two year,No,Mailed check,35.1,6.648207045774128
No,Yes,No,67,Yes,Fiber optic,No,Yes,Yes,No,Yes,Yes,One year,Yes,Bank transfer (automatic),105.7,8.827314119142065
No,Yes,Yes,44,No,DSL,Yes,No,No,Yes,No,No,Month-to-month,No,Bank transfer (automatic),56.25,7.791750066055471
No,Yes,Yes,70,No phone service,DSL,No,Yes,Yes,Yes,Yes,Yes,One year,No,Electronic check,60.35,8.328378600425618
No,No,No,3,No,Fiber optic,No,No,No,No,Yes,No,Month-to-month,No,Electronic check,79.25,5.593223284089137
No,Yes,Yes,56,No,DSL,Yes,Yes,Yes,No,No,No,Two year,Yes,Bank transfer (automatic),59.8,8.148575790801537
No,No,No,13,Yes,Fiber optic,No,No,No,No,No,Yes,Month-to-month,Yes,Electronic check,84.6,7.017685338354333
No,Yes,Yes,58,Yes,Fiber optic,Yes,Yes,No,No,No,Yes,Month-to-month,Yes,Bank transfer (automatic),93.4,8.60090914445607
No,Yes,Yes,42,Yes,Fiber optic,No,No,No,No,Yes,Yes,Month-to-month,Yes,Electronic check,94.2,8.33981141379869
Yes,Yes,No,1,No phone service,DSL,No,No,No,No,No,No,Month-to-month,No,Electronic check,25.05,3.260017768199376
No,Yes,Yes,46,Yes,Fiber optic,Yes,No,Yes,Yes,No,Yes,Two year,No,Mailed check,99.65,8.440571292764794
No,Yes,Yes,63,No,DSL,Yes,No,No,No,No,No,Two year,Yes,Bank transfer (automatic),50.65,8.077835152284889
No,No,No,11,No,DSL,No,Yes,Yes,Yes,No,No,Month-to-month,Yes,Electronic check,60.9,6.5359666972333565
No,Yes,Yes,15,Yes,DSL,No,No,Yes,Yes,No,No,Month-to-month,Yes,Bank transfer (automatic),59.65,6.766306915397762
No,Yes,No,72,No phone service,DSL,Yes,Yes,Yes,Yes,Yes,Yes,Two year,Yes,Electronic check,64.7,8.465278651464038
No,No,No,29,No phone service,DSL,No,No,No,No,No,No,Month-to-month,Yes,Credit card (automatic),25.1,6.5706728562352295
No,No,Yes,1,No,DSL,No,No,Yes,No,No,No,Month-to-month,No,Electronic check,48.95,3.9110225050945626
No,Yes,Yes,6,No,DSL,No,No,No,No,Yes,No,Month-to-month,No,Electronic check,54.85,5.875211590283732
No,Yes,Yes,63,Yes,Fiber optic,No,Yes,No,No,No,Yes,One year,Yes,Electronic check,91.35,8.659681847708468
No,No,No,2,No,Fiber optic,No,No,Yes,No,No,Yes,Month-to-month,Yes,Electronic check,85.85,5.12574810119676
No,Yes,Yes,18,Yes,No,No internet service,No internet service,No internet service,No internet service,No internet service,No internet service,Two year,No,Mailed check,25.1,6.062505320212233
No,Yes,No,43,No phone service,DSL,Yes,No,No,Yes,No,No,Month-to-month,No,Bank transfer (automatic),34.0,7.317444785076738
No,No,No,15,No phone service,DSL,Yes,Yes,Yes,Yes,No,No,One year,No,Mailed check,45.9,6.543120165362228
No,No,Yes,10,Yes,Fiber optic,No,No,No,No,Yes,Yes,Month-to-month,No,Electronic check,95.2,6.836688830548277
No,Yes,Yes,55,No,No,No internet service,No internet service,No internet service,No internet service,No internet service,No internet service,Two year,No,Mailed check,20.5,7.072379490817057
No,No,Yes,49,Yes,Fiber optic,No,No,No,Yes,Yes,Yes,One year,Yes,Bank transfer (automatic),100.6,8.531224293495859
No,Yes,Yes,6,No,DSL,No,Yes,Yes,No,No,No,Month-to-month,Yes,Mailed check,55.3,5.784594117392615
No,Yes,Yes,70,No,No,No internet service,No internet service,No internet service,No internet service,No internet service,No internet service,Two year,No,Credit card (automatic),20.35,7.285575086269977
Yes,No,No,2,Yes,Fiber optic,No,No,No,No,No,No,Month-to-month,Yes,Mailed check,74.85,5.058790335983303
Yes,Yes,No,63,No phone service,DSL,Yes,No,No,Yes,No,No,One year,No,Bank transfer (automatic),36.1,7.740620922711164
No,No,No,25,No,DSL,No,Yes,No,Yes,No,Yes,Month-to-month,Yes,Bank transfer (automatic),65.8,7.426935902330863
Yes,No,No,18,No,No,No internet service,No internet service,No internet service,No internet service,No internet service,No internet service,One year,No,Bank transfer (automatic),20.35,5.915123313851259
Yes,Yes,No,28,Yes,Fiber optic,No,Yes,No,Yes,Yes,Yes,Month-to-month,Yes,Electronic check,105.8,8.00603417874901
Yes,No,No,53,No,Fiber optic,Yes,Yes,No,Yes,No,Yes,One year,Yes,Mailed check,96.75,8.557864774625278
No,No,No,35,No,Fiber optic,No,Yes,Yes,No,Yes,Yes,One year,Yes,Bank transfer (automatic),102.35,8.196188709898143
No,No,No,1,No phone service,DSL,No,No,No,No,No,No,Month-to-month,No,Mailed check,24.4,3.2347491740244907
No,Yes,No,70,Yes,Fiber optic,Yes,Yes,Yes,Yes,Yes,Yes,One year,No,Credit card (automatic),115.65,8.983420951029988
No,No,No,2,No,Fiber optic,No,No,Yes,Yes,No,No,Month-to-month,Yes,Electronic check,79.85,5.033374781065745
No,Yes,No,26,No,DSL,No,Yes,No,Yes,Yes,Yes,Month-to-month,Yes,Electronic check,73.05,7.580954821732386
No,No,No,34,No,DSL,Yes,Yes,No,No,No,Yes,One year,No,Electronic check,64.35,7.6275687329380855
No,No,Yes,19,No,No,No internet service,No internet service,No internet service,No internet service,No internet service,No internet service,Two year,No,Mailed check,20.5,5.990338913820472
No,No,No,15,Yes,Fiber optic,No,No,No,No,No,No,Month-to-month,Yes,Mailed check,76.0,7.031608741149134
No,Yes,Yes,62,No,DSL,Yes,No,Yes,No,No,No,One year,No,Credit card (automatic),54.75,8.139250833619391
Yes,No,No,42,Yes,Fiber optic,No,Yes,Yes,No,Yes,Yes,Month-to-month,Yes,Bank transfer (automatic),104.75,8.372040243649433
No,No,No,9,No,DSL,Yes,Yes,No,No,Yes,Yes,Month-to-month,Yes,Electronic check,74.65,6.557559301141113
No,No,No,24,No,DSL,Yes,No,No,No,No,No,Month-to-month,Yes,Electronic check,51.15,7.152033902826306
Yes,Yes,No,68,No phone service,DSL,Yes,Yes,Yes,No,No,No,Two year,Yes,Electronic check,41.95,7.9952223565452485
No,Yes,Yes,31,No,DSL,No,No,Yes,Yes,No,No,Month-to-month,No,Mailed check,54.35,7.4073177104694174
No,No,No,1,No,DSL,No,No,No,No,No,Yes,Month-to-month,Yes,Electronic check,56.25,4.047427642434349
No,Yes,No,21,Yes,Fiber optic,No,No,Yes,Yes,Yes,Yes,Month-to-month,Yes,Electronic check,106.1,7.719107628309968
No,Yes,No,63,No,Fiber optic,No,Yes,No,No,Yes,Yes,One year,Yes,Electronic check,96.0,8.717804794223362
Yes,No,No,2,No,Fiber optic,No,No,No,No,No,Yes,Month-to-month,Yes,Bank transfer (automatic),79.75,5.077670695432414
No,Yes,Yes,61,No phone service,DSL,No,Yes,Yes,Yes,Yes,Yes,Two year,Yes,Bank transfer (automatic),61.45,8.230084288005028
No,No,No,1,No,Fiber optic,No,No,No,No,No,No,Month-to-month,No,Electronic check,68.65,4.243482700225814
No,No,No,18,No,No,No internet service,No internet service,No internet service,No internet service,No internet service,No internet service,One year,No,Mailed check,19.65,6.021629961439708
No,Yes,Yes,6,No,No,No internet service,No internet service,No internet service,No internet service,No internet service,No internet service,One year,No,Credit card (automatic),19.0,4.66814498514948
No,No,No,33,Yes,Fiber optic,No,Yes,No,No,Yes,Yes,Month-to-month,Yes,Electronic check,100.0,8.108201873531515
No,No,No,16,No,No,No internet service,No internet service,No internet service,No internet service,No internet service,No internet service,Month-to-month,No,Bank transfer (automatic),20.25,5.794384619338482
No,Yes,No,56,No,Fiber optic,No,No,Yes,Yes,Yes,Yes,Month-to-month,Yes,Electronic check,98.7,8.643032576255385
No,No,Yes,23,No,No,No internet service,No internet service,No internet service,No internet service,No internet service,No internet service,One year,No,Mailed check,19.8,6.14515083340697
No,No,No,9,No,Fiber optic,No,No,Yes,No,No,No,Month-to-month,Yes,Electronic check,73.8,6.558623244214133
Yes,Yes,No,14,Yes,Fiber optic,No,Yes,No,No,Yes,Yes,Month-to-month,Yes,Electronic check,100.2,7.223149790000454
No,Yes,Yes,15,Yes,Fiber optic,No,No,No,No,No,No,Month-to-month,Yes,Bank transfer (automatic),74.9,7.010537473625163
No,No,No,5,No,No,No internet service,No internet service,No internet service,No internet service,No internet service,No internet service,Month-to-month,No,Credit card (automatic),20.05,4.570061008874523
No,Yes,No,61,Yes,Fiber optic,Yes,Yes,No,No,Yes,Yes,Month-to-month,Yes,Electronic check,106.2,8.760327587606705
No,Yes,Yes,70,Yes,Fiber optic,Yes,Yes,Yes,Yes,Yes,Yes,Two year,Yes,Credit card (automatic),116.55,9.006178032257257
No,No,No,15,Yes,Fiber optic,Yes,No,No,No,Yes,Yes,Month-to-month,Yes,Electronic check,99.7,7.35739674942313
No,Yes,Yes,8,No,No,No internet service,No internet service,No internet service,No internet service,No internet service,No internet service,Two year,No,Mailed check,19.7,4.877103901471733
No,Yes,Yes,8,No,No,No internet service,No internet service,No internet service,No internet service,No internet service,No internet service,Two year,No,Mailed check,19.5,5.094670023039329
No,No,No,4,No phone service,DSL,Yes,No,No,No,No,No,Month-to-month,Yes,Mailed check,29.15,4.709980550340436
No,No,No,34,No,DSL,Yes,Yes,No,No,No,No,One year,No,Mailed check,55.0,7.542292993434819
No,Yes,No,68,Yes,DSL,Yes,Yes,Yes,Yes,Yes,Yes,Two year,Yes,Credit card (automatic),90.8,8.74891583683838
No,Yes,Yes,45,No phone service,DSL,No,Yes,Yes,Yes,No,Yes,One year,No,Bank transfer (automatic),51.0,7.725550764107193
Yes,No,No,9,Yes,Fiber optic,No,No,Yes,No,Yes,No,Month-to-month,Yes,Electronic check,90.1,6.706617807930542
No,No,No,22,Yes,DSL,Yes,No,No,Yes,No,No,Month-to-month,Yes,Mailed check,59.05,7.134492365806477
No,No,No,2,No,No,No internet service,No internet service,No internet service,No internet service,No internet service,No internet service,Month-to-month,No,Mailed check,20.3,3.742420221041966
No,Yes,No,70,Yes,DSL,No,Yes,Yes,Yes,Yes,No,Two year,No,Bank transfer (automatic),72.95,8.569130778202858
No,No,Yes,10,Yes,DSL,Yes,No,Yes,Yes,No,Yes,One year,No,Credit card (automatic),73.55,6.542904143759228
No,No,No,72,Yes,DSL,Yes,No,Yes,Yes,Yes,Yes,Two year,No,Credit card (automatic),84.3,8.69919803139405
No,Yes,Yes,49,No,DSL,No,Yes,Yes,No,Yes,Yes,One year,No,Credit card (automatic),78.0,8.249366032475388
Yes,No,No,54,Yes,DSL,No,Yes,No,Yes,Yes,No,One year,No,Mailed check,72.1,8.26540579416028
No,No,No,71,Yes,Fiber optic,Yes,Yes,Yes,No,Yes,Yes,Two year,Yes,Credit card (automatic),106.75,8.893469762059727
No,No,No,22,No,No,No internet service,No internet service,No internet service,No internet service,No internet service,No internet service,One year,Yes,Mailed check,19.25,6.024778426137916
No,Yes,Yes,50,No,No,No internet service,No internet service,No internet service,No internet service,No internet service,No internet service,Two year,No,Credit card (automatic),20.55,6.97658146991199
No,Yes,Yes,43,No,No,No internet service,No internet service,No internet service,No internet service,No internet service,No internet service,One year,No,Mailed check,20.0,6.708023031928389
No,Yes,Yes,45,Yes,No,No internet service,No internet service,No internet service,No internet service,No internet service,No internet service,Two year,Yes,Credit card (automatic),24.65,7.066722910077782
Yes,No,No,64,Yes,Fiber optic,Yes,Yes,No,No,Yes,Yes,Month-to-month,Yes,Bank transfer (automatic),103.5,8.787166892087088
No,Yes,Yes,23,Yes,No,No internet service,No internet service,No internet service,No internet service,No internet service,No internet service,Two year,No,Mailed check,23.85,6.440388171057531
No,Yes,No,68,Yes,No,No internet service,No internet service,No internet service,No internet service,No internet service,No internet service,Two year,No,Credit card (automatic),25.8,7.556166565700691
No,No,No,1,No,Fiber optic,No,No,No,No,No,No,Month-to-month,Yes,Electronic check,70.85,4.274580612525034
No,No,No,2,No,Fiber optic,No,No,No,No,No,No,Month-to-month,Yes,Credit card (automatic),69.8,4.9104465668408235
No,No,No,26,No,DSL,No,No,No,Yes,Yes,No,One year,No,Credit card (automatic),59.45,7.318539548567902
No,Yes,No,55,No phone service,DSL,No,No,Yes,Yes,Yes,Yes,Month-to-month,Yes,Bank transfer (automatic),54.55,7.999443652577423
No,No,No,14,No,No,No internet service,No internet service,No internet service,No internet service,No internet service,No internet service,Month-to-month,Yes,Electronic check,20.05,5.7047819749892845
No,Yes,No,71,No,DSL,Yes,No,Yes,Yes,Yes,Yes,Two year,Yes,Electronic check,82.55,8.671398155484365
No,No,No,64,Yes,DSL,Yes,Yes,Yes,Yes,Yes,No,One year,No,Electronic check,81.25,8.62488997587159
No,No,No,7,No,DSL,No,No,No,Yes,Yes,Yes,Month-to-month,Yes,Credit card (automatic),70.75,6.113239604033903
No,No,No,57,No,DSL,Yes,Yes,Yes,Yes,Yes,No,Two year,Yes,Credit card (automatic),74.3,8.335035621175752
No,Yes,No,13,Yes,Fiber optic,No,Yes,Yes,No,Yes,No,Month-to-month,No,Electronic check,94.1,7.103815361886605
No,Yes,Yes,3,No phone service,DSL,Yes,No,No,No,No,No,Month-to-month,No,Credit card (automatic),29.7,4.529368472571809
Yes,Yes,No,72,Yes,Fiber optic,No,Yes,Yes,Yes,Yes,Yes,Two year,No,Credit card (automatic),109.7,8.974548415778346
No,Yes,Yes,40,Yes,Fiber optic,No,Yes,Yes,No,Yes,No,Month-to-month,Yes,Credit card (automatic),96.35,8.272928143479916
No,Yes,No,14,Yes,DSL,No,No,No,Yes,Yes,No,Month-to-month,Yes,Credit card (automatic),66.6,6.888062645636401
No,Yes,Yes,2,No,DSL,No,No,No,No,No,No,Month-to-month,Yes,Electronic check,44.5,4.511408806173617
Yes,No,No,66,Yes,Fiber optic,No,Yes,Yes,Yes,Yes,Yes,One year,No,Credit card (automatic),110.9,8.913691551461717
No,Yes,No,38,Yes,Fiber optic,No,No,Yes,Yes,Yes,Yes,Month-to-month,Yes,Electronic check,105.0,8.300876285444305
No,No,Yes,1,No phone service,DSL,No,No,No,No,No,No,Month-to-month,Yes,Electronic check,25.3,3.269568939183719
No,No,No,22,No,DSL,No,Yes,No,Yes,No,No,One year,Yes,Credit card (automatic),55.15,7.085106169122671
No,No,No,5,No,Fiber optic,No,No,No,No,Yes,No,Month-to-month,Yes,Mailed check,80.1,5.990338913820472
No,Yes,Yes,29,Yes,DSL,Yes,No,No,Yes,Yes,No,One year,No,Bank transfer (automatic),69.05,7.580419100600682
No,Yes,Yes,1,No,Fiber optic,No,No,No,No,No,No,Month-to-month,Yes,Mailed check,69.9,4.2612704335380815
No,No,No,3,No,No,No internet service,No internet service,No internet service,No internet service,No internet service,No internet service,Month-to-month,No,Mailed check,20.4,4.161224091061645
No,Yes,Yes,71,No,No,No internet service,No internet service,No internet service,No internet service,No internet service,No internet service,Two year,No,Credit card (automatic),19.7,7.171733624734682
No,No,Yes,9,No,DSL,No,Yes,No,No,No,No,Month-to-month,Yes,Electronic check,50.1,6.184251978407293
No,No,No,43,Yes,Fiber optic,No,Yes,No,No,Yes,Yes,Month-to-month,Yes,Electronic check,101.4,8.418256443556213
No,No,No,48,Yes,DSL,Yes,Yes,Yes,No,Yes,Yes,One year,Yes,Credit card (automatic),83.45,8.265868763085331
No,No,No,26,Yes,Fiber optic,Yes,Yes,No,No,No,No,Month-to-month,Yes,Credit card (automatic),86.65,7.700634665941057
No,No,No,9,No,No,No internet service,No internet service,No internet service,No internet service,No internet service,No internet service,Month-to-month,No,Bank transfer (automatic),20.15,5.477090970126306
No,No,No,1,No,Fiber optic,No,No,No,No,No,Yes,Month-to-month,Yes,Electronic check,80.8,4.404277243608702
No,Yes,Yes,46,No,No,No internet service,No internet service,No internet service,No internet service,No internet service,No internet service,Two year,No,Credit card (automatic),19.4,6.866047475582347
No,No,No,2,Yes,DSL,No,No,No,No,No,Yes,Month-to-month,No,Bank transfer (automatic),62.05,4.78164132910387
Yes,No,No,1,Yes,Fiber optic,No,No,No,No,No,No,Month-to-month,Yes,Electronic check,76.45,4.349632566862877
No,Yes,Yes,64,No phone service,DSL,Yes,No,Yes,Yes,Yes,Yes,Two year,Yes,Bank transfer (automatic),60.05,8.2549059239844
Yes,No,No,12,Yes,Fiber optic,No,Yes,No,No,Yes,No,Month-to-month,Yes,Electronic check,91.3,6.998966159035521
Yes,Yes,No,6,No,Fiber optic,No,No,Yes,No,Yes,Yes,Month-to-month,Yes,Electronic check,95.75,6.353935163643291
No,Yes,No,59,No,No,No internet service,No internet service,No internet service,No internet service,No internet service,No internet service,One year,No,Mailed check,20.35,7.145196134997171
No,No,No,7,No,Fiber optic,No,Yes,No,No,Yes,Yes,One year,Yes,Mailed check,94.05,6.452758481842924
Yes,Yes,No,72,Yes,DSL,Yes,Yes,Yes,No,Yes,Yes,Two year,Yes,Credit card (automatic),84.1,8.72105605919792
Yes,No,No,16,No,Fiber optic,No,No,No,No,No,Yes,Month-to-month,Yes,Electronic check,78.75,7.105991194590162
No,Yes,No,25,Yes,DSL,No,No,Yes,No,No,No,Month-to-month,No,Credit card (automatic),55.55,7.248717420876202
No,Yes,No,34,Yes,DSL,Yes,Yes,No,Yes,No,No,Month-to-month,No,Electronic check,62.65,7.7301308575498675
No,No,No,1,Yes,Fiber optic,No,No,No,No,No,No,Month-to-month,Yes,Electronic check,74.5,4.324132656254979
No,Yes,Yes,10,Yes,Fiber optic,No,Yes,Yes,No,Yes,Yes,Month-to-month,Yes,Credit card (automatic),102.1,6.97527373071296
No,Yes,No,24,No,No,No internet service,No internet service,No internet service,No internet service,No internet service,No internet service,One year,No,Mailed check,20.1,6.282079813537204
No,Yes,Yes,10,Yes,DSL,Yes,Yes,No,No,Yes,No,One year,No,Electronic check,70.3,6.51789281410138
No,Yes,No,69,No,DSL,Yes,Yes,No,No,No,No,One year,Yes,Credit card (automatic),53.65,8.2441763896063
No,No,No,57,No,No,No internet service,No internet service,No internet service,No internet service,No internet service,No internet service,Two year,No,Mailed check,20.75,7.020905376914793
No,Yes,Yes,50,No,Fiber optic,No,Yes,Yes,Yes,Yes,Yes,One year,Yes,Bank transfer (automatic),103.4,8.56358047096936
No,Yes,Yes,28,No phone service,DSL,Yes,No,Yes,Yes,Yes,No,One year,No,Mailed check,50.8,7.235475038465449
No,No,No,16,No,DSL,Yes,No,No,No,No,No,Month-to-month,Yes,Electronic check,50.15,6.6375856316149875
No,No,No,25,No,DSL,Yes,Yes,No,Yes,Yes,Yes,Month-to-month,Yes,Mailed check,79.0,7.551186867296149
Yes,Yes,No,3,No,Fiber optic,No,Yes,No,No,No,No,Month-to-month,Yes,Bank transfer (automatic),74.6,5.48084723497695
No,Yes,No,61,Yes,Fiber optic,No,No,No,No,Yes,Yes,One year,Yes,Bank transfer (automatic),96.5,8.643772977516159
No,No,No,2,No,No,No internet service,No internet service,No internet service,No internet service,No internet service,No internet service,Month-to-month,No,Mailed check,20.1,3.708682081410116
No,Yes,Yes,51,No,No,No internet service,No internet service,No internet service,No internet service,No internet service,No internet service,One year,No,Mailed check,19.4,6.906504497080484
No,Yes,Yes,71,No,DSL,Yes,No,Yes,No,Yes,Yes,Two year,No,Credit card (automatic),77.55,8.62611037462678
No,Yes,Yes,20,No,No,No internet service,No internet service,No internet service,No internet service,No internet service,No internet service,Month-to-month,No,Mailed check,20.05,6.008936028019987
No,Yes,Yes,6,No,No,No internet service,No internet service,No internet service,No internet service,No internet service,No internet service,Month-to-month,No,Credit card (automatic),19.85,4.940570419647969
No,No,No,6,No,No,No internet service,No internet service,No internet service,No internet service,No internet service,No internet service,Month-to-month,No,Mailed check,20.2,4.825509809969567
No,No,No,29,Yes,DSL,Yes,Yes,No,Yes,No,No,Month-to-month,No,Mailed check,67.45,7.4967079305242255
No,No,No,36,No,No,No internet service,No internet service,No internet service,No internet service,No internet service,No internet service,Two year,Yes,Credit card (automatic),18.55,6.536691597591305
No,No,No,28,No phone service,DSL,No,No,Yes,No,No,No,Month-to-month,Yes,Mailed check,29.75,6.674182532177388
No,Yes,No,7,Yes,Fiber optic,No,No,No,No,Yes,No,Month-to-month,Yes,Electronic check,86.5,6.3690444517266105
No,No,No,63,Yes,No,No internet service,No internet service,No internet service,No internet service,No internet service,No internet service,Two year,No,Mailed check,24.2,7.389687479093147
No,Yes,Yes,48,Yes,No,No internet service,No internet service,No internet service,No internet service,No internet service,No internet service,Two year,No,Mailed check,23.55,7.068470082022033
No,Yes,No,49,No,No,No internet service,No internet service,No internet service,No internet service,No internet service,No internet service,One year,No,Bank transfer (automatic),20.45,6.804503649171663
Yes,No,No,27,Yes,Fiber optic,No,Yes,No,No,No,No,Month-to-month,Yes,Electronic check,81.45,7.660609013003878
No,Yes,No,72,Yes,DSL,Yes,Yes,Yes,Yes,Yes,Yes,Two year,No,Credit card (automatic),92.3,8.812977353120994
No,Yes,No,1,No,Fiber optic,No,No,No,No,No,No,Month-to-month,Yes,Electronic check,69.15,4.25063580654847
No,Yes,Yes,72,No phone service,DSL,No,Yes,No,Yes,Yes,Yes,Two year,No,Credit card (automatic),53.65,8.23880116587155
No,No,No,47,No phone service,DSL,Yes,Yes,No,Yes,No,No,One year,No,Credit card (automatic),39.65,7.49534748053304
No,No,No,1,No,DSL,No,No,No,No,Yes,No,Month-to-month,Yes,Electronic check,54.65,4.019082077721554
No,No,No,36,Yes,Fiber optic,No,Yes,Yes,No,Yes,Yes,One year,Yes,Bank transfer (automatic),104.8,8.265508694668442
No,Yes,Yes,43,No phone service,DSL,No,Yes,No,No,No,No,Month-to-month,No,Credit card (automatic),29.3,7.110736938472394
Yes,Yes,No,27,Yes,DSL,No,Yes,Yes,Yes,Yes,Yes,Month-to-month,No,Electronic check,83.85,7.745522149152025
No,No,No,9,No,Fiber optic,No,No,No,No,No,Yes,Month-to-month,Yes,Electronic check,79.55,6.585343726009258
No,No,No,38,Yes,Fiber optic,No,No,Yes,Yes,Yes,Yes,Month-to-month,Yes,Electronic check,103.65,8.291421188748336
Yes,No,No,35,Yes,Fiber optic,Yes,No,No,No,Yes,Yes,Month-to-month,Yes,Electronic check,99.05,8.17627910436752
No,Yes,No,59,No,Fiber optic,No,Yes,No,Yes,Yes,Yes,Two year,Yes,Mailed check,100.05,8.70547196868432
No,No,No,27,No,No,No internet service,No internet service,No internet service,No internet service,No internet service,No internet service,Two year,No,Credit card (automatic),20.35,6.277770673379832
Yes,No,No,2,No,DSL,No,No,No,No,No,No,Month-to-month,No,Electronic check,43.95,4.455509411433685
No,No,No,7,Yes,No,No internet service,No internet service,No internet service,No internet service,No internet service,No internet service,Month-to-month,No,Mailed check,23.5,5.159055299214529
No,No,No,36,Yes,DSL,No,Yes,No,Yes,No,Yes,One year,Yes,Mailed check,70.7,7.829212640807651
No,Yes,Yes,41,Yes,Fiber optic,Yes,Yes,No,No,Yes,No,Month-to-month,Yes,Bank transfer (automatic),94.3,8.267346257267478
No,No,No,13,No phone service,DSL,No,Yes,No,No,No,No,Month-to-month,No,Electronic check,29.15,5.88095189306046
No,No,Yes,19,No,No,No internet service,No internet service,No internet service,No internet service,No internet service,No internet service,Two year,No,Credit card (automatic),20.85,6.149536101678477
No,Yes,No,60,No phone service,DSL,Yes,Yes,No,Yes,No,No,Two year,No,Bank transfer (automatic),37.7,7.736176083599651
No,No,Yes,48,No,Fiber optic,No,Yes,Yes,Yes,Yes,No,Two year,Yes,Mailed check,95.5,8.440063736099237
Yes,No,No,3,Yes,Fiber optic,No,No,Yes,No,Yes,No,Month-to-month,No,Electronic check,91.05,5.670225691127358
No,Yes,No,69,Yes,Fiber optic,No,Yes,No,Yes,Yes,No,Two year,Yes,Mailed check,92.45,8.773624506076604
No,No,No,43,No phone service,DSL,No,No,Yes,Yes,No,Yes,One year,No,Electronic check,44.15,7.566466282220954
No,No,Yes,11,No phone service,DSL,Yes,No,No,Yes,No,No,One year,Yes,Mailed check,36.05,6.000424288479454
No,Yes,No,45,No,DSL,No,No,Yes,No,No,No,Month-to-month,Yes,Credit card (automatic),50.25,7.706410464322853
No,Yes,No,72,Yes,Fiber optic,No,Yes,Yes,Yes,Yes,Yes,Two year,Yes,Credit card (automatic),109.75,8.956724726496294
Yes,Yes,No,2,Yes,Fiber optic,No,No,Yes,No,No,No,Month-to-month,No,Electronic check,79.2,5.15819285845387
No,Yes,Yes,12,No,No,No internet service,No internet service,No internet service,No internet service,No internet service,No internet service,Two year,No,Bank transfer (automatic),20.3,5.418320158942733
No,Yes,Yes,67,Yes,Fiber optic,No,Yes,Yes,Yes,Yes,Yes,One year,Yes,Credit card (automatic),112.35,8.907808586274065
No,Yes,No,37,Yes,Fiber optic,No,No,Yes,Yes,Yes,No,Two year,No,Mailed check,94.3,8.149587293113084
No,No,No,39,No phone service,DSL,Yes,Yes,No,Yes,No,No,One year,No,Bank transfer (automatic),41.15,7.439500553000631
No,No,No,41,Yes,DSL,Yes,No,Yes,Yes,No,Yes,Month-to-month,Yes,Bank transfer (automatic),74.65,8.036460207957417
No,No,No,25,No phone service,DSL,No,No,Yes,No,Yes,Yes,Month-to-month,Yes,Electronic check,48.25,7.1661115220520895
No,Yes,Yes,8,Yes,DSL,Yes,Yes,No,Yes,No,Yes,Two year,Yes,Credit card (automatic),76.15,6.472037127702952
No,Yes,Yes,71,Yes,DSL,Yes,Yes,Yes,Yes,No,No,Two year,No,Mailed check,71.1,8.561391878487907
No,No,No,5,Yes,Fiber optic,No,Yes,Yes,No,No,Yes,Month-to-month,No,Electronic check,96.55,6.216805681965679
No,No,No,30,Yes,DSL,Yes,No,Yes,No,Yes,Yes,One year,Yes,Credit card (automatic),79.3,7.794864337492712
No,No,No,40,No,Fiber optic,No,Yes,No,Yes,No,Yes,One year,Yes,Credit card (automatic),89.6,8.157413432524026
No,No,No,54,No,No,No internet service,No internet service,No internet service,No internet service,No internet service,No internet service,Two year,Yes,Mailed check,20.5,6.943797870329067
No,Yes,No,72,Yes,Fiber optic,No,Yes,Yes,No,Yes,Yes,Two year,Yes,Bank transfer (automatic),106.3,8.931466063705376
No,Yes,Yes,28,No,Fiber optic,No,Yes,Yes,No,Yes,Yes,One year,No,Bank transfer (automatic),100.35,7.937374696163295
No,Yes,Yes,18,No,Fiber optic,No,No,No,Yes,No,Yes,Month-to-month,Yes,Electronic check,85.6,7.379320188794825
No,No,No,2,No phone service,DSL,No,No,No,No,Yes,Yes,Month-to-month,Yes,Electronic check,45.25,4.460144413937834
No,Yes,Yes,59,Yes,Fiber optic,No,Yes,Yes,No,Yes,Yes,One year,Yes,Electronic check,106.15,8.741488079687615
No,Yes,Yes,22,No,DSL,No,No,No,Yes,No,No,Month-to-month,Yes,Electronic check,51.1,7.117935163904488
Yes,Yes,No,72,Yes,No,No internet service,No internet service,No internet service,No internet service,No internet service,No internet service,Two year,Yes,Credit card (automatic),25.7,7.569618169502316
Yes,No,No,14,Yes,Fiber optic,No,No,No,No,No,No,Month-to-month,Yes,Electronic check,74.3,7.000562328568344
No,Yes,No,50,Yes,Fiber optic,No,No,No,Yes,Yes,Yes,One year,No,Electronic check,99.4,8.529269972641687
No,Yes,Yes,48,No,DSL,Yes,No,Yes,Yes,Yes,No,One year,No,Bank transfer (automatic),69.7,8.014550661291555
No,Yes,Yes,49,Yes,Fiber optic,No,Yes,No,No,Yes,Yes,Month-to-month,Yes,Electronic check,98.35,8.494988481428045
No,Yes,Yes,28,No,Fiber optic,No,No,Yes,No,Yes,No,Month-to-month,No,Electronic check,85.45,7.736700032439303
Yes,No,No,68,Yes,Fiber optic,No,Yes,Yes,No,No,Yes,Month-to-month,Yes,Electronic check,95.9,8.78020340106237
No,No,No,13,Yes,Fiber optic,No,No,No,Yes,Yes,Yes,Month-to-month,No,Electronic check,100.75,7.181021439699557
No,No,No,11,Yes,Fiber optic,No,No,Yes,No,Yes,No,Month-to-month,Yes,Electronic check,89.2,6.899017213038852
No,Yes,No,3,Yes,Fiber optic,No,No,No,No,No,No,Month-to-month,Yes,Credit card (automatic),74.1,5.43372200355424
Yes,Yes,No,57,Yes,Fiber optic,No,No,Yes,No,Yes,Yes,Month-to-month,No,Electronic check,100.6,8.65645935874134
No,No,No,3,Yes,Fiber optic,No,No,No,No,No,No,Month-to-month,No,Mailed check,75.0,5.347583607850955
No,Yes,No,72,Yes,No,No internet service,No internet service,No internet service,No internet service,No internet service,No internet service,Two year,No,Credit card (automatic),25.75,7.531123564934166
No,Yes,Yes,70,Yes,DSL,No,Yes,Yes,Yes,Yes,Yes,Two year,Yes,Electronic check,84.1,8.696292896950245
No,Yes,Yes,49,Yes,DSL,No,Yes,No,Yes,Yes,Yes,Two year,No,Bank transfer (automatic),79.3,8.26961605646076
Yes,Yes,No,67,Yes,Fiber optic,Yes,No,Yes,No,Yes,Yes,One year,Yes,Credit card (automatic),107.05,8.873958131305212
No,No,No,46,No,No,No internet service,No internet service,No internet service,No internet service,No internet service,No internet service,Two year,No,Bank transfer (automatic),20.05,6.805722553416985
Yes,No,No,64,No,DSL,Yes,Yes,No,Yes,Yes,No,Two year,Yes,Credit card (automatic),70.2,8.407824654360873
No,Yes,No,37,No,No,No internet service,No internet service,No internet service,No internet service,No internet service,No internet service,Month-to-month,No,Bank transfer (automatic),19.5,6.692331850683066
Yes,No,No,2,No,Fiber optic,No,No,No,No,No,No,Month-to-month,No,Electronic check,70.75,5.048894006213346
Yes,Yes,No,13,No phone service,DSL,No,No,No,No,Yes,Yes,Month-to-month,No,Electronic check,45.3,6.271838731876463
No,Yes,No,72,Yes,Fiber optic,Yes,Yes,Yes,Yes,Yes,Yes,Two year,No,Electronic check,115.15,9.030100646666497
No,Yes,Yes,68,No,DSL,No,No,Yes,Yes,Yes,Yes,Two year,Yes,Bank transfer (automatic),72.95,8.508001073047323
No,Yes,Yes,15,No,No,No internet service,No internet service,No internet service,No internet service,No internet service,No internet service,One year,No,Mailed check,19.65,5.810092539349616
No,No,No,24,No,No,No internet service,No internet service,No internet service,No internet service,No internet service,No internet service,Two year,Yes,Bank transfer (automatic),19.55,6.155282632337377
No,No,No,24,Yes,Fiber optic,No,No,No,Yes,No,Yes,Month-to-month,Yes,Electronic check,89.55,7.723274947532273
No,No,No,27,No,DSL,Yes,No,No,No,No,No,Month-to-month,No,Mailed check,50.35,7.253010262691275
No,No,No,12,No,DSL,No,No,No,Yes,No,No,Month-to-month,No,Bank transfer (automatic),50.25,6.388141149183067
No,Yes,Yes,71,No,DSL,Yes,Yes,Yes,Yes,Yes,Yes,Two year,No,Credit card (automatic),87.25,8.753008120650192
No,Yes,Yes,67,No,No,No internet service,No internet service,No internet service,No internet service,No internet service,No internet service,Two year,Yes,Mailed check,20.8,7.253399608771762
No,Yes,No,63,Yes,Fiber optic,No,Yes,Yes,Yes,Yes,Yes,Two year,Yes,Bank transfer (automatic),109.25,8.830893826266571
No,No,No,1,No,No,No internet service,No internet service,No internet service,No internet service,No internet service,No internet service,Month-to-month,No,Mailed check,20.35,3.0610517396746335
No,No,No,4,No,DSL,No,No,No,No,No,Yes,Month-to-month,Yes,Electronic check,55.9,5.4785534168509695
Yes,No,No,40,No,Fiber optic,Yes,Yes,No,No,No,No,Month-to-month,Yes,Credit card (automatic),79.2,8.081737838008356
No,No,No,12,No,Fiber optic,No,No,Yes,No,Yes,Yes,Month-to-month,Yes,Electronic check,96.0,6.968944447294559
No,Yes,Yes,52,No,DSL,Yes,Yes,Yes,No,Yes,Yes,Two year,No,Electronic check,79.2,8.29836531416963
No,No,No,10,Yes,No,No internet service,No internet service,No internet service,No internet service,No internet service,No internet service,Month-to-month,Yes,Electronic check,24.0,5.427369994462651
No,No,No,68,Yes,Fiber optic,Yes,Yes,Yes,No,Yes,No,One year,No,Bank transfer (automatic),101.35,8.869503624719881
No,No,No,54,Yes,Fiber optic,No,No,No,Yes,Yes,Yes,Month-to-month,Yes,Electronic check,100.1,8.601883543577152
No,Yes,Yes,4,No,DSL,No,Yes,No,Yes,No,No,Month-to-month,No,Mailed check,56.5,5.464255444091467
No,Yes,No,52,No phone service,DSL,Yes,No,Yes,No,No,No,One year,No,Mailed check,35.45,7.580674241695091
Yes,No,No,1,No,Fiber optic,No,No,Yes,No,No,Yes,Month-to-month,Yes,Electronic check,85.0,4.454347296253507
No,Yes,No,70,Yes,DSL,Yes,Yes,Yes,Yes,Yes,No,One year,No,Bank transfer (automatic),79.4,8.617925011170238
No,No,No,43,No phone service,DSL,Yes,No,Yes,No,No,No,One year,Yes,Credit card (automatic),35.2,7.289405722324261
No,No,No,52,No,No,No internet service,No internet service,No internet service,No internet service,No internet service,No internet service,Two year,No,Mailed check,19.65,6.933471757486774
No,No,No,12,No phone service,DSL,Yes,No,Yes,Yes,No,Yes,Two year,No,Mailed check,49.85,6.315538817000633
No,Yes,Yes,56,Yes,DSL,Yes,Yes,No,No,No,Yes,One year,No,Bank transfer (automatic),68.75,8.247062848877691
No,No,No,42,Yes,Fiber optic,No,No,Yes,No,No,No,Month-to-month,No,Electronic check,79.9,8.106031890763193
Yes,Yes,No,22,No,Fiber optic,No,No,No,No,Yes,Yes,Month-to-month,Yes,Bank transfer (automatic),89.75,7.5703917043370605
No,Yes,Yes,51,No phone service,DSL,Yes,Yes,Yes,No,Yes,Yes,One year,No,Electronic check,59.3,8.011570674648429
No,No,No,27,No,No,No internet service,No internet service,No internet service,No internet service,No internet service,No internet service,Month-to-month,Yes,Credit card (automatic),19.4,6.133940195354737
Yes,Yes,No,51,Yes,Fiber optic,Yes,No,Yes,No,No,Yes,One year,Yes,Bank transfer (automatic),93.65,8.484700990965981
No,No,Yes,4,No,DSL,Yes,No,No,No,No,No,Month-to-month,Yes,Electronic check,49.4,5.2225156531317545
No,No,No,1,No,No,No internet service,No internet service,No internet service,No internet service,No internet service,No internet service,Month-to-month,Yes,Mailed check,19.9,3.039749158970765
No,No,No,35,No,DSL,No,No,No,No,Yes,No,Month-to-month,No,Mailed check,55.0,7.606660848152748
Yes,Yes,Yes,71,Yes,DSL,No,Yes,Yes,Yes,No,Yes,One year,Yes,Bank transfer (automatic),72.9,8.544934809597896
No,Yes,Yes,69,Yes,No,No internet service,No internet service,No internet service,No internet service,No internet service,No internet service,Two year,Yes,Bank transfer (automatic),25.6,7.42321017113179
No,Yes,Yes,14,No,No,No internet service,No internet service,No internet service,No internet service,No internet service,No internet service,One year,No,Mailed check,19.75,5.7377006928596614
No,Yes,No,57,No,DSL,Yes,No,No,Yes,No,No,Month-to-month,No,Electronic check,55.7,8.062306719974355
No,Yes,Yes,72,Yes,Fiber optic,Yes,Yes,Yes,Yes,Yes,Yes,Two year,No,Credit card (automatic),117.5,9.06775093600585
No,No,No,48,No,No,No internet service,No internet service,No internet service,No internet service,No internet service,No internet service,Two year,No,Credit card (automatic),19.85,6.821107472256465
No,Yes,Yes,4,No,Fiber optic,No,No,No,No,Yes,No,Month-to-month,Yes,Mailed check,78.9,5.7062793548547885
No,Yes,Yes,31,No,No,No internet service,No internet service,No internet service,No internet service,No internet service,No internet service,Month-to-month,Yes,Electronic check,20.65,6.555428013036825
No,No,No,38,No,DSL,No,No,Yes,Yes,No,Yes,One year,Yes,Mailed check,62.3,7.764635651524684
Yes,Yes,No,37,Yes,Fiber optic,No,No,No,No,Yes,Yes,Month-to-month,Yes,Electronic check,92.5,8.153177081220612
Yes,No,No,57,Yes,DSL,No,Yes,Yes,No,Yes,Yes,Two year,Yes,Bank transfer (automatic),79.75,8.398229459011691
Yes,Yes,No,62,No,DSL,Yes,No,Yes,Yes,Yes,Yes,Two year,Yes,Credit card (automatic),79.95,8.480684796599714
No,Yes,No,3,No phone service,DSL,No,No,No,Yes,No,No,Month-to-month,Yes,Electronic check,29.9,4.535284058523925
No,No,Yes,72,No,No,No internet service,No internet service,No internet service,No internet service,No internet service,No internet service,Two year,Yes,Mailed check,19.75,7.357556200910353
No,No,Yes,29,No phone service,DSL,Yes,Yes,Yes,Yes,No,No,Month-to-month,Yes,Mailed check,45.0,7.125645053347799
No,Yes,Yes,13,No,DSL,No,No,No,No,No,No,Month-to-month,No,Bank transfer (automatic),44.8,6.328293862826008
No,No,Yes,3,No,Fiber optic,No,No,No,No,No,No,Month-to-month,No,Electronic check,69.65,5.3986150878634005
No,No,No,11,No,DSL,No,Yes,No,No,No,No,Month-to-month,No,Electronic check,51.1,6.276925404487053
No,No,Yes,21,No phone service,DSL,Yes,Yes,Yes,Yes,Yes,No,Two year,No,Mailed check,53.15,7.076822720097676
No,No,No,19,Yes,No,No internet service,No internet service,No internet service,No internet service,No internet service,No internet service,Month-to-month,No,Bank transfer (automatic),24.7,6.146008006929935
No,No,No,61,Yes,Fiber optic,Yes,No,Yes,Yes,Yes,Yes,Two year,Yes,Credit card (automatic),111.6,8.83594505990559
No,No,No,11,No,DSL,Yes,No,No,No,No,No,Month-to-month,No,Credit card (automatic),48.55,6.218600119691729
No,Yes,Yes,35,Yes,Fiber optic,No,Yes,Yes,Yes,Yes,Yes,Month-to-month,Yes,Electronic check,109.95,8.238378355231562
No,No,Yes,25,No,No,No internet service,No internet service,No internet service,No internet service,No internet service,No internet service,Month-to-month,No,Mailed check,20.8,6.133831788394904
No,No,No,1,No,No,No internet service,No internet service,No internet service,No internet service,No internet service,No internet service,Month-to-month,Yes,Mailed check,20.2,3.054001181677967
No,No,No,67,Yes,No,No internet service,No internet service,No internet service,No internet service,No internet service,No internet service,Two year,Yes,Bank transfer (automatic),25.6,7.490724804520613
No,No,No,19,No phone service,DSL,No,No,Yes,No,Yes,No,Month-to-month,Yes,Electronic check,39.65,6.598985754199871
No,No,No,56,Yes,No,No internet service,No internet service,No internet service,No internet service,No internet service,No internet service,One year,No,Electronic check,24.9,7.19668657083435
No,Yes,Yes,72,Yes,Fiber optic,Yes,Yes,Yes,No,Yes,Yes,Two year,Yes,Credit card (automatic),108.4,8.957800192769458
No,No,No,43,No,No,No internet service,No internet service,No internet service,No internet service,No internet service,No internet service,Two year,No,Mailed check,19.55,6.776678015375194
No,Yes,Yes,55,Yes,Fiber optic,Yes,Yes,No,No,No,No,Month-to-month,Yes,Electronic check,85.1,8.434235405694915
No,Yes,Yes,2,Yes,DSL,Yes,No,No,No,No,No,Month-to-month,No,Mailed check,56.7,4.741011408899505
No,No,No,27,No,Fiber optic,No,No,No,No,No,No,Month-to-month,Yes,Mailed check,69.05,7.492342386310181
No,No,No,13,No,Fiber optic,No,No,No,No,No,No,Month-to-month,Yes,Mailed check,70.15,6.788633848074274
No,No,No,70,Yes,Fiber optic,Yes,Yes,Yes,No,Yes,Yes,Two year,Yes,Mailed check,111.15,8.953969610532432
No,Yes,No,14,No,Fiber optic,Yes,Yes,No,Yes,Yes,Yes,One year,No,Mailed check,105.95,7.207785794614781
No,Yes,Yes,19,Yes,Fiber optic,No,No,No,Yes,No,Yes,One year,Yes,Bank transfer (automatic),89.35,7.431210808648149
No,No,No,20,Yes,Fiber optic,Yes,No,No,No,Yes,No,Month-to-month,Yes,Bank transfer (automatic),89.1,7.539160025706512
No,Yes,Yes,43,Yes,Fiber optic,Yes,No,Yes,Yes,No,No,One year,Yes,Credit card (automatic),91.25,8.297742811939646
No,Yes,Yes,5,No,Fiber optic,Yes,No,Yes,No,No,Yes,Month-to-month,Yes,Mailed check,90.35,6.0764947962925575
Yes,Yes,No,70,Yes,Fiber optic,No,Yes,No,Yes,Yes,Yes,One year,Yes,Bank transfer (automatic),105.55,8.881329232019924
No,Yes,No,40,No,No,No internet service,No internet service,No internet service,No internet service,No internet service,No internet service,Two year,No,Mailed check,19.1,6.660703182616252
No,Yes,Yes,6,No,No,No internet service,No internet service,No internet service,No internet service,No internet service,No internet service,Two year,Yes,Credit card (automatic),20.4,4.687671407499835
No,No,No,39,No,Fiber optic,Yes,No,Yes,No,Yes,Yes,Two year,Yes,Electronic check,100.45,8.243466619725949
Yes,Yes,No,4,Yes,Fiber optic,No,No,No,No,No,No,Month-to-month,No,Electronic check,74.95,5.735604086979157
No,No,No,15,No phone service,DSL,No,No,No,Yes,No,No,Month-to-month,Yes,Electronic check,29.7,6.085068727067206
No,Yes,No,1,No phone service,DSL,No,No,Yes,No,Yes,Yes,Month-to-month,Yes,Electronic check,50.35,3.9386649363745674
Yes,No,No,45,No,Fiber optic,Yes,Yes,No,Yes,No,No,Month-to-month,Yes,Bank transfer (automatic),85.7,8.237241165026367
No,Yes,No,64,No phone service,DSL,Yes,No,Yes,Yes,No,Yes,Two year,No,Electronic check,47.85,8.054681427928797
Yes,Yes,No,57,Yes,Fiber optic,No,Yes,Yes,No,No,Yes,Month-to-month,No,Credit card (automatic),94.0,8.601525148631278
No,Yes,Yes,72,Yes,DSL,Yes,Yes,Yes,Yes,No,No,Two year,No,Bank transfer (automatic),69.85,8.537652465817608
No,No,No,1,No,Fiber optic,No,No,No,No,No,No,Month-to-month,Yes,Electronic check,70.3,4.26689632742025
No,Yes,No,72,Yes,No,No internet service,No internet service,No internet service,No internet service,No internet service,No internet service,Two year,No,Credit card (automatic),25.85,7.535403477309386
No,No,No,3,No,DSL,Yes,Yes,No,Yes,No,Yes,Two year,No,Mailed check,71.1,5.367610193043986
Yes,No,No,55,Yes,Fiber optic,Yes,No,No,No,Yes,Yes,Month-to-month,Yes,Electronic check,98.8,8.63386449821993
No,Yes,No,59,Yes,Fiber optic,No,No,Yes,Yes,Yes,No,Month-to-month,No,Electronic check,93.35,8.591836734412004
No,No,No,18,Yes,Fiber optic,No,No,No,Yes,Yes,Yes,Month-to-month,Yes,Bank transfer (automatic),99.85,7.483216294193619
Yes,Yes,No,32,No,Fiber optic,No,No,No,No,No,Yes,Month-to-month,Yes,Credit card (automatic),80.3,7.817645571675264
No,No,No,4,No,DSL,Yes,No,No,No,No,No,Month-to-month,Yes,Bank transfer (automatic),50.55,5.466582256352257
Yes,No,No,66,Yes,Fiber optic,No,Yes,No,No,No,No,Month-to-month,Yes,Credit card (automatic),80.45,8.561277060235506
No,No,No,27,Yes,Fiber optic,No,No,Yes,No,No,No,Month-to-month,Yes,Electronic check,81.3,7.729207719695006
No,No,No,4,No,No,No internet service,No internet service,No internet service,No internet service,No internet service,No internet service,Month-to-month,Yes,Credit card (automatic),20.7,4.43970574626056
No,Yes,Yes,60,No,DSL,Yes,Yes,No,Yes,Yes,Yes,Month-to-month,Yes,Credit card (automatic),79.05,8.447714487646177
No,Yes,Yes,8,No,No,No internet service,No internet service,No internet service,No internet service,No internet service,No internet service,Two year,No,Mailed check,19.05,5.311727053457954
No,Yes,Yes,8,No,No,No internet service,No internet service,No internet service,No internet service,No internet service,No internet service,Two year,No,Credit card (automatic),19.6,4.836281906951478
No,No,No,35,No,No,No internet service,No internet service,No internet service,No internet service,No internet service,No internet service,Two year,Yes,Mailed check,20.2,6.530002609440508
No,No,No,7,Yes,Fiber optic,No,No,No,No,No,Yes,Month-to-month,Yes,Electronic check,86.8,6.431894530252004
No,Yes,Yes,53,No,No,No internet service,No internet service,No internet service,No internet service,No internet service,No internet service,Two year,No,Mailed check,20.9,7.044948708158344
Yes,No,No,18,Yes,Fiber optic,No,Yes,No,Yes,Yes,Yes,Month-to-month,Yes,Credit card (automatic),103.6,7.499616963037395
No,No,No,15,No phone service,DSL,No,Yes,No,No,No,Yes,Two year,Yes,Mailed check,38.8,6.403574197934815
No,Yes,No,67,Yes,Fiber optic,No,Yes,No,No,Yes,No,One year,Yes,Bank transfer (automatic),88.4,8.665492499595755
Yes,Yes,No,6,No,Fiber optic,No,Yes,No,No,No,Yes,Month-to-month,Yes,Electronic check,84.2,6.254117231516904
Yes,No,No,6,No,Fiber optic,No,No,No,No,Yes,No,Month-to-month,Yes,Electronic check,79.7,6.211804171089457
No,No,No,13,Yes,Fiber optic,No,No,No,Yes,Yes,Yes,Month-to-month,Yes,Mailed check,99.0,7.172194312703518
No,No,No,11,Yes,Fiber optic,No,No,Yes,No,Yes,Yes,Month-to-month,Yes,Electronic check,100.75,7.030636408357952
No,No,Yes,1,No,No,No internet service,No internet service,No internet service,No internet service,No internet service,No internet service,Month-to-month,Yes,Mailed check,19.3,3.0106208860477417
No,No,No,5,No,DSL,Yes,No,No,Yes,No,No,Month-to-month,Yes,Mailed check,55.75,5.590800395940859
No,No,No,13,No,No,No internet service,No internet service,No internet service,No internet service,No internet service,No internet service,One year,Yes,Mailed check,19.95,5.552959584921617
No,Yes,No,9,Yes,Fiber optic,Yes,Yes,Yes,No,No,No,Month-to-month,No,Bank transfer (automatic),91.75,6.764808269662204
No,No,No,29,No,Fiber optic,No,Yes,No,Yes,Yes,No,Month-to-month,No,Mailed check,89.65,7.8727028328027115
Yes,No,No,1,No,DSL,No,No,No,No,No,No,Month-to-month,Yes,Mailed check,45.85,3.846951008684431
No,No,No,1,Yes,Fiber optic,No,No,Yes,No,No,No,Month-to-month,Yes,Mailed check,79.55,4.388878109622984
No,Yes,Yes,18,No,DSL,No,No,No,No,Yes,No,Month-to-month,No,Mailed check,55.95,6.988228663132014
No,Yes,No,2,No,DSL,No,No,Yes,No,Yes,Yes,Month-to-month,No,Credit card (automatic),69.0,5.002603122398992
No,Yes,Yes,30,Yes,Fiber optic,No,Yes,No,Yes,No,No,Month-to-month,Yes,Bank transfer (automatic),83.55,7.852127994983248
No,No,Yes,66,Yes,DSL,Yes,Yes,No,Yes,No,No,Two year,No,Bank transfer (automatic),65.7,8.38478117205963
No,Yes,Yes,38,Yes,Fiber optic,No,No,Yes,Yes,Yes,No,Two year,Yes,Bank transfer (automatic),94.9,8.19346934761719
No,Yes,Yes,44,No,DSL,No,Yes,Yes,Yes,No,No,Month-to-month,Yes,Mailed check,61.9,7.98106685353695
No,No,No,54,Yes,Fiber optic,No,Yes,Yes,Yes,Yes,Yes,Month-to-month,No,Electronic check,111.1,8.702152931808193
No,No,No,2,No,No,No internet service,No internet service,No internet service,No internet service,No internet service,No internet service,Month-to-month,No,Mailed check,20.0,3.517497837358316
No,No,No,42,No,DSL,Yes,Yes,No,Yes,No,Yes,One year,Yes,Mailed check,67.7,7.966673409106048
No,Yes,Yes,58,Yes,No,No internet service,No internet service,No internet service,No internet service,No internet service,No internet service,Two year,No,Credit card (automatic),25.15,7.320460778745796
No,Yes,Yes,58,No,Fiber optic,No,Yes,No,No,Yes,Yes,Month-to-month,Yes,Electronic check,92.85,8.576602957947669
No,Yes,Yes,25,Yes,Fiber optic,No,No,Yes,No,No,Yes,Month-to-month,Yes,Electronic check,89.1,7.770392037520659
No,No,No,71,Yes,Fiber optic,Yes,Yes,Yes,Yes,Yes,Yes,Two year,No,Mailed check,111.3,8.985557978493448
No,No,No,37,Yes,Fiber optic,No,Yes,Yes,No,Yes,Yes,Month-to-month,Yes,Bank transfer (automatic),101.9,8.173674184527034
No,Yes,Yes,14,Yes,Fiber optic,No,No,No,Yes,Yes,No,Month-to-month,Yes,Electronic check,91.65,7.171656822768514
Yes,No,No,4,Yes,Fiber optic,No,No,Yes,No,No,Yes,Month-to-month,Yes,Electronic check,88.85,5.922784126803076
No,Yes,No,48,Yes,DSL,Yes,No,No,Yes,No,No,One year,Yes,Bank transfer (automatic),60.6,8.001773698640019
Yes,No,No,3,No phone service,DSL,No,No,No,No,No,No,Month-to-month,No,Electronic check,25.3,4.366278277705742
No,Yes,No,8,No,DSL,Yes,No,No,Yes,No,Yes,Two year,No,Mailed check,65.5,6.337445008381255
No,No,No,1,Yes,Fiber optic,No,No,No,No,Yes,Yes,Month-to-month,Yes,Electronic check,95.45,4.569024739351738
No,No,No,67,No,No,No internet service,No internet service,No internet service,No internet service,No internet service,No internet service,Two year,No,Bank transfer (automatic),19.95,7.1798794525179686
No,No,No,13,No,Fiber optic,No,No,No,No,Yes,Yes,Month-to-month,Yes,Electronic check,91.1,7.035884606692665
No,Yes,Yes,45,No,DSL,No,Yes,No,Yes,No,No,One year,Yes,Credit card (automatic),54.15,7.7496672328071945
No,No,No,49,Yes,Fiber optic,No,No,No,No,No,No,Month-to-month,Yes,Bank transfer (automatic),74.6,8.22184178465955
No,Yes,No,52,Yes,Fiber optic,No,Yes,Yes,No,Yes,No,Month-to-month,No,Bank transfer (automatic),94.6,8.52253887774099
No,Yes,No,63,No,Fiber optic,Yes,No,Yes,No,No,No,One year,Yes,Credit card (automatic),81.15,8.561305766034558
No,Yes,Yes,68,Yes,DSL,Yes,Yes,Yes,Yes,Yes,Yes,Two year,Yes,Bank transfer (automatic),89.05,8.730173269163984
No,Yes,No,31,No,DSL,No,No,No,Yes,No,No,Month-to-month,Yes,Mailed check,49.2,7.312920342081299
No,Yes,No,64,No,No,No internet service,No internet service,No internet service,No internet service,No internet service,No internet service,Two year,No,Credit card (automatic),19.45,7.098045005425268
No,Yes,No,62,No,Fiber optic,Yes,No,Yes,Yes,Yes,Yes,One year,Yes,Electronic check,104.3,8.797042165096359
No,No,No,1,No,Fiber optic,No,No,No,No,No,No,Month-to-month,No,Bank transfer (automatic),69.7,4.258445572902527
No,No,No,6,No,Fiber optic,No,No,No,No,Yes,Yes,Month-to-month,Yes,Electronic check,89.5,6.3531519078702505
No,Yes,No,21,No,Fiber optic,No,No,No,Yes,Yes,No,Month-to-month,Yes,Electronic check,86.05,7.506536833506361
No,Yes,Yes,72,Yes,No,No internet service,No internet service,No internet service,No internet service,No internet service,No internet service,Two year,No,Bank transfer (automatic),25.2,7.489048686017753
No,Yes,Yes,32,No phone service,DSL,Yes,Yes,No,No,No,No,Month-to-month,Yes,Electronic check,35.15,6.958495920685321
Yes,No,No,71,Yes,Fiber optic,Yes,Yes,No,Yes,Yes,No,One year,Yes,Credit card (automatic),99.65,8.879367983425537
No,No,Yes,34,No,Fiber optic,Yes,Yes,Yes,No,Yes,Yes,Month-to-month,Yes,Bank transfer (automatic),105.35,8.21327333007474
No,Yes,No,3,No phone service,DSL,No,No,No,No,No,Yes,Month-to-month,Yes,Electronic check,35.15,4.612642200826793
No,No,Yes,12,Yes,Fiber optic,No,No,No,No,No,No,Month-to-month,Yes,Credit card (automatic),73.75,6.771248034327474
Yes,No,No,8,Yes,Fiber optic,No,No,Yes,No,Yes,Yes,Month-to-month,No,Electronic check,101.35,6.6612151498615315
No,Yes,Yes,35,Yes,No,No internet service,No internet service,No internet service,No internet service,No internet service,No internet service,Two year,No,Bank transfer (automatic),24.3,6.712470055796324
No,Yes,Yes,3,No,Fiber optic,No,No,No,No,Yes,No,Month-to-month,Yes,Electronic check,80.7,5.482512167723671
No,No,No,3,No,Fiber optic,No,No,Yes,Yes,Yes,No,Month-to-month,Yes,Mailed check,89.85,5.503093260504062
No,No,No,53,No,DSL,No,No,Yes,No,No,Yes,One year,Yes,Electronic check,61.1,8.119368818404027
No,Yes,No,4,No phone service,DSL,Yes,No,No,No,No,No,Month-to-month,Yes,Electronic check,29.05,4.8721392168423305
No,Yes,Yes,48,No,Fiber optic,Yes,No,Yes,No,Yes,Yes,One year,Yes,Bank transfer (automatic),99.7,8.512823658898295
No,Yes,Yes,6,No,DSL,Yes,Yes,No,No,No,No,Month-to-month,No,Credit card (automatic),55.9,5.903589160605973
Yes,Yes,No,3,Yes,Fiber optic,No,Yes,Yes,No,Yes,Yes,Month-to-month,Yes,Electronic check,105.9,5.816068950384761
No,Yes,Yes,54,No phone service,DSL,No,No,Yes,Yes,No,Yes,Two year,No,Credit card (automatic),46.0,7.793607421715725
No,No,No,1,No,DSL,No,No,No,No,No,No,Month-to-month,No,Mailed check,43.95,3.8055507609176296
No,No,No,62,No,DSL,No,Yes,Yes,Yes,Yes,Yes,Month-to-month,Yes,Bank transfer (automatic),80.4,8.513616803759081
No,Yes,Yes,22,No,Fiber optic,No,Yes,Yes,No,Yes,Yes,One year,Yes,Mailed check,100.05,7.645517252301033
No,No,No,1,No,DSL,No,No,No,No,No,No,Month-to-month,Yes,Bank transfer (automatic),45.1,3.8308129500026027
Yes,No,No,51,No,Fiber optic,No,No,Yes,No,Yes,Yes,One year,Yes,Bank transfer (automatic),94.0,8.498367087166189
No,No,No,30,Yes,DSL,No,Yes,Yes,No,Yes,No,One year,Yes,Credit card (automatic),68.95,7.620558017200524
Yes,Yes,No,56,Yes,DSL,Yes,Yes,Yes,Yes,No,No,One year,Yes,Credit card (automatic),68.45,8.297792626380861
No,Yes,No,35,Yes,DSL,No,Yes,No,Yes,Yes,No,One year,Yes,Electronic check,69.0,7.800859263880956
Yes,No,No,64,No phone service,DSL,No,Yes,No,Yes,Yes,No,Month-to-month,Yes,Electronic check,43.85,7.920083199053234
No,No,Yes,30,No phone service,DSL,No,No,No,No,Yes,Yes,Month-to-month,Yes,Electronic check,44.5,7.176865965848482
No,Yes,Yes,25,No,No,No internet service,No internet service,No internet service,No internet service,No internet service,No internet service,Two year,Yes,Mailed check,18.7,5.952333829904943
No,No,No,41,No,Fiber optic,No,No,No,No,No,No,Month-to-month,No,Bank transfer (automatic),70.25,7.961736243504653
No,No,Yes,9,No,DSL,No,No,No,No,Yes,No,Month-to-month,No,Electronic check,55.35,6.110912862083427
No,Yes,No,1,No,DSL,Yes,Yes,No,No,No,No,Month-to-month,Yes,Mailed check,53.55,3.9991177122790798
No,No,Yes,70,Yes,Fiber optic,Yes,Yes,Yes,Yes,Yes,Yes,Two year,Yes,Electronic check,114.6,8.972527246677537
No,Yes,Yes,57,No,No,No internet service,No internet service,No internet service,No internet service,No internet service,No internet service,Two year,Yes,Bank transfer (automatic),20.1,6.992739602887134
No,No,No,9,Yes,Fiber optic,No,No,No,No,Yes,No,Month-to-month,Yes,Electronic check,85.5,6.67544483984311
No,Yes,Yes,69,Yes,Fiber optic,No,Yes,Yes,Yes,Yes,Yes,One year,Yes,Bank transfer (automatic),108.75,8.921864651335644
Yes,Yes,No,43,Yes,Fiber optic,No,Yes,Yes,No,Yes,Yes,Month-to-month,Yes,Electronic check,103.0,8.392831060899427
No,Yes,No,72,Yes,Fiber optic,No,No,Yes,No,Yes,Yes,Two year,Yes,Electronic check,97.85,8.830879211404719
No,No,Yes,44,No,No,No internet service,No internet service,No internet service,No internet service,No internet service,No internet service,Two year,No,Bank transfer (automatic),19.55,6.710462206258037
No,Yes,No,72,Yes,Fiber optic,Yes,Yes,No,No,No,No,Two year,Yes,Bank transfer (automatic),84.05,8.708350596872592
No,Yes,No,33,No,Fiber optic,Yes,No,Yes,Yes,Yes,Yes,One year,Yes,Electronic check,103.75,8.120306185957913
No,No,No,54,Yes,Fiber optic,No,No,Yes,No,No,Yes,Month-to-month,No,Credit card (automatic),89.4,8.49095188021101
No,No,Yes,27,No,No,No internet service,No internet service,No internet service,No internet service,No internet service,No internet service,Two year,No,Credit card (automatic),19.7,6.234998788069926
No,No,No,54,Yes,Fiber optic,No,Yes,No,No,No,No,Month-to-month,Yes,Bank transfer (automatic),79.85,8.368519154034502
No,No,No,3,No,Fiber optic,No,Yes,No,No,No,No,Month-to-month,No,Credit card (automatic),74.45,5.403127730900382
No,Yes,No,53,Yes,DSL,Yes,Yes,Yes,No,No,Yes,One year,No,Bank transfer (automatic),74.1,8.251911675906715
No,Yes,No,15,No,No,No internet service,No internet service,No internet service,No internet service,No internet service,No internet service,One year,No,Mailed check,18.8,5.690190521136734
No,No,No,56,No,Fiber optic,No,Yes,No,No,No,No,Month-to-month,Yes,Electronic check,73.85,8.317241126566133
No,Yes,Yes,5,Yes,DSL,Yes,Yes,No,Yes,No,No,Month-to-month,No,Credit card (automatic),64.4,5.761736867916757
No,Yes,Yes,48,No,DSL,No,Yes,Yes,No,No,No,One year,Yes,Credit card (automatic),55.8,7.883144763243498
No,No,Yes,25,No,No,No internet service,No internet service,No internet service,No internet service,No internet service,No internet service,Month-to-month,No,Credit card (automatic),20.05,6.158460937799191
No,Yes,No,3,Yes,Fiber optic,No,No,No,No,No,No,Month-to-month,Yes,Credit card (automatic),75.15,5.383347615732612
No,No,No,58,No,Fiber optic,Yes,Yes,No,No,Yes,Yes,One year,No,Bank transfer (automatic),99.15,8.652064935368452
No,No,No,10,No,DSL,No,No,No,No,No,Yes,Month-to-month,Yes,Bank transfer (automatic),56.75,6.223072176834322
No,No,No,1,No,Fiber optic,No,No,No,No,No,No,Month-to-month,Yes,Electronic check,69.6,4.257030144499196
No,Yes,No,71,Yes,Fiber optic,No,Yes,No,Yes,Yes,Yes,Two year,Yes,Credit card (automatic),104.15,8.904670823843324
No,Yes,Yes,65,Yes,Fiber optic,No,Yes,Yes,Yes,Yes,Yes,Two year,Yes,Credit card (automatic),110.8,8.888329070200776
No,Yes,Yes,5,Yes,Fiber optic,No,Yes,No,No,No,No,Month-to-month,Yes,Electronic check,80.15,5.955837369464831
No,No,No,28,No phone service,DSL,No,No,Yes,Yes,No,No,Month-to-month,Yes,Mailed check,35.75,6.869430164660469
No,Yes,Yes,67,Yes,DSL,No,No,Yes,Yes,No,Yes,Two year,Yes,Bank transfer (automatic),69.9,8.43747876318644
No,No,No,35,No,Fiber optic,Yes,No,No,Yes,No,Yes,One year,Yes,Electronic check,89.2,8.087117717335357
No,Yes,Yes,72,No phone service,DSL,Yes,Yes,Yes,Yes,No,Yes,Two year,No,Credit card (automatic),55.65,8.263861014563423
No,Yes,Yes,61,No phone service,DSL,Yes,Yes,No,Yes,No,Yes,One year,Yes,Bank transfer (automatic),50.7,8.035845460469845
Yes,No,No,68,No,No,No internet service,No internet service,No internet service,No internet service,No internet service,No internet service,Two year,Yes,Credit card (automatic),20.0,7.242082359256962
No,Yes,Yes,1,No phone service,DSL,Yes,No,No,No,No,No,Month-to-month,No,Bank transfer (automatic),30.5,3.449987545831587
No,No,No,3,No,No,No internet service,No internet service,No internet service,No internet service,No internet service,No internet service,Month-to-month,Yes,Mailed check,19.1,3.9899095440852173
No,Yes,Yes,70,Yes,Fiber optic,No,Yes,No,No,Yes,Yes,Two year,No,Bank transfer (automatic),98.3,8.83353560436123
No,No,Yes,48,No phone service,DSL,No,Yes,Yes,No,No,Yes,Month-to-month,No,Credit card (automatic),45.55,7.654135122138809
No,Yes,Yes,68,Yes,Fiber optic,No,Yes,No,No,Yes,Yes,One year,Yes,Credit card (automatic),101.05,8.820477907095427
No,No,No,47,No,Fiber optic,Yes,No,Yes,Yes,Yes,Yes,One year,Yes,Electronic check,103.7,8.462018690671583
No,Yes,Yes,32,No phone service,DSL,No,No,Yes,Yes,No,No,One year,Yes,Mailed check,36.25,7.049298243091741
No,Yes,Yes,5,No,DSL,Yes,No,No,No,No,No,Month-to-month,Yes,Mailed check,49.4,5.453396186948117
No,No,No,49,No,No,No internet service,No internet service,No internet service,No internet service,No internet service,No internet service,Two year,Yes,Credit card (automatic),19.9,6.931081104285634
No,No,No,48,Yes,Fiber optic,No,Yes,Yes,No,Yes,Yes,Month-to-month,Yes,Bank transfer (automatic),107.4,8.541358835915018
Yes,No,No,13,Yes,Fiber optic,No,No,No,No,No,Yes,Month-to-month,Yes,Electronic check,82.0,7.0283787213058755
No,No,No,15,No,No,No internet service,No internet service,No internet service,No internet service,No internet service,No internet service,Month-to-month,Yes,Mailed check,19.8,5.737861788309064
No,No,No,12,No,DSL,No,No,No,No,No,No,Month-to-month,Yes,Electronic check,45.05,6.26168250580812
Yes,No,No,67,Yes,DSL,Yes,Yes,No,Yes,No,No,Two year,Yes,Bank transfer (automatic),64.55,8.354933051958843
No,No,No,9,No,Fiber optic,No,No,No,Yes,Yes,No,Month-to-month,No,Electronic check,86.25,6.648336671803215
No,Yes,Yes,13,No,No,No internet service,No internet service,No internet service,No internet service,No internet service,No internet service,Two year,Yes,Bank transfer (automatic),19.75,5.512218336495314
No,No,No,38,No,Fiber optic,No,No,No,No,Yes,Yes,One year,Yes,Mailed check,89.1,8.114623886420098
Yes,Yes,No,42,Yes,Fiber optic,No,Yes,Yes,No,Yes,No,Month-to-month,Yes,Electronic check,95.55,8.276801746692474
No,Yes,No,24,Yes,Fiber optic,No,No,No,No,No,No,Month-to-month,Yes,Credit card (automatic),75.4,7.46671370804741
Yes,Yes,No,27,No,Fiber optic,Yes,No,Yes,No,Yes,Yes,Month-to-month,Yes,Electronic check,101.25,7.92133604763153
No,Yes,Yes,9,Yes,Fiber optic,No,Yes,Yes,No,Yes,Yes,Month-to-month,Yes,Credit card (automatic),102.6,6.801004909035257
No,Yes,No,49,No phone service,DSL,No,Yes,No,Yes,Yes,Yes,One year,Yes,Credit card (automatic),56.3,7.930781580693652
Yes,Yes,No,61,Yes,Fiber optic,Yes,Yes,Yes,Yes,No,No,Month-to-month,Yes,Credit card (automatic),94.2,8.682105753887527
No,No,Yes,50,No phone service,DSL,Yes,Yes,No,No,Yes,No,One year,Yes,Bank transfer (automatic),43.05,7.700317837840281
Yes,No,No,25,Yes,Fiber optic,No,Yes,No,No,Yes,No,Month-to-month,Yes,Electronic check,89.5,7.69491634497433
Yes,No,No,22,Yes,Fiber optic,No,No,No,No,No,No,Month-to-month,Yes,Bank transfer (automatic),74.4,7.434611719820655
No,No,No,1,No,No,No internet service,No internet service,No internet service,No internet service,No internet service,No internet service,Month-to-month,No,Mailed check,20.5,3.068052935133617
No,No,No,4,Yes,Fiber optic,No,No,No,No,No,No,Month-to-month,Yes,Electronic check,74.35,5.584811233363008
Yes,Yes,No,18,Yes,Fiber optic,No,No,No,Yes,Yes,Yes,Month-to-month,No,Bank transfer (automatic),99.75,7.516025167408981
Yes,No,No,56,Yes,Fiber optic,No,Yes,Yes,Yes,Yes,Yes,One year,Yes,Electronic check,111.95,8.767157820238706
Yes,Yes,No,53,No,Fiber optic,No,Yes,Yes,Yes,Yes,No,One year,Yes,Electronic check,94.0,8.491352169656412
No,Yes,No,51,Yes,Fiber optic,No,No,Yes,No,Yes,Yes,One year,Yes,Electronic check,98.85,8.50684988335764
No,Yes,Yes,24,Yes,DSL,Yes,Yes,Yes,No,No,No,Two year,No,Electronic check,64.35,7.352216716096984
No,Yes,No,62,No,DSL,Yes,Yes,Yes,No,Yes,No,Two year,Yes,Credit card (automatic),72.0,8.362922504388402
No,No,No,24,No,DSL,No,Yes,No,No,No,No,Month-to-month,Yes,Mailed check,49.7,7.105991194590162
No,Yes,Yes,70,Yes,DSL,Yes,Yes,Yes,Yes,Yes,No,Two year,No,Electronic check,80.7,8.633900092692112
No,No,Yes,1,No phone service,DSL,No,No,No,No,No,No,Month-to-month,No,Mailed check,24.2,3.2268439945173775
Yes,No,No,16,No phone service,DSL,No,Yes,No,No,Yes,No,Month-to-month,Yes,Mailed check,39.0,6.5233420175705845
No,No,No,8,No,DSL,No,Yes,No,Yes,Yes,No,Month-to-month,Yes,Electronic check,65.45,6.3197785960277315
No,Yes,Yes,72,No,DSL,Yes,Yes,Yes,Yes,No,Yes,Two year,Yes,Electronic check,74.35,8.563771387176816
No,No,No,23,No,Fiber optic,No,Yes,Yes,Yes,No,No,Month-to-month,No,Bank transfer (automatic),83.2,7.617415367916296
No,No,Yes,31,No phone service,DSL,No,No,No,No,No,No,Month-to-month,No,Credit card (automatic),25.0,6.67228607797729
No,Yes,Yes,37,No phone service,DSL,Yes,No,Yes,Yes,No,No,One year,Yes,Electronic check,40.2,7.330634543344089
No,Yes,No,30,Yes,Fiber optic,No,Yes,No,Yes,Yes,No,Month-to-month,Yes,Credit card (automatic),94.1,7.939319232897119
Yes,No,No,35,Yes,Fiber optic,Yes,Yes,Yes,No,Yes,Yes,One year,Yes,Electronic check,108.35,8.223399145516707
No,Yes,Yes,23,Yes,DSL,No,Yes,No,Yes,Yes,No,Month-to-month,Yes,Credit card (automatic),69.5,7.4104075920589665
No,Yes,Yes,20,Yes,DSL,Yes,No,No,No,Yes,Yes,One year,No,Bank transfer (automatic),76.0,7.371332050147517
No,Yes,No,36,No,Fiber optic,Yes,No,No,No,Yes,Yes,Month-to-month,Yes,Electronic check,93.6,8.121792269065665
No,No,No,8,Yes,Fiber optic,No,No,No,No,Yes,Yes,Month-to-month,No,Bank transfer (automatic),95.65,6.6581394073368125
No,Yes,Yes,71,Yes,Fiber optic,No,Yes,No,No,Yes,Yes,One year,No,Bank transfer (automatic),100.55,8.8699253728722
Yes,Yes,No,50,Yes,Fiber optic,No,Yes,No,No,Yes,No,Month-to-month,Yes,Electronic check,88.05,8.382140642419776
No,Yes,Yes,43,Yes,No,No internet service,No internet service,No internet service,No internet service,No internet service,No internet service,One year,Yes,Bank transfer (automatic),24.45,6.90188810070409
No,No,Yes,57,Yes,DSL,Yes,Yes,Yes,Yes,Yes,Yes,Two year,No,Mailed check,89.55,8.51985963329828
No,Yes,Yes,41,No,DSL,No,Yes,No,Yes,No,Yes,One year,Yes,Bank transfer (automatic),66.5,7.91191035729736
No,Yes,No,27,No,Fiber optic,No,Yes,No,No,No,No,Month-to-month,Yes,Electronic check,76.1,7.647022395155635
No,No,No,13,No,Fiber optic,No,No,No,No,No,Yes,Month-to-month,Yes,Electronic check,80.5,6.9204740513899115
No,No,No,3,No phone service,DSL,Yes,Yes,No,No,No,No,Month-to-month,Yes,Mailed check,35.45,4.680741372835166
No,No,No,67,No,No,No internet service,No internet service,No internet service,No internet service,No internet service,No internet service,One year,No,Electronic check,20.55,7.20370309585095
No,No,No,3,No,DSL,No,Yes,No,No,No,No,Month-to-month,Yes,Mailed check,49.9,4.875960390769654
No,Yes,No,64,Yes,Fiber optic,No,Yes,No,Yes,Yes,Yes,Two year,Yes,Bank transfer (automatic),105.4,8.82405269577028
No,No,No,26,No phone service,DSL,No,No,Yes,Yes,No,No,Month-to-month,No,Electronic check,35.75,6.930983405101344
No,No,No,38,Yes,Fiber optic,No,Yes,Yes,No,No,Yes,Month-to-month,Yes,Credit card (automatic),95.1,8.21397776533647
No,Yes,No,23,No,No,No internet service,No internet service,No internet service,No internet service,No internet service,No internet service,One year,No,Credit card (automatic),19.3,6.1886747163956874
No,No,No,40,Yes,Fiber optic,No,Yes,Yes,No,Yes,Yes,Month-to-month,Yes,Credit card (automatic),104.5,8.303467651080286
Yes,Yes,No,72,No phone service,DSL,Yes,Yes,Yes,Yes,Yes,Yes,Two year,Yes,Bank transfer (automatic),63.1,8.452451983072336
Yes,No,No,3,Yes,Fiber optic,No,No,No,No,No,No,Month-to-month,Yes,Credit card (automatic),75.05,5.550048374714159
No,No,No,23,Yes,Fiber optic,No,No,Yes,No,No,No,Month-to-month,Yes,Electronic check,81.0,7.559090391727643
Yes,Yes,No,1,Yes,Fiber optic,No,No,No,No,No,No,Month-to-month,Yes,Electronic check,74.45,4.323470185213858
No,No,No,4,No,DSL,Yes,Yes,No,Yes,No,No,Month-to-month,Yes,Mailed check,60.4,5.610021094841726
No,Yes,No,62,Yes,DSL,Yes,Yes,No,Yes,Yes,Yes,Two year,Yes,Electronic check,84.95,8.547052919248921
No,No,No,40,Yes,Fiber optic,No,Yes,Yes,No,Yes,No,Month-to-month,Yes,Bank transfer (automatic),93.4,8.2314825078332
No,No,No,41,Yes,Fiber optic,No,Yes,No,No,Yes,No,Month-to-month,Yes,Electronic check,89.2,8.201591638966322
Yes,Yes,No,34,No,Fiber optic,No,No,Yes,No,Yes,No,Month-to-month,Yes,Credit card (automatic),85.2,7.963964462722332
No,No,No,1,No,DSL,No,Yes,No,No,No,No,Month-to-month,No,Electronic check,49.95,3.9308447596687337
No,No,No,51,No,No,No internet service,No internet service,No internet service,No internet service,No internet service,No internet service,Two year,No,Bank transfer (automatic),20.65,6.929272122444386
No,Yes,Yes,1,No,Fiber optic,No,No,No,No,No,No,Month-to-month,Yes,Mailed check,70.65,4.271793154274181
No,No,No,39,No,No,No internet service,No internet service,No internet service,No internet service,No internet service,No internet service,Two year,No,Mailed check,20.15,6.717804695023691
No,Yes,Yes,12,No,No,No internet service,No internet service,No internet service,No internet service,No internet service,No internet service,Month-to-month,Yes,Electronic check,19.2,5.480638923341991
No,No,No,12,No,DSL,No,No,No,Yes,Yes,No,One year,Yes,Electronic check,59.8,6.5913993459457485
No,No,No,72,Yes,Fiber optic,No,Yes,Yes,No,Yes,Yes,One year,Yes,Electronic check,104.95,8.928680131842896
Yes,Yes,No,63,Yes,Fiber optic,No,Yes,Yes,No,Yes,Yes,Month-to-month,Yes,Electronic check,103.5,8.776537515836264
No,Yes,No,44,Yes,Fiber optic,Yes,No,Yes,No,No,No,Month-to-month,Yes,Credit card (automatic),84.8,8.196257633110818
No,No,No,18,Yes,Fiber optic,No,No,Yes,Yes,No,Yes,Month-to-month,Yes,Bank transfer (automatic),95.05,7.426787139295227
No,No,No,9,No,DSL,No,No,No,No,No,No,Month-to-month,Yes,Bank transfer (automatic),44.2,6.0022808395418314
No,No,No,13,No,DSL,No,Yes,No,Yes,Yes,Yes,Month-to-month,No,Mailed check,73.35,6.837922769383456
No,Yes,No,68,No,DSL,No,Yes,No,Yes,Yes,No,Two year,No,Bank transfer (automatic),64.1,8.372687515306508
Yes,No,No,6,No phone service,DSL,No,No,No,No,Yes,Yes,Month-to-month,Yes,Electronic check,44.4,5.5761384791529425
No,No,No,2,No,No,No internet service,No internet service,No internet service,No internet service,No internet service,No internet service,Month-to-month,Yes,Mailed check,20.05,3.6951100038645723
Yes,Yes,No,55,Yes,DSL,Yes,Yes,No,No,No,No,One year,No,Credit card (automatic),60.0,8.106846186216465
Yes,No,No,1,Yes,Fiber optic,No,No,No,No,No,No,Month-to-month,Yes,Electronic check,75.75,4.340553386467307
No,No,No,38,No,Fiber optic,No,No,No,No,No,No,Month-to-month,Yes,Credit card (automatic),69.5,7.87331225215921
No,No,No,67,Yes,Fiber optic,Yes,Yes,Yes,No,Yes,No,Month-to-month,Yes,Credit card (automatic),102.95,8.837427155161741
No,No,No,19,No,Fiber optic,No,No,No,No,Yes,No,Month-to-month,Yes,Bank transfer (automatic),78.7,7.310617001220186
No,No,No,12,No phone service,DSL,No,Yes,Yes,Yes,Yes,Yes,One year,No,Electronic check,60.65,6.612444179365865
No,No,No,72,No,No,No internet service,No internet service,No internet service,No internet service,No internet service,No internet service,Two year,Yes,Bank transfer (automatic),21.15,7.258693801068933
No,Yes,Yes,24,Yes,DSL,Yes,No,Yes,Yes,Yes,Yes,One year,Yes,Mailed check,84.8,7.596643402621699
No,Yes,Yes,72,Yes,Fiber optic,No,Yes,Yes,No,Yes,Yes,One year,Yes,Credit card (automatic),103.2,8.904344962684448
No,Yes,Yes,11,No phone service,DSL,Yes,No,No,No,No,No,Month-to-month,Yes,Electronic check,29.6,5.8506207697603365
Yes,Yes,No,4,Yes,Fiber optic,No,No,No,No,No,No,Month-to-month,Yes,Mailed check,74.4,5.728800237631489
No,No,No,66,No,Fiber optic,Yes,No,Yes,Yes,Yes,Yes,Two year,Yes,Bank transfer (automatic),105.65,8.83134678107381
